TIMESTAMP,DATE,COIN,OPEN,HIGH,LOW,CLOSE
1310860800,17/07/2011,BTC-USD,13.71902131,13.74656002,13.02109,13.15937
1310947200,18/07/2011,BTC-USD,13.15937,13.8964109,12.51,13.46093645
1311033600,19/07/2011,BTC-USD,13.46093645,14.68239281,13.46093645,13.86017725
1311120000,20/07/2011,BTC-USD,13.86017725,13.999925,13.4009,13.71718772
1311206400,21/07/2011,BTC-USD,13.71718772,13.7795,13.43092748,13.60927736
1311292800,22/07/2011,BTC-USD,13.60927736,13.79414,13.47011,13.69542
1311379200,23/07/2011,BTC-USD,13.69542,13.74700003,13.51804534,13.68
1311465600,24/07/2011,BTC-USD,13.68,14.09749626,13.6225,13.98001
1311552000,25/07/2011,BTC-USD,13.98001,14.68184986,13.77229684,13.98542063
1311638400,26/07/2011,BTC-USD,13.98542063,14.05044,13.81707846,13.88214
1311724800,27/07/2011,BTC-USD,13.88214,14.11717138,13.85218285,13.89110361
1311811200,28/07/2011,BTC-USD,13.89110361,13.91998,13.31208879,13.49011
1311897600,29/07/2011,BTC-USD,13.49011,13.69373422,13.33042,13.49832
1311984000,30/07/2011,BTC-USD,13.49832,13.61062829,13.4505,13.53184984
1312070400,31/07/2011,BTC-USD,13.53184984,14.8999,12.834622,13.36967457
1312156800,01/08/2011,BTC-USD,13.36967457,13.55,12.86415133,13.09623594
1312243200,02/08/2011,BTC-USD,13.09623594,13.1,11.53605375,12.05
1312329600,03/08/2011,BTC-USD,12.05,12.05,8.769368954,9.260077135
1312416000,04/08/2011,BTC-USD,9.260077135,11.14997,9.260077135,10.75
1312502400,05/08/2011,BTC-USD,10.75,10.9667357,9.508992967,9.746791844
1312588800,06/08/2011,BTC-USD,9.746791844,9.936323799,5.88246982,6.523486466
1312675200,07/08/2011,BTC-USD,6.523486466,9.084290928,6.050693913,7.971460797
1312761600,08/08/2011,BTC-USD,7.971460797,8.085261376,7.18404602,7.855386527
1312848000,09/08/2011,BTC-USD,7.855386527,12.02535651,7.674168994,10.00514041
1312934400,10/08/2011,BTC-USD,10.00514041,10.40001,9.557139286,9.997698379
1313020800,11/08/2011,BTC-USD,9.997698379,10.40546619,8.488324989,9.462396193
1313107200,12/08/2011,BTC-USD,9.462396193,9.7499,8.945761315,9.46051
1313193600,13/08/2011,BTC-USD,9.46051,10.24341613,9.280088972,10.13055714
1313280000,14/08/2011,BTC-USD,10.13055714,11.18991,9.665008014,10.77350141
1313366400,15/08/2011,BTC-USD,10.77350141,11.87590755,10.73,11.14979
1313452800,16/08/2011,BTC-USD,11.14979,11.31996431,10.82394283,10.96409
1313539200,17/08/2011,BTC-USD,10.96409,11.09999664,10.67249039,10.94555
1313625600,18/08/2011,BTC-USD,10.94555,11.04828405,10.81,10.83105614
1313712000,19/08/2011,BTC-USD,10.83105614,11.7995217,10.83001,11.65
1313798400,20/08/2011,BTC-USD,11.65,11.68976601,11.40004745,11.45226022
1313884800,21/08/2011,BTC-USD,11.45226022,11.50999929,11.31099,11.33412692
1313971200,22/08/2011,BTC-USD,11.33412692,11.47748146,10.55114555,10.8945007
1314057600,23/08/2011,BTC-USD,10.8945007,11.28384435,10.81018034,10.94000183
1314144000,24/08/2011,BTC-USD,10.94000183,11.07641191,10.83090067,10.8506
1314230400,25/08/2011,BTC-USD,10.8506,10.88998616,9.11157561,9.821636087
1314403200,27/08/2011,BTC-USD,8.179347248,9.099293875,8.174006182,8.590200047
1314489600,28/08/2011,BTC-USD,8.590200047,9.479286343,8.467936678,9.070110004
1314576000,29/08/2011,BTC-USD,9.070110004,9.270227897,8.665013184,8.969
1314662400,30/08/2011,BTC-USD,8.969,8.986446248,8.550452461,8.811536349
1314748800,31/08/2011,BTC-USD,8.811536349,8.811536349,8.057398124,8.2036541
1314835200,01/09/2011,BTC-USD,8.2036541,8.359930578,8.103713623,8.21993899
1314921600,02/09/2011,BTC-USD,8.21993899,8.691876592,8.21993899,8.638661124
1315008000,03/09/2011,BTC-USD,8.638661124,8.679414785,8.363069611,8.479199596
1315094400,04/09/2011,BTC-USD,8.479199596,8.481076311,7.909831212,8.179463721
1315180800,05/09/2011,BTC-USD,8.179463721,8.181424855,7.277821264,7.649621872
1315267200,06/09/2011,BTC-USD,7.649621872,7.655425085,6.125007816,6.863467205
1315353600,07/09/2011,BTC-USD,6.863467205,7.505228129,6.618396914,7.186522584
1315440000,08/09/2011,BTC-USD,7.186522584,7.196992055,6.526702112,6.526702112
1315526400,09/09/2011,BTC-USD,6.526702112,6.526702112,4.260290722,5.031691294
1315612800,10/09/2011,BTC-USD,5.031691294,5.436745493,4.65075192,4.773901346
1315699200,11/09/2011,BTC-USD,4.773901346,7.088051714,4.538431337,4.895557224
1315785600,12/09/2011,BTC-USD,4.895557224,6.187760231,4.895557224,6.054303543
1315872000,13/09/2011,BTC-USD,6.054303543,6.084883297,5.701552896,5.800116893
1315958400,14/09/2011,BTC-USD,5.800116893,5.847565999,5.330032885,5.619319301
1316044800,15/09/2011,BTC-USD,5.619319301,5.62028843,4.453386752,4.826378009
1316131200,16/09/2011,BTC-USD,4.826378009,4.954923328,4.614579122,4.819996263
1316217600,17/09/2011,BTC-USD,4.819996263,4.926788604,4.703286341,4.770002564
1316304000,18/09/2011,BTC-USD,4.770002564,5.510612545,4.741393429,5.230200741
1316390400,19/09/2011,BTC-USD,5.230200741,5.624251185,4.899702937,5.460260393
1316476800,20/09/2011,BTC-USD,5.460260393,6.772001717,5.456001365,6.112165191
1316563200,21/09/2011,BTC-USD,6.112165191,6.226462124,5.067169745,5.652475968
1316649600,22/09/2011,BTC-USD,5.652475968,5.825583912,5.29821287,5.435759495
1316736000,23/09/2011,BTC-USD,5.435759495,5.69638943,5.428024302,5.550534076
1316822400,24/09/2011,BTC-USD,5.550534076,5.61565559,5.328398622,5.468289688
1316908800,25/09/2011,BTC-USD,5.468289688,5.488999481,5.323219158,5.330876404
1316995200,26/09/2011,BTC-USD,5.330876404,5.394984227,4.724681886,4.869552619
1317081600,27/09/2011,BTC-USD,4.869552619,5.132522362,4.806383516,4.91560524
1317168000,28/09/2011,BTC-USD,4.91560524,4.968463028,4.652672337,4.780525811
1317254400,29/09/2011,BTC-USD,4.780525811,4.795740887,4.678717475,4.788838815
1317340800,30/09/2011,BTC-USD,4.788838815,5.308178569,4.745791447,5.140630369
1317427200,01/10/2011,BTC-USD,5.140630369,5.24544291,4.880998402,5.032412613
1317513600,02/10/2011,BTC-USD,5.032412613,5.097841643,4.916373899,5.02701089
1317600000,03/10/2011,BTC-USD,5.02701089,5.030158512,4.890901487,5.024006281
1317686400,04/10/2011,BTC-USD,5.024006281,5.024996336,4.920008936,4.960005586
1317772800,05/10/2011,BTC-USD,4.960005586,4.996718334,4.838711696,4.870458202
1317859200,06/10/2011,BTC-USD,4.870458202,4.901088365,4.507120852,4.734632031
1317945600,07/10/2011,BTC-USD,4.734632031,4.789173677,3.798754244,4.272746508
1318032000,08/10/2011,BTC-USD,4.272746508,4.339873408,3.83537071,4.007527454
1318118400,09/10/2011,BTC-USD,4.007527454,4.369872899,4.005032052,4.102248067
1318204800,10/10/2011,BTC-USD,4.102248067,4.202491203,4.010545569,4.101192017
1318291200,11/10/2011,BTC-USD,4.101192017,4.10358954,3.853022611,3.951453017
1318377600,12/10/2011,BTC-USD,3.951453017,4.36955308,3.908328088,4.150000921
1318464000,13/10/2011,BTC-USD,4.150000921,4.194518205,4.005603609,4.046642923
1318550400,14/10/2011,BTC-USD,4.046642923,4.118409295,3.949524774,3.995044354
1318636800,15/10/2011,BTC-USD,3.995044354,4.053631022,3.733007117,3.842221322
1318723200,16/10/2011,BTC-USD,3.842221322,3.897399414,3.406246073,3.563968608
1318809600,17/10/2011,BTC-USD,3.563968608,3.731677316,2.322148941,2.564704429
1318896000,18/10/2011,BTC-USD,2.564704429,2.882133721,2.312263925,2.419010056
1318982400,19/10/2011,BTC-USD,2.419010056,2.531924738,2.058862145,2.269755034
1319068800,20/10/2011,BTC-USD,2.269755034,2.3915119,2.221241542,2.352178047
1319155200,21/10/2011,BTC-USD,2.352178047,2.709490904,2.349328166,2.569992086
1319241600,22/10/2011,BTC-USD,2.569992086,3.289195909,2.557580613,3.138968669
1319328000,23/10/2011,BTC-USD,3.138968669,3.203616592,2.968978581,3.160429607
1319414400,24/10/2011,BTC-USD,3.160429607,3.175118755,2.490349096,2.546280394
1319500800,25/10/2011,BTC-USD,2.546280394,3.003004011,2.445514067,2.763575445
1319587200,26/10/2011,BTC-USD,2.763575445,2.846027786,2.652107983,2.771939334
1319673600,27/10/2011,BTC-USD,2.771939334,3.08338882,2.765258257,3.040002863
1319760000,28/10/2011,BTC-USD,3.040002863,3.24684731,2.920356957,3.189994949
1319846400,29/10/2011,BTC-USD,3.189994949,3.788149169,3.145182301,3.582187255
1319932800,30/10/2011,BTC-USD,3.582187255,3.650199871,3.200620036,3.269974482
1320019200,31/10/2011,BTC-USD,3.269974482,3.314104931,3.066025306,3.247987601
1320105600,01/11/2011,BTC-USD,3.247987601,3.346290594,3.069221569,3.150512826
1320192000,02/11/2011,BTC-USD,3.150512826,3.398113407,3.150512826,3.254386848
1320278400,03/11/2011,BTC-USD,3.254386848,3.28098069,3.105050375,3.152819141
1320364800,04/11/2011,BTC-USD,3.152819141,3.211547876,3.013294757,3.109395759
1320451200,05/11/2011,BTC-USD,3.109395759,3.148415008,2.859043089,2.970666805
1320537600,06/11/2011,BTC-USD,2.970666805,2.999889473,2.922051469,2.959591285
1320624000,07/11/2011,BTC-USD,2.959591285,3.029921313,2.952359531,3.00663243
1320710400,08/11/2011,BTC-USD,3.00663243,3.193917399,3.004662438,3.038108189
1320796800,09/11/2011,BTC-USD,3.038108189,3.106566815,2.88737492,2.950236438
1320883200,10/11/2011,BTC-USD,2.950236438,2.967367297,2.806932685,2.853362245
1320969600,11/11/2011,BTC-USD,2.853362245,3.100837473,2.832821039,3.077983871
1321056000,12/11/2011,BTC-USD,3.077983871,3.098274575,3.007927971,3.030649561
1321142400,13/11/2011,BTC-USD,3.030649561,3.047620818,2.950396547,2.996156944
1321228800,14/11/2011,BTC-USD,2.996156944,2.996156944,2.10080687,2.205426084
1321315200,15/11/2011,BTC-USD,2.205426084,2.488494546,2.159339029,2.328960636
1321401600,16/11/2011,BTC-USD,2.328960636,2.597246213,2.302248199,2.559722907
1321488000,17/11/2011,BTC-USD,2.559722907,2.579894531,2.115848608,2.250466764
1321574400,18/11/2011,BTC-USD,2.250466764,2.324284744,2.002962506,2.050135283
1321660800,19/11/2011,BTC-USD,2.050135283,2.249776739,2.001710045,2.196853398
1321747200,20/11/2011,BTC-USD,2.196853398,2.454298145,2.152077081,2.200019088
1321833600,21/11/2011,BTC-USD,2.200019088,2.303768375,2.180707799,2.291422701
1321920000,22/11/2011,BTC-USD,2.291422701,2.344568786,2.251013074,2.329135109
1322006400,23/11/2011,BTC-USD,2.329135109,2.379947924,2.273004085,2.332081295
1322092800,24/11/2011,BTC-USD,2.332081295,2.546780954,2.305511366,2.432098413
1322179200,25/11/2011,BTC-USD,2.432098413,2.523260763,2.374463242,2.499448169
1322265600,26/11/2011,BTC-USD,2.499448169,2.531135394,2.411507501,2.470030094
1322352000,27/11/2011,BTC-USD,2.470030094,2.489994754,2.423505641,2.479663403
1322438400,28/11/2011,BTC-USD,2.479663403,2.549999043,2.445424731,2.549999043
1322524800,29/11/2011,BTC-USD,2.549999043,2.981079198,2.540291146,2.752415627
1322611200,30/11/2011,BTC-USD,2.752415627,3.088406469,2.735206773,2.970093547
1322697600,01/12/2011,BTC-USD,2.970093547,3.140106976,2.96393519,3.060075733
1322784000,02/12/2011,BTC-USD,3.060075733,3.137241704,3.045096103,3.112500718
1322870400,03/12/2011,BTC-USD,3.112500718,3.122351996,2.750877374,2.793999161
1322956800,04/12/2011,BTC-USD,2.793999161,2.877359211,2.611467658,2.828095074
1323043200,05/12/2011,BTC-USD,2.828095074,2.929714481,2.781667716,2.87980232
1323129600,06/12/2011,BTC-USD,2.87980232,3.049214345,2.870227571,3.031989624
1323216000,07/12/2011,BTC-USD,3.031989624,3.075666213,2.935735683,2.990397873
1323302400,08/12/2011,BTC-USD,2.990397873,3.007329726,2.888405902,2.980684941
1323388800,09/12/2011,BTC-USD,2.980684941,3.032935082,2.939068331,2.967887855
1323475200,10/12/2011,BTC-USD,2.967887855,3.129582114,2.938616286,3.053968178
1323561600,11/12/2011,BTC-USD,3.053968178,3.370369659,3.001996429,3.251434317
1323648000,12/12/2011,BTC-USD,3.251434317,3.289298212,3.089038626,3.139367949
1323734400,13/12/2011,BTC-USD,3.139367949,3.250235196,3.139367949,3.249900416
1323820800,14/12/2011,BTC-USD,3.249900416,3.249900416,3.000765094,3.149999222
1323907200,15/12/2011,BTC-USD,3.149999222,3.214441242,3.113702424,3.199844575
1323993600,16/12/2011,BTC-USD,3.199844575,3.2198479,3.150710025,3.199987207
1324080000,17/12/2011,BTC-USD,3.199987207,3.227720193,3.161800179,3.200094087
1324166400,18/12/2011,BTC-USD,3.200094087,3.219293475,3.176022714,3.192536971
1324252800,19/12/2011,BTC-USD,3.192536971,3.64973761,3.18987423,3.523378713
1324339200,20/12/2011,BTC-USD,3.523378713,4.491573662,3.483308737,3.938706013
1324425600,21/12/2011,BTC-USD,3.938706013,4.038211635,3.820744379,3.889194816
1324512000,22/12/2011,BTC-USD,3.889194816,3.97591707,3.535040424,3.903737042
1324598400,23/12/2011,BTC-USD,3.903737042,3.953496371,3.829873327,3.94744043
1324684800,24/12/2011,BTC-USD,3.94744043,3.968548931,3.870076916,3.940017917
1324771200,25/12/2011,BTC-USD,3.940017917,4.350554004,3.799296395,4.225707455
1324857600,26/12/2011,BTC-USD,4.225707455,4.3024904,3.901383375,4.01600746
1324944000,27/12/2011,BTC-USD,4.01600746,4.099788057,3.96372212,4.073509781
1325030400,28/12/2011,BTC-USD,4.073509781,4.250260542,4.031398607,4.185525552
1325116800,29/12/2011,BTC-USD,4.185525552,4.32514322,4.117011842,4.166260447
1325203200,30/12/2011,BTC-USD,4.166260447,4.291187963,4.073477864,4.251496736
1325289600,31/12/2011,BTC-USD,4.251496736,4.968296124,4.206532172,4.706476657
1325376000,01/01/2012,BTC-USD,4.706476657,5.490419539,4.615889763,5.271792598
1325462400,02/01/2012,BTC-USD,5.271792598,5.461666345,4.806309676,5.216779185
1325548800,03/01/2012,BTC-USD,5.216779185,5.289976527,4.673367008,4.880530925
1325635200,04/01/2012,BTC-USD,4.880530925,5.689994911,4.753409847,5.583515242
1325721600,05/01/2012,BTC-USD,5.583515242,7.153575531,5.571202962,6.933359672
1325808000,06/01/2012,BTC-USD,6.933359672,7.203186999,6.138298717,6.696448706
1325894400,07/01/2012,BTC-USD,6.696448706,6.997093936,6.38752264,6.808724736
1325980800,08/01/2012,BTC-USD,6.808724736,7.197937147,6.738886281,7.112487883
1326067200,09/01/2012,BTC-USD,7.112487883,7.130590032,5.974285047,6.325425
1326153600,10/01/2012,BTC-USD,6.325425,6.74540907,6.035749501,6.396081301
1326240000,11/01/2012,BTC-USD,6.396081301,7.085096416,6.396081301,6.899143303
1326326400,12/01/2012,BTC-USD,6.899143303,6.970721157,6.368358455,6.799987625
1326412800,13/01/2012,BTC-USD,6.799987625,6.799987625,6.40766134,6.410556311
1326499200,14/01/2012,BTC-USD,6.410556311,6.931112975,6.251541543,6.750188927
1326585600,15/01/2012,BTC-USD,6.750188927,7.079684704,6.750114441,7.004332796
1326672000,16/01/2012,BTC-USD,7.004332796,7.182737352,6.521014079,6.678472962
1326758400,17/01/2012,BTC-USD,6.678472962,6.946640725,4.748701792,5.578882228
1326844800,18/01/2012,BTC-USD,5.578882228,6.845602598,5.135354564,5.919514842
1326931200,19/01/2012,BTC-USD,5.919514842,6.361009444,5.87996874,6.361009444
1327017600,20/01/2012,BTC-USD,6.361009444,6.567859815,6.262678425,6.489874056
1327104000,21/01/2012,BTC-USD,6.489874056,6.547998939,6.111319381,6.180578502
1327190400,22/01/2012,BTC-USD,6.180578502,6.448136226,6.104770597,6.313023539
1327276800,23/01/2012,BTC-USD,6.313023539,6.389532259,6.22000711,6.35733043
1327363200,24/01/2012,BTC-USD,6.35733043,6.394963809,6.238709242,6.294558585
1327449600,25/01/2012,BTC-USD,6.294558585,6.324679343,5.539181231,5.775448009
1327536000,26/01/2012,BTC-USD,5.775448009,5.913906506,5.318256182,5.342642474
1327622400,27/01/2012,BTC-USD,5.342642474,5.500026413,5.06952432,5.290187106
1327708800,28/01/2012,BTC-USD,5.290187106,5.74826639,5.259608548,5.626673356
1327795200,29/01/2012,BTC-USD,5.626673356,5.679624138,5.344705273,5.381502719
1327881600,30/01/2012,BTC-USD,5.381502719,5.596725923,5.379363579,5.490309296
1327968000,31/01/2012,BTC-USD,5.490309296,5.648649896,5.430321527,5.489899086
1328054400,01/02/2012,BTC-USD,5.489899086,6.197405924,5.489899086,6.077409745
1328140800,02/02/2012,BTC-USD,6.077409745,6.192387033,5.829045693,6.101192694
1328227200,03/02/2012,BTC-USD,6.101192694,6.122091849,5.792975538,5.960333018
1328313600,04/02/2012,BTC-USD,5.960333018,5.976700331,5.854717507,5.873446794
1328400000,05/02/2012,BTC-USD,5.873446794,5.888276722,5.454515066,5.689107167
1328486400,06/02/2012,BTC-USD,5.689107167,5.720404036,5.4459669,5.458769729
1328572800,07/02/2012,BTC-USD,5.458769729,5.776458791,5.45138026,5.689544048
1328659200,08/02/2012,BTC-USD,5.689544048,5.8450619,5.343149499,5.60010163
1328745600,09/02/2012,BTC-USD,5.60010163,5.906734441,5.50852378,5.840418121
1328832000,10/02/2012,BTC-USD,5.840418121,5.986002944,5.80378363,5.921458208
1328918400,11/02/2012,BTC-USD,5.921458208,5.996581331,5.557523177,5.600883116
1329004800,12/02/2012,BTC-USD,5.600883116,5.797078569,5.440356651,5.517397694
1329091200,13/02/2012,BTC-USD,5.517397694,5.683903954,5.200004677,5.262902535
1329177600,14/02/2012,BTC-USD,5.262902535,5.417655428,4.216822126,4.464674317
1329264000,15/02/2012,BTC-USD,4.464674317,4.865140323,4.232156486,4.288820102
1329350400,16/02/2012,BTC-USD,4.288820102,4.406677346,3.900070701,4.268689474
1329436800,17/02/2012,BTC-USD,4.268689474,4.74635401,4.232191672,4.384931095
1329523200,18/02/2012,BTC-USD,4.384931095,4.497254563,4.126321741,4.226989243
1329609600,19/02/2012,BTC-USD,4.226989243,4.517540728,4.183099772,4.386692136
1329696000,20/02/2012,BTC-USD,4.386692136,4.469856049,4.300532376,4.368248264
1329782400,21/02/2012,BTC-USD,4.368248264,4.398964608,4.230507282,4.27878255
1329868800,22/02/2012,BTC-USD,4.27878255,4.544781904,4.27878255,4.428815098
1329955200,23/02/2012,BTC-USD,4.428815098,5.186972046,4.428366704,5.003767991
1330041600,24/02/2012,BTC-USD,5.003767991,5.100577999,4.826119479,5.027178281
1330128000,25/02/2012,BTC-USD,5.027178281,5.074537667,4.666423543,4.78826436
1330214400,26/02/2012,BTC-USD,4.78826436,5.080039592,4.773190902,4.922043265
1330300800,27/02/2012,BTC-USD,4.922043265,4.989721832,4.891195226,4.957509834
1330387200,28/02/2012,BTC-USD,4.957509834,5.003014902,4.752116249,4.867956141
1330473600,29/02/2012,BTC-USD,4.867956141,4.90473809,4.804284868,4.864704962
1330560000,01/03/2012,BTC-USD,4.864704962,4.987159084,4.863966747,4.923891802
1330646400,02/03/2012,BTC-USD,4.923891802,4.951906464,4.523233125,4.704989029
1330732800,03/03/2012,BTC-USD,4.704989029,4.773870392,4.580474486,4.614367106
1330819200,04/03/2012,BTC-USD,4.614367106,4.946290954,4.612005341,4.821333788
1330905600,05/03/2012,BTC-USD,4.821333788,5.043292843,4.821333788,4.984137292
1330992000,06/03/2012,BTC-USD,4.984137292,5.061226236,4.900717503,4.990767169
1331078400,07/03/2012,BTC-USD,4.990767169,5.048591442,4.840334921,4.977328216
1331164800,08/03/2012,BTC-USD,4.977328216,5.00087918,4.777328745,4.933212663
1331251200,09/03/2012,BTC-USD,4.933212663,4.951991576,4.830420126,4.865090399
1331337600,10/03/2012,BTC-USD,4.865090399,4.917022498,4.763133149,4.850963595
1331424000,11/03/2012,BTC-USD,4.850963595,4.984889169,4.811214464,4.909417629
1331510400,12/03/2012,BTC-USD,4.909417629,4.945356316,4.85920409,4.890043223
1331596800,13/03/2012,BTC-USD,4.890043223,5.393008758,4.866878147,5.269432109
1331683200,14/03/2012,BTC-USD,5.269432109,5.447827019,5.255083067,5.384635745
1331769600,15/03/2012,BTC-USD,5.384635745,5.437376538,5.256337898,5.326569728
1331856000,16/03/2012,BTC-USD,5.326569728,5.405624433,5.300627988,5.353450014
1331942400,17/03/2012,BTC-USD,5.353450014,5.400639593,5.216563524,5.217416789
1332028800,18/03/2012,BTC-USD,5.217416789,5.336644814,5.21302392,5.279432957
1332115200,19/03/2012,BTC-USD,5.279432957,5.315651995,4.514592976,4.697026575
1332201600,20/03/2012,BTC-USD,4.697026575,4.900928831,4.615813769,4.837906449
1332288000,21/03/2012,BTC-USD,4.837906449,4.867284624,4.758351609,4.818061012
1332374400,22/03/2012,BTC-USD,4.818061012,4.878894967,4.611620383,4.704306762
1332460800,23/03/2012,BTC-USD,4.704306762,4.779545295,4.615711754,4.691397329
1332547200,24/03/2012,BTC-USD,4.691397329,4.722444451,4.603439314,4.655145181
1332633600,25/03/2012,BTC-USD,4.655145181,4.689183521,4.315008886,4.550011715
1332720000,26/03/2012,BTC-USD,4.550011715,4.727580483,4.520898645,4.622751011
1332806400,27/03/2012,BTC-USD,4.622751011,4.845154794,4.534431772,4.81500632
1332892800,28/03/2012,BTC-USD,4.81500632,4.839195048,4.746794246,4.788678947
1332979200,29/03/2012,BTC-USD,4.788678947,4.819769045,4.714257491,4.808216054
1333065600,30/03/2012,BTC-USD,4.808216054,4.878445803,4.717689716,4.858456615
1333152000,31/03/2012,BTC-USD,4.858456615,4.948876925,4.828228308,4.908732564
1333238400,01/04/2012,BTC-USD,4.908732564,4.915359201,4.734832004,4.822854385
1333324800,02/04/2012,BTC-USD,4.822854385,5.058298638,4.760384062,4.974002792
1333411200,03/04/2012,BTC-USD,4.974002792,4.987531696,4.818207648,4.952128097
1333497600,04/04/2012,BTC-USD,4.952128097,4.971939213,4.896992669,4.918262656
1333584000,05/04/2012,BTC-USD,4.918262656,4.937771028,4.879165727,4.918994615
1333670400,06/04/2012,BTC-USD,4.918994615,4.979724998,4.881962063,4.946672665
1333756800,07/04/2012,BTC-USD,4.946672665,4.954803362,4.690254592,4.691461312
1333843200,08/04/2012,BTC-USD,4.691461312,4.799388428,4.625000019,4.792524383
1333929600,09/04/2012,BTC-USD,4.792524383,4.879055336,4.732389461,4.871909193
1334016000,10/04/2012,BTC-USD,4.871909193,4.900164053,4.764029155,4.825519975
1334102400,11/04/2012,BTC-USD,4.825519975,4.978615171,4.801628822,4.927785485
1334188800,12/04/2012,BTC-USD,4.927785485,4.946853047,4.843765401,4.919694304
1334275200,13/04/2012,BTC-USD,4.919694304,4.944463499,4.739958884,4.936289364
1334361600,14/04/2012,BTC-USD,4.936289364,5.027812307,4.921588251,4.959704452
1334448000,15/04/2012,BTC-USD,4.959704452,4.98004223,4.863201638,4.968919101
1334534400,16/04/2012,BTC-USD,4.968919101,4.978797887,4.90798298,4.932011589
1334620800,17/04/2012,BTC-USD,4.932011589,5.002871044,4.926391053,4.984994558
1334707200,18/04/2012,BTC-USD,4.984994558,5.174464779,4.984994558,5.121308129
1334793600,19/04/2012,BTC-USD,5.121308129,5.202176457,5.104267359,5.144779382
1334880000,20/04/2012,BTC-USD,5.144779382,5.445953736,5.107012743,5.350090388
1334966400,21/04/2012,BTC-USD,5.350090388,5.432901297,5.118271068,5.260143195
1335052800,22/04/2012,BTC-USD,5.260143195,5.321446965,5.115782474,5.203526034
1335139200,23/04/2012,BTC-USD,5.203526034,5.215990057,4.965825148,4.965825148
1335225600,24/04/2012,BTC-USD,4.965825148,5.180867138,4.965825148,5.103942653
1335312000,25/04/2012,BTC-USD,5.103942653,5.187642571,5.050461989,5.134534639
1335398400,26/04/2012,BTC-USD,5.134534639,5.182678637,5.0044295,5.100055931
1335484800,27/04/2012,BTC-USD,5.100055931,5.134910991,5.040372762,5.109618002
1335571200,28/04/2012,BTC-USD,5.109618002,5.130045792,4.862255419,4.979405952
1335657600,29/04/2012,BTC-USD,4.979405952,5.00366299,4.880005363,4.902874536
1335744000,30/04/2012,BTC-USD,4.902874536,5.002530761,4.873131069,4.949103052
1335830400,01/05/2012,BTC-USD,4.949103052,5.009937377,4.917137377,5.008419202
1335916800,02/05/2012,BTC-USD,5.008419202,5.175597203,5.002524683,5.073428981
1336003200,03/05/2012,BTC-USD,5.073428981,5.168990125,5.020000622,5.145100106
1336089600,04/05/2012,BTC-USD,5.145100106,5.154588587,5.071452934,5.071452934
1336176000,05/05/2012,BTC-USD,5.071452934,5.125233064,5.033333468,5.078858584
1336262400,06/05/2012,BTC-USD,5.078858584,5.100814564,5.013960923,5.054810476
1336348800,07/05/2012,BTC-USD,5.054810476,5.098324747,4.976554769,5.084064163
1336435200,08/05/2012,BTC-USD,5.084064163,5.099962012,4.970351668,5.050021505
1336521600,09/05/2012,BTC-USD,5.050021505,5.092127915,5.004796811,5.048017325
1336608000,10/05/2012,BTC-USD,5.048017325,5.107733258,4.822203764,4.826163097
1336694400,11/05/2012,BTC-USD,4.826163097,5.001058172,4.826163097,4.963700567
1336780800,12/05/2012,BTC-USD,4.963700567,5.00311374,4.916072953,4.946209109
1336867200,13/05/2012,BTC-USD,4.946209109,5.002191387,4.923994759,4.929970589
1336953600,14/05/2012,BTC-USD,4.929970589,5.035988067,4.902544511,5.00594371
1337040000,15/05/2012,BTC-USD,5.00594371,5.047620049,4.958242685,5.03540925
1337126400,16/05/2012,BTC-USD,5.03540925,5.133039791,5.007197075,5.087306105
1337212800,17/05/2012,BTC-USD,5.087306105,5.101306855,5.051216038,5.099798998
1337299200,18/05/2012,BTC-USD,5.099798998,5.134090699,5.062032139,5.119561358
1337385600,19/05/2012,BTC-USD,5.119561358,5.158004987,5.07405032,5.09950312
1337472000,20/05/2012,BTC-USD,5.09950312,5.145512517,5.087022479,5.09001706
1337558400,21/05/2012,BTC-USD,5.09001706,5.13205222,5.063632172,5.099892354
1337644800,22/05/2012,BTC-USD,5.099892354,5.117509965,5.054559507,5.104050013
1337731200,23/05/2012,BTC-USD,5.104050013,5.158602762,5.072980292,5.138809269
1337817600,24/05/2012,BTC-USD,5.138809269,5.153439141,5.085866513,5.119022707
1337904000,25/05/2012,BTC-USD,5.119022707,5.15354791,5.107231053,5.145458283
1337990400,26/05/2012,BTC-USD,5.145458283,5.149490446,5.099372679,5.103074287
1338076800,27/05/2012,BTC-USD,5.103074287,5.147347334,5.099948779,5.14075429
1338163200,28/05/2012,BTC-USD,5.14075429,5.16477282,5.105430177,5.135552908
1338249600,29/05/2012,BTC-USD,5.135552908,5.166391238,5.019902791,5.155395228
1338336000,30/05/2012,BTC-USD,5.155395228,5.179084821,5.106459347,5.140961708
1338422400,31/05/2012,BTC-USD,5.140961708,5.196561181,5.110681394,5.179071202
1338508800,01/06/2012,BTC-USD,5.179071202,5.277647733,5.179071202,5.272432293
1338595200,02/06/2012,BTC-USD,5.272432293,5.272432293,5.206454174,5.246954659
1338681600,03/06/2012,BTC-USD,5.246954659,5.262237758,5.205135849,5.205135849
1338768000,04/06/2012,BTC-USD,5.205135849,5.305940044,5.189198596,5.263184725
1338854400,05/06/2012,BTC-USD,5.263184725,5.499395385,5.258854449,5.439685594
1338940800,06/06/2012,BTC-USD,5.439685594,5.490909812,5.394941796,5.463127149
1339027200,07/06/2012,BTC-USD,5.463127149,5.602032665,5.411906322,5.592024832
1339113600,08/06/2012,BTC-USD,5.592024832,5.667735338,5.560029363,5.632995484
1339200000,09/06/2012,BTC-USD,5.632995484,5.671226606,5.499540555,5.561995905
1339286400,10/06/2012,BTC-USD,5.561995905,5.585602455,5.431153571,5.46868259
1339372800,11/06/2012,BTC-USD,5.46868259,5.601155287,5.439313692,5.574992127
1339459200,12/06/2012,BTC-USD,5.574992127,5.7464663,5.500178262,5.70042864
1339545600,13/06/2012,BTC-USD,5.70042864,5.964036049,5.665209232,5.934838195
1339632000,14/06/2012,BTC-USD,5.934838195,5.98539335,5.836868416,5.967958309
1339718400,15/06/2012,BTC-USD,5.967958309,6.571782658,5.883305433,6.531264988
1339804800,16/06/2012,BTC-USD,6.531264988,6.596980995,6.271340446,6.402057506
1339891200,17/06/2012,BTC-USD,6.402057506,6.524913296,6.127868608,6.216658352
1339977600,18/06/2012,BTC-USD,6.216658352,6.366569906,6.034628162,6.309708374
1340064000,19/06/2012,BTC-USD,6.309708374,6.537944037,6.284345163,6.475620436
1340150400,20/06/2012,BTC-USD,6.475620436,6.716849238,6.450024043,6.713400123
1340236800,21/06/2012,BTC-USD,6.713400123,6.801132391,6.612505738,6.682116652
1340323200,22/06/2012,BTC-USD,6.682116652,6.711349802,6.440040203,6.553775786
1340409600,23/06/2012,BTC-USD,6.553775786,6.646809861,6.400026196,6.452636405
1340496000,24/06/2012,BTC-USD,6.452636405,6.479780238,6.349905982,6.352125988
1340582400,25/06/2012,BTC-USD,6.352125988,6.437841075,6.220638427,6.306928085
1340668800,26/06/2012,BTC-USD,6.306928085,6.47313697,6.287240323,6.420530362
1340755200,27/06/2012,BTC-USD,6.420530362,6.650917828,6.400012725,6.631270304
1340841600,28/06/2012,BTC-USD,6.631270304,6.666417013,6.509719715,6.605882095
1340928000,29/06/2012,BTC-USD,6.605882095,6.716288223,6.563091054,6.637773395
1341014400,30/06/2012,BTC-USD,6.637773395,6.719337217,6.612057848,6.701477019
1341100800,01/07/2012,BTC-USD,6.701477019,6.71084354,6.535971386,6.64009975
1341187200,02/07/2012,BTC-USD,6.64009975,6.776222194,6.587047898,6.759988211
1341273600,03/07/2012,BTC-USD,6.759988211,6.76646196,6.428005769,6.457938057
1341360000,04/07/2012,BTC-USD,6.457938057,6.565088847,6.450019486,6.525544809
1341446400,05/07/2012,BTC-USD,6.525544809,6.741697448,6.484326226,6.663828281
1341532800,06/07/2012,BTC-USD,6.663828281,6.723484466,6.552427945,6.651206965
1341619200,07/07/2012,BTC-USD,6.651206965,6.87258019,6.631158353,6.774239069
1341705600,08/07/2012,BTC-USD,6.774239069,6.858129325,6.723520066,6.805784791
1341792000,09/07/2012,BTC-USD,6.805784791,7.098149177,6.763412221,7.023186388
1341878400,10/07/2012,BTC-USD,7.023186388,7.260528633,6.987427942,7.205657096
1341964800,11/07/2012,BTC-USD,7.205657096,7.259604767,7.034465321,7.150134579
1342051200,12/07/2012,BTC-USD,7.150134579,7.754762816,7.109301235,7.676120172
1342137600,13/07/2012,BTC-USD,7.676120172,7.812257359,7.501647014,7.673201466
1342224000,14/07/2012,BTC-USD,7.673201466,7.682845226,7.524623739,7.584641175
1342310400,15/07/2012,BTC-USD,7.584641175,7.699406964,7.450037205,7.621013209
1342396800,16/07/2012,BTC-USD,7.621013209,8.628783736,7.617810455,8.464164241
1342483200,17/07/2012,BTC-USD,8.464164241,9.38462728,7.465655149,8.830272017
1342569600,18/07/2012,BTC-USD,8.830272017,9.378835588,8.572445242,9.096243216
1342656000,19/07/2012,BTC-USD,9.096243216,9.221291731,8.823461257,8.8669931
1342742400,20/07/2012,BTC-USD,8.8669931,8.8669931,7.646656301,8.572175128
1342828800,21/07/2012,BTC-USD,8.572175128,9.452752426,8.00566888,8.845757944
1342915200,22/07/2012,BTC-USD,8.845757944,8.959491277,8.400060797,8.420371986
1343001600,23/07/2012,BTC-USD,8.420371986,9.08483493,7.796698043,8.452124235
1343088000,24/07/2012,BTC-USD,8.452124235,8.806549062,8.377233691,8.593633158
1343174400,25/07/2012,BTC-USD,8.593633158,8.868529,8.399659034,8.802861202
1343260800,26/07/2012,BTC-USD,8.802861202,8.930518006,8.605341741,8.912463705
1343347200,27/07/2012,BTC-USD,8.912463705,8.969162204,8.827246636,8.910819372
1343433600,28/07/2012,BTC-USD,8.910819372,8.943881453,8.770407742,8.803714751
1343520000,29/07/2012,BTC-USD,8.803714751,8.905320692,8.707469097,8.707469097
1343606400,30/07/2012,BTC-USD,8.707469097,9.108334715,8.69745993,9.088361466
1343692800,31/07/2012,BTC-USD,9.088361466,9.425467047,9.058098637,9.34287896
1343779200,01/08/2012,BTC-USD,9.34287896,9.643537572,9.179012122,9.544694908
1343865600,02/08/2012,BTC-USD,9.544694908,10.84426119,9.419507325,10.53523581
1343952000,03/08/2012,BTC-USD,10.53523581,11.12216575,10.35694368,10.97791997
1344038400,04/08/2012,BTC-USD,10.97791997,11.29123278,10.53161886,10.86149279
1344124800,05/08/2012,BTC-USD,10.86149279,11.22700789,10.24714492,10.88188535
1344211200,06/08/2012,BTC-USD,10.88188535,11.11179661,10.6554632,10.86460558
1344297600,07/08/2012,BTC-USD,10.86460558,11.10000289,10.68994087,11.10000272
1344384000,08/08/2012,BTC-USD,11.10000272,11.12227185,10.89123737,11.07273932
1344470400,09/08/2012,BTC-USD,11.07273932,11.91204709,10.84813247,11.16825928
1344556800,10/08/2012,BTC-USD,11.16825928,11.59646913,11.02682788,11.38639443
1344643200,11/08/2012,BTC-USD,11.38639443,11.58079591,11.38639443,11.51099706
1344729600,12/08/2012,BTC-USD,11.51099706,11.75055571,11.47993345,11.62394703
1344816000,13/08/2012,BTC-USD,11.62394703,12.04792201,11.53959741,12.00848453
1344902400,14/08/2012,BTC-USD,12.00848453,12.31998744,11.90021556,12.17382611
1344988800,15/08/2012,BTC-USD,12.17382611,13.24992401,12.17296094,13.24752916
1345075200,16/08/2012,BTC-USD,13.24752916,13.50901143,12.69093437,13.50587885
1345161600,17/08/2012,BTC-USD,13.50587885,15.36756429,10.68465579,11.66106898
1345248000,18/08/2012,BTC-USD,11.66106898,12.82397902,11.03148465,11.61264478
1345334400,19/08/2012,BTC-USD,11.61264478,11.62491684,7.623325402,7.888430469
1345420800,20/08/2012,BTC-USD,7.888430469,10.46385005,7.888430469,10.0896316
1345507200,21/08/2012,BTC-USD,10.0896316,10.29948062,9.736647876,9.956501065
1345593600,22/08/2012,BTC-USD,9.956501065,10.11908038,9.68096607,9.82052601
1345680000,23/08/2012,BTC-USD,9.82052601,10.23249904,9.774158235,10.12637128
1345766400,24/08/2012,BTC-USD,10.12637128,10.61467678,9.881563871,10.59945178
1345852800,25/08/2012,BTC-USD,10.59945178,10.62510144,10.21135318,10.59169414
1345939200,26/08/2012,BTC-USD,10.59169414,10.63530265,10.45740711,10.61636769
1346025600,27/08/2012,BTC-USD,10.61636769,12.1287877,10.55007265,10.94619139
1346112000,28/08/2012,BTC-USD,10.94619139,11.20855361,10.53262588,10.9400087
1346198400,29/08/2012,BTC-USD,10.9400087,11.12913225,10.60287205,10.93337937
1346284800,30/08/2012,BTC-USD,10.93337937,10.94113268,10.641748,10.78728448
1346371200,31/08/2012,BTC-USD,10.78728448,10.8691531,9.669417313,10.16041832
1346457600,01/09/2012,BTC-USD,10.16041832,10.27626223,9.801569688,9.965476564
1346544000,02/09/2012,BTC-USD,9.965476564,10.38068691,9.769252815,10.2204285
1346630400,03/09/2012,BTC-USD,10.2204285,10.59248762,10.10737021,10.53001093
1346716800,04/09/2012,BTC-USD,10.53001093,10.53849118,10.17796087,10.41031258
1346803200,05/09/2012,BTC-USD,10.41031258,11.13061625,10.28295567,11.00091758
1346889600,06/09/2012,BTC-USD,11.00091758,11.26770618,10.70587527,11.17984002
1346976000,07/09/2012,BTC-USD,11.17984002,11.21363115,10.9593596,11.0171509
1347062400,08/09/2012,BTC-USD,11.0171509,11.14450967,10.78707364,11.04060539
1347148800,09/09/2012,BTC-USD,11.04060539,11.15038978,10.94112856,11.03386151
1347235200,10/09/2012,BTC-USD,11.03386151,11.19063221,10.89013443,11.16893075
1347321600,11/09/2012,BTC-USD,11.16893075,11.34956329,10.93672921,11.31023438
1347408000,12/09/2012,BTC-USD,11.31023438,11.38747877,10.86179896,11.36487864
1347494400,13/09/2012,BTC-USD,11.36487864,11.44252664,11.2308039,11.40763968
1347580800,14/09/2012,BTC-USD,11.40763968,11.80043222,11.32876181,11.75477322
1347667200,15/09/2012,BTC-USD,11.75477322,11.7939966,11.60610721,11.75633243
1347753600,16/09/2012,BTC-USD,11.75633243,11.98985595,11.73152376,11.933343
1347840000,17/09/2012,BTC-USD,11.933343,11.95760112,11.80718157,11.87431455
1347926400,18/09/2012,BTC-USD,11.87431455,12.34217955,11.83374126,12.33601791
1348012800,19/09/2012,BTC-USD,12.33601791,12.66214574,12.16663462,12.54165589
1348099200,20/09/2012,BTC-USD,12.54165589,12.64732359,12.26922729,12.29276041
1348185600,21/09/2012,BTC-USD,12.29276041,12.51085823,12.05666588,12.36781646
1348272000,22/09/2012,BTC-USD,12.36781646,12.39947621,12.14451683,12.21329537
1348358400,23/09/2012,BTC-USD,12.21329537,12.26883534,11.69031425,12.16534711
1348444800,24/09/2012,BTC-USD,12.16534711,12.28156904,11.98649624,12.09331009
1348531200,25/09/2012,BTC-USD,12.09331009,12.19885066,12.00606189,12.08845222
1348617600,26/09/2012,BTC-USD,12.08845222,12.44169647,12.02917193,12.26999029
1348704000,27/09/2012,BTC-USD,12.26999029,12.39325292,12.21251191,12.30890171
1348790400,28/09/2012,BTC-USD,12.30890171,12.44961662,12.13375789,12.38792002
1348876800,29/09/2012,BTC-USD,12.38792002,12.48848475,12.21926829,12.36309852
1348963200,30/09/2012,BTC-USD,12.36309852,12.44282478,12.30034966,12.38775261
1349049600,01/10/2012,BTC-USD,12.38775261,12.47034934,12.29538234,12.3963781
1349136000,02/10/2012,BTC-USD,12.3963781,12.85855056,12.3426559,12.83347059
1349222400,03/10/2012,BTC-USD,12.83347059,12.97716031,12.6734955,12.8571831
1349308800,04/10/2012,BTC-USD,12.8571831,13.07932814,12.64019256,12.84999551
1349395200,05/10/2012,BTC-USD,12.84999551,12.95784364,12.5204515,12.69066042
1349481600,06/10/2012,BTC-USD,12.69066042,12.85410792,12.38253949,12.50542901
1349568000,07/10/2012,BTC-USD,12.50542901,12.61299873,11.72234953,11.80883622
1349654400,08/10/2012,BTC-USD,11.80883622,11.95255863,10.6517045,11.77509706
1349740800,09/10/2012,BTC-USD,11.77509706,12.2847304,11.69606018,11.89018499
1349827200,10/10/2012,BTC-USD,11.89018499,12.18726097,11.78101897,12.11967424
1349913600,11/10/2012,BTC-USD,12.11967424,12.15099644,11.88987686,12.03237252
1350000000,12/10/2012,BTC-USD,12.03237252,12.14814491,11.93426216,11.99096746
1350086400,13/10/2012,BTC-USD,11.99096746,12.10610113,11.85045033,11.86075906
1350172800,14/10/2012,BTC-USD,11.86075906,12.02567207,11.51920504,11.75033396
1350259200,15/10/2012,BTC-USD,11.75033396,11.96986748,11.45771214,11.86085318
1350345600,16/10/2012,BTC-USD,11.86085318,11.99943202,11.62958895,11.85123284
1350432000,17/10/2012,BTC-USD,11.85123284,11.9626399,11.72640374,11.8524925
1350518400,18/10/2012,BTC-USD,11.8524925,11.96077072,11.80427688,11.94340866
1350604800,19/10/2012,BTC-USD,11.94340866,11.94340866,11.62700256,11.74661804
1350691200,20/10/2012,BTC-USD,11.74661804,11.83324154,11.56868523,11.7405958
1350777600,21/10/2012,BTC-USD,11.7405958,11.76980296,11.60725418,11.70884259
1350864000,22/10/2012,BTC-USD,11.70884259,11.80512824,11.50970013,11.77399912
1350950400,23/10/2012,BTC-USD,11.77399912,11.95582367,11.42535031,11.67374754
1351036800,24/10/2012,BTC-USD,11.67374754,11.77420811,11.57714169,11.65127378
1351123200,25/10/2012,BTC-USD,11.65127378,11.70001384,10.52197486,10.84055508
1351209600,26/10/2012,BTC-USD,10.84055508,10.95150794,9.803578138,10.17039897
1351296000,27/10/2012,BTC-USD,10.17039897,10.78725766,9.857807517,10.30820393
1351382400,28/10/2012,BTC-USD,10.30820393,10.89535977,10.26558841,10.70482106
1351468800,29/10/2012,BTC-USD,10.70482106,10.8886014,10.40810522,10.59657982
1351555200,30/10/2012,BTC-USD,10.59657982,10.88799298,10.58788315,10.88767429
1351641600,31/10/2012,BTC-USD,10.88767429,11.20642575,10.79729754,11.19816817
1351728000,01/11/2012,BTC-USD,11.19816817,11.25729701,10.43971393,10.57929501
1351814400,02/11/2012,BTC-USD,10.57929501,10.7999832,10.33354961,10.41739559
1351900800,03/11/2012,BTC-USD,10.41739559,10.64944938,10.40109592,10.64200902
1351987200,04/11/2012,BTC-USD,10.64200902,10.86994384,10.51662831,10.79919963
1352073600,05/11/2012,BTC-USD,10.79919963,10.86757942,10.62289564,10.74014277
1352160000,06/11/2012,BTC-USD,10.74014277,10.90764599,10.66674345,10.88387172
1352246400,07/11/2012,BTC-USD,10.88387172,11.11643695,10.80571585,10.93771018
1352332800,08/11/2012,BTC-USD,10.93771018,11.06674998,10.79821708,10.9242796
1352419200,09/11/2012,BTC-USD,10.9242796,10.97874061,10.79054251,10.81042042
1352505600,10/11/2012,BTC-USD,10.81042042,10.94722855,10.75001617,10.834786
1352592000,11/11/2012,BTC-USD,10.834786,10.93898313,10.70055123,10.86593315
1352678400,12/11/2012,BTC-USD,10.86593315,11.12508727,10.78414438,11.01714736
1352764800,13/11/2012,BTC-USD,11.01714736,11.12081968,10.92837077,11.00531054
1352851200,14/11/2012,BTC-USD,11.00531054,11.0426602,10.85633414,10.96287902
1352937600,15/11/2012,BTC-USD,10.96287902,11.27086545,10.88460934,11.19597103
1353024000,16/11/2012,BTC-USD,11.19597103,11.77933648,11.16958752,11.74574757
1353110400,17/11/2012,BTC-USD,11.74574757,11.78586536,11.52102578,11.78475774
1353196800,18/11/2012,BTC-USD,11.78475774,11.83003726,11.60338555,11.639948
1353283200,19/11/2012,BTC-USD,11.639948,11.81237899,11.58510201,11.76018296
1353369600,20/11/2012,BTC-USD,11.76018296,11.78456883,11.61718239,11.70559084
1353456000,21/11/2012,BTC-USD,11.70559084,11.78058197,11.65134968,11.74814567
1353542400,22/11/2012,BTC-USD,11.74814567,12.40184312,11.68769144,12.30302284
1353628800,23/11/2012,BTC-USD,12.30302284,12.39656903,12.12881628,12.34500587
1353715200,24/11/2012,BTC-USD,12.34500587,12.47556792,12.24584176,12.41157361
1353801600,25/11/2012,BTC-USD,12.41157361,12.59240927,12.31239616,12.54510585
1353888000,26/11/2012,BTC-USD,12.54510585,12.68365093,12.08704188,12.12998609
1353974400,27/11/2012,BTC-USD,12.12998609,12.33335261,11.90333252,12.18934806
1354060800,28/11/2012,BTC-USD,12.18934806,12.38258398,12.11193148,12.34589502
1354147200,29/11/2012,BTC-USD,12.34589502,12.61685233,12.16100185,12.45515258
1354233600,30/11/2012,BTC-USD,12.45515258,12.65251334,12.42428442,12.57068531
1354320000,01/12/2012,BTC-USD,12.57068531,12.6837545,12.46793941,12.66697006
1354406400,02/12/2012,BTC-USD,12.66697006,12.69046759,12.44656116,12.50002719
1354492800,03/12/2012,BTC-USD,12.50002719,12.6774422,12.47911548,12.6774422
1354579200,04/12/2012,BTC-USD,12.6774422,13.46330431,12.62857903,13.3772557
1354665600,05/12/2012,BTC-USD,13.3772557,13.42373921,13.15871014,13.36503919
1354752000,06/12/2012,BTC-USD,13.36503919,13.67941968,12.99446889,13.25467602
1354838400,07/12/2012,BTC-USD,13.25467602,13.5766028,12.99277346,13.42932749
1354924800,08/12/2012,BTC-USD,13.42932749,13.55197884,13.36714277,13.4306843
1355011200,09/12/2012,BTC-USD,13.4306843,13.5265897,13.03603981,13.39962299
1355097600,10/12/2012,BTC-USD,13.39962299,13.55816305,13.28008289,13.44458237
1355184000,11/12/2012,BTC-USD,13.44458237,13.67857389,13.34449964,13.67857389
1355270400,12/12/2012,BTC-USD,13.67857389,13.81725289,13.37535495,13.70658079
1355356800,13/12/2012,BTC-USD,13.70658079,13.85506766,13.49521815,13.73950338
1355443200,14/12/2012,BTC-USD,13.73950338,13.89253894,13.07771162,13.62484392
1355529600,15/12/2012,BTC-USD,13.62484392,13.66922796,13.45111538,13.55884834
1355616000,16/12/2012,BTC-USD,13.55884834,13.67096037,13.16750219,13.3694021
1355702400,17/12/2012,BTC-USD,13.3694021,13.4953537,12.78408494,13.26533513
1355788800,18/12/2012,BTC-USD,13.26533513,13.39855453,13.11005958,13.29476993
1355875200,19/12/2012,BTC-USD,13.29476993,13.61064993,13.22478272,13.61064993
1355961600,20/12/2012,BTC-USD,13.61064993,13.67237726,13.34916203,13.57102772
1356048000,21/12/2012,BTC-USD,13.57102772,13.6205935,13.4305882,13.5160874
1356134400,22/12/2012,BTC-USD,13.5160874,13.59371071,13.33013652,13.48445622
1356220800,23/12/2012,BTC-USD,13.48445622,13.48782208,13.06720014,13.33279156
1356307200,24/12/2012,BTC-USD,13.33279156,13.454167,13.22342598,13.42991418
1356393600,25/12/2012,BTC-USD,13.42991418,13.44783184,13.20859686,13.44783184
1356480000,26/12/2012,BTC-USD,13.44783184,13.47439353,13.20948466,13.47119015
1356566400,27/12/2012,BTC-USD,13.47119015,13.47478065,13.27354849,13.43176895
1356652800,28/12/2012,BTC-USD,13.43176895,13.60223058,13.35396876,13.51020686
1356739200,29/12/2012,BTC-USD,13.51020686,13.65670172,13.30031991,13.40862175
1356825600,30/12/2012,BTC-USD,13.40862175,13.64437606,13.34911043,13.47792229
1356912000,31/12/2012,BTC-USD,13.47792229,13.56098252,13.37612013,13.55997284
1356998400,01/01/2013,BTC-USD,13.55997284,13.56019666,13.16431439,13.35563947
1357084800,02/01/2013,BTC-USD,13.35563947,13.42324867,13.23991236,13.294495
1357171200,03/01/2013,BTC-USD,13.294495,13.45626111,13.2681301,13.42545132
1357257600,04/01/2013,BTC-USD,13.42545132,13.52350111,13.27309766,13.5165441
1357344000,05/01/2013,BTC-USD,13.5165441,13.54280614,13.30028849,13.44250288
1357430400,06/01/2013,BTC-USD,13.44250288,13.52873065,13.35363071,13.51829594
1357516800,07/01/2013,BTC-USD,13.51829594,13.59461465,13.40402886,13.58790107
1357603200,08/01/2013,BTC-USD,13.58790107,13.89790474,13.54911825,13.80594506
1357689600,09/01/2013,BTC-USD,13.80594506,13.87822154,13.64374543,13.85181095
1357776000,10/01/2013,BTC-USD,13.85181095,14.33273607,13.80691065,14.14036924
1357862400,11/01/2013,BTC-USD,14.14036924,14.38804136,13.99250621,14.27438144
1357948800,12/01/2013,BTC-USD,14.27438144,14.32897676,14.0419931,14.25561209
1358035200,13/01/2013,BTC-USD,14.25561209,14.31855254,13.97982167,14.18964322
1358121600,14/01/2013,BTC-USD,14.18964322,14.35407012,14.11251831,14.34135308
1358208000,15/01/2013,BTC-USD,14.34135308,14.42771323,14.05482553,14.3547112
1358294400,16/01/2013,BTC-USD,14.3547112,14.74865178,14.21154992,14.74167143
1358380800,17/01/2013,BTC-USD,14.74167143,15.68632741,14.65063099,15.52868079
1358467200,18/01/2013,BTC-USD,15.52868079,15.97560772,15.44376368,15.71005956
1358553600,19/01/2013,BTC-USD,15.71005956,15.77705816,15.29436944,15.6144642
1358640000,20/01/2013,BTC-USD,15.6144642,15.8888154,15.51005204,15.70100262
1358726400,21/01/2013,BTC-USD,15.70100262,16.95297388,15.61926137,16.82124997
1358812800,22/01/2013,BTC-USD,16.82124997,17.59354966,16.67134608,17.28268164
1358899200,23/01/2013,BTC-USD,17.28268164,17.59601648,16.84835618,17.51638629
1358985600,24/01/2013,BTC-USD,17.51638629,19.20540795,15.7728984,16.77899988
1359072000,25/01/2013,BTC-USD,16.77899988,17.80403845,15.46691076,17.4683552
1359158400,26/01/2013,BTC-USD,17.4683552,17.80269466,16.65753797,17.80269466
1359244800,27/01/2013,BTC-USD,17.80269466,17.95505422,17.24097752,17.95505422
1359331200,28/01/2013,BTC-USD,17.95505422,18.86985879,17.77716497,18.78616155
1359417600,29/01/2013,BTC-USD,18.78616155,19.77897868,18.70003972,19.56215802
1359504000,30/01/2013,BTC-USD,19.56215802,19.80565799,19.16844277,19.79819335
1359590400,31/01/2013,BTC-USD,19.79819335,21.35723297,19.64713823,20.50269792
1359676800,01/02/2013,BTC-USD,20.50269792,21.14535458,20.3068565,20.4995449
1359763200,02/02/2013,BTC-USD,20.4995449,20.51204956,18.20935096,19.69168653
1359849600,03/02/2013,BTC-USD,19.69168653,20.89494359,19.44240397,20.58551906
1359936000,04/02/2013,BTC-USD,20.58551906,21.02504814,19.94973245,20.53263523
1360022400,05/02/2013,BTC-USD,20.53263523,20.79744167,20.21854835,20.60782114
1360108800,06/02/2013,BTC-USD,20.60782114,21.33102691,20.60782114,21.20162872
1360195200,07/02/2013,BTC-USD,21.20162872,22.2025516,20.81030702,22.12178083
1360281600,08/02/2013,BTC-USD,22.12178083,22.79020669,22.01206388,22.72095489
1360368000,09/02/2013,BTC-USD,22.72095489,23.96040851,22.59164655,23.68381767
1360454400,10/02/2013,BTC-USD,23.68381767,24.10655505,22.74799907,23.9682983
1360540800,11/02/2013,BTC-USD,23.9682983,24.55053959,23.69535106,24.54841592
1360627200,12/02/2013,BTC-USD,24.54841592,25.83087423,24.36190915,25.272241
1360713600,13/02/2013,BTC-USD,25.272241,26.21244299,24.26719973,24.26719973
1360800000,14/02/2013,BTC-USD,24.26719973,27.43985771,21.95693289,27.24057568
1360886400,15/02/2013,BTC-USD,27.24057568,27.47785704,26.21772199,27.09296719
1360972800,16/02/2013,BTC-USD,27.09296719,27.49992044,26.84353195,27.31562695
1361059200,17/02/2013,BTC-USD,27.31562695,27.40458727,25.11002692,26.89614296
1361145600,18/02/2013,BTC-USD,26.89614296,27.00977185,26.43399088,26.94955283
1361232000,19/02/2013,BTC-USD,26.94955283,29.65224316,26.84383624,29.43380808
1361318400,20/02/2013,BTC-USD,29.43380808,29.86582661,29.10347696,29.82549174
1361404800,21/02/2013,BTC-USD,29.82549174,29.98422869,29.3327717,29.74404653
1361491200,22/02/2013,BTC-USD,29.74404653,31.34843999,29.69961859,30.29756805
1361577600,23/02/2013,BTC-USD,30.29756805,30.69905714,27.99563492,29.8027221
1361664000,24/02/2013,BTC-USD,29.8027221,30.44344669,29.31078685,29.89997165
1361750400,25/02/2013,BTC-USD,29.89997165,30.44561062,29.58402668,30.40052612
1361836800,26/02/2013,BTC-USD,30.40052612,31.60063125,30.20210323,31.1830424
1361923200,27/02/2013,BTC-USD,31.1830424,31.63645985,30.88737228,30.98367932
1362009600,28/02/2013,BTC-USD,30.98367932,34.48407289,30.98367932,33.39599665
1362096000,01/03/2013,BTC-USD,33.39599665,34.94015167,33.12557689,34.56971484
1362182400,02/03/2013,BTC-USD,34.56971484,34.81822066,33.37469581,34.28866152
1362268800,03/03/2013,BTC-USD,34.28866152,34.59377054,33.89088764,34.55909201
1362355200,04/03/2013,BTC-USD,34.55909201,36.75595403,34.25021679,36.22213547
1362441600,05/03/2013,BTC-USD,36.22213547,40.73554001,36.18862281,40.70620211
1362528000,06/03/2013,BTC-USD,40.70620211,49.07828528,40.29245901,41.35711624
1362614400,07/03/2013,BTC-USD,41.35711624,47.43474403,34.13721003,41.88230651
1362700800,08/03/2013,BTC-USD,41.88230651,44.49671875,41.18760516,44.01971676
1362787200,09/03/2013,BTC-USD,44.01971676,47.03657059,43.52548749,46.82493112
1362873600,10/03/2013,BTC-USD,46.82493112,48.01879574,45.70513549,46.11518817
1362960000,11/03/2013,BTC-USD,46.11518817,48.54601604,45.70816199,48.4418702
1363046400,12/03/2013,BTC-USD,48.4418702,48.50767993,37.41344519,44.13738682
1363132800,13/03/2013,BTC-USD,44.13738682,47.40519716,43.91798152,47.07932001
1363219200,14/03/2013,BTC-USD,47.07932001,48.12646644,46.35051688,47.12514094
1363305600,15/03/2013,BTC-USD,47.12514094,47.59209796,46.54607999,46.98081566
1363392000,16/03/2013,BTC-USD,46.98081566,47.36976626,46.39294202,47.01992457
1363478400,17/03/2013,BTC-USD,47.01992457,47.75912873,46.89490729,47.44639259
1363564800,18/03/2013,BTC-USD,47.44639259,52.48445762,47.2355573,51.58792504
1363651200,19/03/2013,BTC-USD,51.58792504,60.7478329,50.1337303,59.62101518
1363737600,20/03/2013,BTC-USD,59.62101518,65.87383117,57.84220921,64.29608984
1363824000,21/03/2013,BTC-USD,64.29608984,74.43058201,63.58349938,70.92305674
1363910400,22/03/2013,BTC-USD,70.92305674,73.87871759,65.44374332,70.26325608
1363996800,23/03/2013,BTC-USD,70.26325608,70.4196701,52.92616931,64.30783044
1364083200,24/03/2013,BTC-USD,64.30783044,72.404027,62.91120705,71.61771689
1364169600,25/03/2013,BTC-USD,71.61771689,77.90545057,69.75643337,73.62104777
1364256000,26/03/2013,BTC-USD,73.62104777,79.70590247,73.37865909,78.73884822
1364342400,27/03/2013,BTC-USD,78.73884822,89.39402758,78.46343989,88.85375378
1364428800,28/03/2013,BTC-USD,88.85375378,95.67852052,75.74850484,87.21209403
1364515200,29/03/2013,BTC-USD,87.21209403,93.12454468,83.39514447,90.45892333
1364601600,30/03/2013,BTC-USD,90.45892333,94.62787558,87.6781958,92.19931603
1364688000,31/03/2013,BTC-USD,92.19931603,93.74462049,91.20991652,93.27837526
1364774400,01/04/2013,BTC-USD,93.27837526,105.7074584,92.5985402,103.9798805
1364860800,02/04/2013,BTC-USD,103.9798805,118.0793185,99.66385548,118.0793185
1364947200,03/04/2013,BTC-USD,118.0793185,147.0737188,109.9222778,134.6146144
1365033600,04/04/2013,BTC-USD,134.6146144,141.8290345,118.5739782,132.4498566
1365120000,05/04/2013,BTC-USD,132.4498566,144.3979129,131.0290517,142.1607779
1365206400,06/04/2013,BTC-USD,142.1607779,144.0435028,139.9782023,143.7854797
1365292800,07/04/2013,BTC-USD,143.7854797,164.4247825,142.9999325,163.7597071
1365379200,08/04/2013,BTC-USD,163.7597071,194.5751911,162.9974823,186.9094464
1365465600,09/04/2013,BTC-USD,186.9094464,239.348244,186.5409211,230.8748247
1365552000,10/04/2013,BTC-USD,230.8748247,265.1331971,125.2210834,164.7235832
1365638400,11/04/2013,BTC-USD,164.7235832,189.2623896,15.00006377,100.1607143
1365724800,12/04/2013,BTC-USD,100.1607143,134.9488135,55.02865812,115.7541752
1365811200,13/04/2013,BTC-USD,115.7541752,129.6515005,88.01216107,92.97825168
1365897600,14/04/2013,BTC-USD,92.97825168,108.2319888,85.34102684,89.93837963
1365984000,15/04/2013,BTC-USD,89.93837963,101.8550798,71.92058169,82.65229837
1366070400,16/04/2013,BTC-USD,82.65229837,84.24130798,50.00729055,68.58782862
1366156800,17/04/2013,BTC-USD,68.58782862,98.07380621,63.87223755,93.57658427
1366243200,18/04/2013,BTC-USD,93.57658427,112.0876199,87.1974619,109.4299907
1366329600,19/04/2013,BTC-USD,109.4299907,135.6947497,106.1191877,118.7112906
1366416000,20/04/2013,BTC-USD,118.7112906,131.3732922,115.2682251,126.8434202
1366502400,21/04/2013,BTC-USD,126.8434202,129.9575716,110.9321836,119.2033653
1366588800,22/04/2013,BTC-USD,119.2033653,127.1245988,118.5910447,127.1245988
1366675200,23/04/2013,BTC-USD,127.1245988,143.7198926,125.0691249,143.3718422
1366761600,24/04/2013,BTC-USD,143.3718422,165.9318066,142.2169545,154.7363729
1366848000,25/04/2013,BTC-USD,154.7363729,161.6788316,121.2556794,142.6562806
1366934400,26/04/2013,BTC-USD,142.6562806,143.2449588,123.064851,136.8916452
1367020800,27/04/2013,BTC-USD,136.8916452,138.973312,125.0042685,128.2165209
1367107200,28/04/2013,BTC-USD,128.2165209,136.5920754,127.8819743,134.6040374
1367193600,29/04/2013,BTC-USD,134.6040374,148.2009043,133.743065,143.9321985
1367280000,30/04/2013,BTC-USD,143.9321985,146.4503307,134.462319,139.2800972
1367366400,01/05/2013,BTC-USD,139.2800972,139.9504247,105.7836681,116.4096821
1367452800,02/05/2013,BTC-USD,116.4096821,126.8538905,92.13141622,106.1179516
1367539200,03/05/2013,BTC-USD,106.1179516,108.6732763,79.6614586,98.01687753
1367625600,04/05/2013,BTC-USD,98.01687753,115.7172373,92.46070403,112.6180606
1367712000,05/05/2013,BTC-USD,112.6180606,118.7270427,107.1987752,115.8656305
1367798400,06/05/2013,BTC-USD,115.8656305,124.3041769,106.1116795,112.1877986
1367884800,07/05/2013,BTC-USD,112.1877986,113.1737281,97.95106136,109.8901249
1367971200,08/05/2013,BTC-USD,109.8901249,116.2361778,109.6237953,113.054616
1368057600,09/05/2013,BTC-USD,113.054616,113.3848386,109.1548564,112.8066709
1368144000,10/05/2013,BTC-USD,112.8066709,121.6871801,111.5643952,117.3113536
1368230400,11/05/2013,BTC-USD,117.3113536,118.4719938,113.1618135,115.678744
1368316800,12/05/2013,BTC-USD,115.678744,117.4196563,112.9772959,114.900676
1368403200,13/05/2013,BTC-USD,114.900676,118.6415493,114.6674185,117.7435958
1368489600,14/05/2013,BTC-USD,117.7435958,119.7434662,110.2241308,111.1175665
1368576000,15/05/2013,BTC-USD,111.1175665,116.1866676,103.3933057,113.8077367
1368662400,16/05/2013,BTC-USD,113.8077367,118.2909127,111.9506688,118.2204097
1368748800,17/05/2013,BTC-USD,118.2204097,124.714922,116.1603203,122.8386449
1368835200,18/05/2013,BTC-USD,122.8386449,124.7407249,121.7988762,122.5583715
1368921600,19/05/2013,BTC-USD,122.5583715,124.0937626,119.4505155,122.17709
1369008000,20/05/2013,BTC-USD,122.17709,123.2896713,119.905309,121.5841192
1369094400,21/05/2013,BTC-USD,121.5841192,122.6750618,120.7727523,121.9510968
1369180800,22/05/2013,BTC-USD,121.9510968,123.5805342,121.3431929,123.2406275
1369267200,23/05/2013,BTC-USD,123.2406275,126.2725303,122.6696799,125.7345516
1369353600,24/05/2013,BTC-USD,125.7345516,133.3451837,125.2442755,132.4612528
1369440000,25/05/2013,BTC-USD,132.4612528,132.6078603,128.3411619,131.5095759
1369526400,26/05/2013,BTC-USD,131.5095759,135.7448083,130.3736912,133.0826558
1369612800,27/05/2013,BTC-USD,133.0826558,135.0816515,124.3691947,129.9247261
1369699200,28/05/2013,BTC-USD,129.9247261,130.1494015,125.7660218,128.6549185
1369785600,29/05/2013,BTC-USD,128.6549185,132.2546,127.5538664,131.9716295
1369872000,30/05/2013,BTC-USD,131.9716295,132.0002198,126.8465944,128.5924443
1369958400,31/05/2013,BTC-USD,128.5924443,129.7561114,126.7190582,128.8157724
1370044800,01/06/2013,BTC-USD,128.8157724,129.5950826,127.3358184,129.2879873
1370131200,02/06/2013,BTC-USD,129.2879873,129.6035221,115.3658137,122.4009636
1370217600,03/06/2013,BTC-USD,122.4009636,122.7408071,116.6167862,121.3305865
1370304000,04/06/2013,BTC-USD,121.3305865,124.3686289,119.3810356,121.6999314
1370390400,05/06/2013,BTC-USD,121.6999314,123.4398834,120.1896454,121.8961162
1370476800,06/06/2013,BTC-USD,121.8961162,123.3987717,117.9024209,119.3574749
1370563200,07/06/2013,BTC-USD,119.3574749,119.5198922,106.83578,111.2436404
1370649600,08/06/2013,BTC-USD,111.2436404,111.7605703,107.5246577,108.0829895
1370736000,09/06/2013,BTC-USD,108.0829895,109.2619394,88.5122169,102.2832211
1370822400,10/06/2013,BTC-USD,102.2832211,109.4607772,94.91269276,105.9416285
1370908800,11/06/2013,BTC-USD,105.9416285,109.4771619,104.6282406,109.2372576
1370995200,12/06/2013,BTC-USD,109.2372576,111.673145,107.2250495,108.6203493
1371081600,13/06/2013,BTC-USD,108.6203493,110.1513974,99.98683416,103.6122491
1371168000,14/06/2013,BTC-USD,103.6122491,117.6987384,98.97283597,99.97394898
1371254400,15/06/2013,BTC-USD,99.97394898,103.4017224,97.55980371,99.83914926
1371340800,16/06/2013,BTC-USD,99.83914926,101.7272585,98.98469271,99.77549885
1371427200,17/06/2013,BTC-USD,99.77549885,102.3561969,99.1065271,101.9497221
1371513600,18/06/2013,BTC-USD,101.9497221,111.9622031,101.0795738,107.1146194
1371600000,19/06/2013,BTC-USD,107.1146194,110.4213725,105.2148123,107.731504
1371686400,20/06/2013,BTC-USD,107.731504,112.9925111,107.1275511,110.3090308
1371772800,21/06/2013,BTC-USD,110.3090308,114.6801675,106.6158905,108.6958329
1371859200,22/06/2013,BTC-USD,108.6958329,109.7479027,106.273476,107.7224146
1371945600,23/06/2013,BTC-USD,107.7224146,108.5911983,100.0969491,107.3255163
1372032000,24/06/2013,BTC-USD,107.3255163,107.9383637,100.6598159,101.8404133
1372118400,25/06/2013,BTC-USD,101.8404133,108.6431983,100.8865906,103.6525925
1372204800,26/06/2013,BTC-USD,103.6525925,105.1029474,102.0281081,103.386362
1372291200,27/06/2013,BTC-USD,103.386362,103.6588079,100.223068,101.459524
1372377600,28/06/2013,BTC-USD,101.459524,114.90837,92.09323731,114.90837
1372464000,29/06/2013,BTC-USD,114.90837,114.90837,93.61178,94.67576965
1372550400,30/06/2013,BTC-USD,94.67576965,97.52102436,93.55385251,97.37902673
1372636800,01/07/2013,BTC-USD,97.37902673,111.4629506,87.88443268,105.1465765
1372723200,02/07/2013,BTC-USD,105.1465765,112.3642824,87.26804045,90.35196417
1372809600,03/07/2013,BTC-USD,90.35196417,104.6154723,77.44875829,78.13788919
1372896000,04/07/2013,BTC-USD,78.13788919,85.5521914,72.26111527,80.24886593
1372982400,05/07/2013,BTC-USD,80.24886593,110.5162999,67.23807674,68.69561801
1373068800,06/07/2013,BTC-USD,68.69561801,92.81972197,67.42581674,69.19854412
1373155200,07/07/2013,BTC-USD,69.19854412,76.49369671,66.48511197,76.49369671
1373241600,08/07/2013,BTC-USD,76.49369671,79.80494803,72.47742211,75.80759517
1373328000,09/07/2013,BTC-USD,75.80759517,77.90698555,72.52504602,76.62013029
1373414400,10/07/2013,BTC-USD,76.62013029,88.93906096,76.10018981,87.68428702
1373500800,11/07/2013,BTC-USD,87.68428702,90.3326386,85.29572038,88.65056553
1373587200,12/07/2013,BTC-USD,88.65056553,105.6201043,88.07915038,105.6201043
1373673600,13/07/2013,BTC-USD,105.6201043,105.6201043,88.19531463,97.6756936
1373760000,14/07/2013,BTC-USD,97.6756936,98.22167612,92.46507452,94.12860354
1373846400,15/07/2013,BTC-USD,94.12860354,100.6801571,92.45822643,98.71985066
1373932800,16/07/2013,BTC-USD,98.71985066,100.0378846,96.42379982,96.52738885
1374019200,17/07/2013,BTC-USD,96.52738885,99.49690503,95.94525096,97.88254527
1374105600,18/07/2013,BTC-USD,97.88254527,107.6159138,86.88577869,89.76123255
1374192000,19/07/2013,BTC-USD,89.76123255,93.80186517,87.43680992,91.25082916
1374278400,20/07/2013,BTC-USD,91.25082916,93.00509805,89.07026416,89.46139189
1374364800,21/07/2013,BTC-USD,89.46139189,91.5910354,87.58657629,90.79286311
1374451200,22/07/2013,BTC-USD,90.79286311,92.36770126,89.13093668,91.71594273
1374537600,23/07/2013,BTC-USD,91.71594273,96.05764331,90.88432207,94.71198794
1374624000,24/07/2013,BTC-USD,94.71198794,95.57484153,92.78516399,94.38910005
1374710400,25/07/2013,BTC-USD,94.38910005,96.86229435,93.17055432,96.76093221
1374796800,26/07/2013,BTC-USD,96.76093221,97.18854843,95.16448368,95.53192509
1374883200,27/07/2013,BTC-USD,95.53192509,96.82666147,92.73149817,94.3213041
1374969600,28/07/2013,BTC-USD,94.3213041,99.92636825,93.1647483,98.45129493
1375056000,29/07/2013,BTC-USD,98.45129493,101.7638494,97.77248996,100.8618412
1375142400,30/07/2013,BTC-USD,100.8618412,107.2810627,99.55729042,107.2486832
1375228800,31/07/2013,BTC-USD,107.2486832,110.3397651,103.2799719,105.2328798
1375315200,01/08/2013,BTC-USD,105.2328798,107.2366578,101.5607538,102.7039032
1375401600,02/08/2013,BTC-USD,102.7039032,106.6131685,100.1720509,102.9807692
1375488000,03/08/2013,BTC-USD,102.9807692,104.6948755,100.8482643,103.9516473
1375574400,04/08/2013,BTC-USD,103.9516473,105.7883708,101.5358275,104.0738511
1375660800,05/08/2013,BTC-USD,104.0738511,107.5699614,103.8887089,105.6647946
1375747200,06/08/2013,BTC-USD,105.6647946,107.2277963,104.169315,106.4499391
1375833600,07/08/2013,BTC-USD,106.4499391,106.680458,103.7117719,104.7625567
1375920000,08/08/2013,BTC-USD,104.7625567,105.9981827,99.95463774,101.7713168
1376006400,09/08/2013,BTC-USD,101.7713168,105.5098534,98.54016495,98.8292617
1376092800,10/08/2013,BTC-USD,98.8292617,103.8996351,98.30221603,101.3779042
1376179200,11/08/2013,BTC-USD,101.3779042,105.0741334,100.8497913,104.9182209
1376265600,12/08/2013,BTC-USD,104.9182209,107.7533982,103.0400339,106.6599836
1376352000,13/08/2013,BTC-USD,106.6599836,109.001478,103.3790596,109.001478
1376438400,14/08/2013,BTC-USD,109.001478,113.9102431,97.65361894,99.16004883
1376524800,15/08/2013,BTC-USD,99.16004883,113.2945195,99.0196732,109.9716494
1376611200,16/08/2013,BTC-USD,109.9716494,111.7959485,107.3834142,108.621144
1376697600,17/08/2013,BTC-USD,108.621144,113.7496402,108.1974368,112.4897274
1376784000,18/08/2013,BTC-USD,112.4897274,113.6416245,98.5500309,112.9061422
1376870400,19/08/2013,BTC-USD,112.9061422,114.5395239,99.46038031,102.8732953
1376956800,20/08/2013,BTC-USD,102.8732953,122.241384,101.7100518,121.0871725
1377043200,21/08/2013,BTC-USD,121.0871725,124.2938275,105.0001223,120.1121151
1377129600,22/08/2013,BTC-USD,120.1121151,123.4256502,118.225463,121.9729553
1377216000,23/08/2013,BTC-USD,121.9729553,121.9729553,115.8029864,118.0731833
1377302400,24/08/2013,BTC-USD,118.0731833,121.1720926,115.59967,118.5443738
1377388800,25/08/2013,BTC-USD,118.5443738,121.2717969,116.5497065,118.1681287
1377475200,26/08/2013,BTC-USD,118.1681287,122.3465613,117.4043155,118.0572238
1377561600,27/08/2013,BTC-USD,118.0572238,131.9655419,117.0246221,130.9257781
1377648000,28/08/2013,BTC-USD,130.9257781,131.1620115,125.8089657,126.9049802
1377734400,29/08/2013,BTC-USD,126.9049802,129.541663,124.8685882,127.7199768
1377820800,30/08/2013,BTC-USD,127.7199768,141.5180303,124.9553806,135.5226157
1377907200,31/08/2013,BTC-USD,135.5226157,145.4715173,134.5910701,137.1299177
1377993600,01/09/2013,BTC-USD,137.1299177,146.4118208,137.1299177,145.4333214
1378080000,02/09/2013,BTC-USD,145.4333214,146.8761487,135.1572433,140.8788404
1378166400,03/09/2013,BTC-USD,140.8788404,147.5411449,139.7058459,143.55922
1378252800,04/09/2013,BTC-USD,143.55922,145.1413955,127.3766459,132.4665565
1378339200,05/09/2013,BTC-USD,132.4665565,135.0087607,125.1010467,129.3182557
1378425600,06/09/2013,BTC-USD,129.3182557,132.9114564,121.0697059,121.2148823
1378512000,07/09/2013,BTC-USD,121.2148823,129.7649611,120.6245801,127.1349826
1378598400,08/09/2013,BTC-USD,127.1349826,128.9995708,122.5905587,124.2092131
1378684800,09/09/2013,BTC-USD,124.2092131,134.4829463,122.4330916,130.1340727
1378771200,10/09/2013,BTC-USD,130.1340727,135.0300172,122.5345342,129.4063525
1378857600,11/09/2013,BTC-USD,129.4063525,144.8903448,126.3767976,141.5408031
1378944000,12/09/2013,BTC-USD,141.5408031,144.2732533,134.9412078,135.9256395
1379030400,13/09/2013,BTC-USD,135.9256395,144.8757454,135.9256395,140.6090126
1379116800,14/09/2013,BTC-USD,140.6090126,140.8207956,132.8724531,134.036254
1379203200,15/09/2013,BTC-USD,134.036254,139.5954508,131.5604011,138.2964738
1379289600,16/09/2013,BTC-USD,138.2964738,141.7278017,134.0828038,138.9228534
1379376000,17/09/2013,BTC-USD,138.9228534,141.0766722,136.2933561,138.4675697
1379462400,18/09/2013,BTC-USD,138.4675697,141.826701,135.5825854,136.2908881
1379548800,19/09/2013,BTC-USD,136.2908881,139.8474793,130.7600704,135.1049221
1379635200,20/09/2013,BTC-USD,135.1049221,135.3374231,130.0523933,130.7840571
1379721600,21/09/2013,BTC-USD,130.7840571,134.570732,129.4290325,133.9793825
1379808000,22/09/2013,BTC-USD,133.9793825,134.8516425,130.0765687,134.021957
1379894400,23/09/2013,BTC-USD,134.021957,134.9448485,129.0446376,130.9228916
1379980800,24/09/2013,BTC-USD,130.9228916,134.8256472,129.3349546,132.2286157
1380067200,25/09/2013,BTC-USD,132.2286157,136.6322814,131.759256,135.035393
1380153600,26/09/2013,BTC-USD,135.035393,136.4922602,132.4607958,135.4987985
1380240000,27/09/2013,BTC-USD,135.4987985,141.8724068,133.6350829,137.845641
1380326400,28/09/2013,BTC-USD,137.845641,142.4813969,136.8020841,142.4813969
1380412800,29/09/2013,BTC-USD,142.4813969,145.378716,141.0921359,144.5646983
1380499200,30/09/2013,BTC-USD,144.5646983,145.5945203,135.5227567,141.1349333
1380585600,01/10/2013,BTC-USD,141.1349333,143.9402546,136.9250228,139.0146571
1380672000,02/10/2013,BTC-USD,139.0146571,140.9314045,104.6425797,122.9840157
1380758400,03/10/2013,BTC-USD,122.9840157,131.7765001,114.9392039,130.7570223
1380844800,04/10/2013,BTC-USD,130.7570223,136.7323071,118.1043005,121.9400511
1380931200,05/10/2013,BTC-USD,121.9400511,137.0192529,121.1021303,122.4385259
1381017600,06/10/2013,BTC-USD,122.4385259,137.7963725,121.0122827,137.7963725
1381104000,07/10/2013,BTC-USD,137.7963725,138.2387035,131.0365826,131.6354171
1381190400,08/10/2013,BTC-USD,131.6354171,136.9915469,126.7096239,130.4608991
1381276800,09/10/2013,BTC-USD,130.4608991,141.0673257,129.2148665,139.3241055
1381363200,10/10/2013,BTC-USD,139.3241055,141.1068152,134.1998506,139.7875024
1381449600,11/10/2013,BTC-USD,139.7875024,141.6756816,136.2910027,136.6365497
1381536000,12/10/2013,BTC-USD,136.6365497,142.370441,136.2703743,141.7943943
1381622400,13/10/2013,BTC-USD,141.7943943,145.7130679,139.7636845,145.2870678
1381708800,14/10/2013,BTC-USD,145.2870678,152.3401215,132.6344177,150.2963722
1381795200,15/10/2013,BTC-USD,150.2963722,152.8459026,134.5999927,152.0201999
1381881600,16/10/2013,BTC-USD,152.0201999,157.3700269,145.4577936,148.6804323
1381968000,17/10/2013,BTC-USD,148.6804323,157.6534865,147.3795609,154.0865851
1382054400,18/10/2013,BTC-USD,154.0865851,164.749209,143.4400047,162.9963331
1382140800,19/10/2013,BTC-USD,162.9963331,192.4316531,158.85036,179.0048241
1382227200,20/10/2013,BTC-USD,179.0048241,184.3724857,164.980975,181.2167434
1382313600,21/10/2013,BTC-USD,181.2167434,192.5405392,166.4493562,188.8885842
1382400000,22/10/2013,BTC-USD,188.8885842,202.7283894,188.6631417,199.9992461
1382486400,23/10/2013,BTC-USD,199.9992461,217.1437648,191.0334084,214.7016529
1382572800,24/10/2013,BTC-USD,214.7016529,228.1939462,165.7689892,196.6380693
1382659200,25/10/2013,BTC-USD,196.6380693,197.6198934,170.7843348,189.7811882
1382745600,26/10/2013,BTC-USD,189.7811882,197.1677368,177.3821452,182.9276896
1382832000,27/10/2013,BTC-USD,182.9276896,199.8788973,180.410759,199.8788973
1382918400,28/10/2013,BTC-USD,199.8788973,207.1143344,194.688444,198.6359408
1383004800,29/10/2013,BTC-USD,198.6359408,206.5577407,196.5267767,206.5278308
1383091200,30/10/2013,BTC-USD,206.5278308,208.0461865,197.7882247,200.364722
1383177600,31/10/2013,BTC-USD,200.364722,206.1868305,198.9640789,203.6010754
1383264000,01/11/2013,BTC-USD,203.6010754,208.7561484,200.8753287,203.8972164
1383350400,02/11/2013,BTC-USD,203.8972164,209.8441021,203.031143,206.3582269
1383436800,03/11/2013,BTC-USD,206.3582269,217.5507308,203.6974983,217.5507308
1383523200,04/11/2013,BTC-USD,217.5507308,231.6169667,212.1207888,229.3104935
1383609600,05/11/2013,BTC-USD,229.3104935,250.7755334,227.2659259,243.7072572
1383696000,06/11/2013,BTC-USD,243.7072572,265.0813004,243.7072572,263.636169
1383782400,07/11/2013,BTC-USD,263.636169,301.3077926,263.2468979,295.8324699
1383868800,08/11/2013,BTC-USD,295.8324699,338.7598193,293.7302253,337.7861267
1383955200,09/11/2013,BTC-USD,337.7861267,369.3736586,306.4806991,346.5669297
1384041600,10/11/2013,BTC-USD,346.5669297,346.5669297,275.4977913,327.3646824
1384128000,11/11/2013,BTC-USD,327.3646824,358.3988442,313.6562576,346.523784
1384214400,12/11/2013,BTC-USD,346.523784,386.8075596,342.786756,359.6787266
1384300800,13/11/2013,BTC-USD,359.6787266,420.8681537,359.6787266,410.1949522
1384387200,14/11/2013,BTC-USD,410.1949522,430.7466438,396.7660956,421.9379034
1384473600,15/11/2013,BTC-USD,421.9379034,444.165872,400.0695987,418.9687904
1384560000,16/11/2013,BTC-USD,418.9687904,452.2831604,416.3768531,439.8122327
1384646400,17/11/2013,BTC-USD,439.8122327,510.1756574,439.6558332,504.7494764
1384732800,18/11/2013,BTC-USD,504.7494764,730.7320886,504.7494764,688.8182339
1384819200,19/11/2013,BTC-USD,688.8182339,858.8693087,494.5280738,650.0307465
1384905600,20/11/2013,BTC-USD,650.0307465,650.0307465,465.7489366,610.721388
1384992000,21/11/2013,BTC-USD,610.721388,751.0471964,597.288097,738.1561732
1385078400,22/11/2013,BTC-USD,738.1561732,814.7733787,688.9807113,801.1782294
1385164800,23/11/2013,BTC-USD,801.1782294,883.7534268,793.5360585,845.1217545
1385251200,24/11/2013,BTC-USD,845.1217545,857.5725824,750.9757873,819.1218795
1385337600,25/11/2013,BTC-USD,819.1218795,838.3151356,775.619386,818.1029491
1385424000,26/11/2013,BTC-USD,818.1029491,963.8438617,812.0741211,961.1415673
1385510400,27/11/2013,BTC-USD,961.1415673,1002.722711,909.7941189,999.4156688
1385596800,28/11/2013,BTC-USD,999.4156688,1162.937996,978.2638489,1128.632767
1385683200,29/11/2013,BTC-USD,1128.632767,1193.905991,1012.476036,1156.124588
1385769600,30/11/2013,BTC-USD,1156.124588,1178.939564,1120.707572,1135.647337
1385856000,01/12/2013,BTC-USD,1135.647337,1146.654571,799.7557191,969.6470954
1385942400,02/12/2013,BTC-USD,969.6470954,1073.123767,954.4053014,1049.961467
1386028800,03/12/2013,BTC-USD,1049.961467,1109.844545,1014.387202,1083.083032
1386115200,04/12/2013,BTC-USD,1083.083032,1163.913861,1065.201025,1151.255568
1386201600,05/12/2013,BTC-USD,1151.255568,1169.169634,875.524806,1043.832646
1386288000,06/12/2013,BTC-USD,1043.832646,1053.899723,809.1541682,824.2800862
1386374400,07/12/2013,BTC-USD,824.2800862,935.7710648,558.2439744,693.1400842
1386460800,08/12/2013,BTC-USD,693.1400842,801.5817718,657.9474306,792.7992502
1386547200,09/12/2013,BTC-USD,792.7992502,914.7384421,781.1728346,913.9011457
1386633600,10/12/2013,BTC-USD,913.9011457,1009.378799,911.8773273,1001.386243
1386720000,11/12/2013,BTC-USD,1001.386243,1012.356633,818.3455296,885.1216821
1386806400,12/12/2013,BTC-USD,885.1216821,899.1042282,838.3171455,872.2462815
1386892800,13/12/2013,BTC-USD,872.2462815,933.5348389,859.3956335,891.9039664
1386979200,14/12/2013,BTC-USD,891.9039664,893.9208695,849.0570813,853.3010246
1387065600,15/12/2013,BTC-USD,853.3010246,874.572279,811.9526114,864.3631921
1387152000,16/12/2013,BTC-USD,864.3631921,869.5123273,664.2487347,702.0705325
1387238400,17/12/2013,BTC-USD,702.0705325,751.7963814,631.8746177,683.3553684
1387324800,18/12/2013,BTC-USD,683.3553684,683.3553684,386.5815699,524.0300935
1387411200,19/12/2013,BTC-USD,524.0300935,702.6633112,499.8771708,691.3157626
1387497600,20/12/2013,BTC-USD,691.3157626,726.2825616,583.7813967,613.0722033
1387584000,21/12/2013,BTC-USD,613.0722033,652.8779414,577.1569086,600.4478196
1387670400,22/12/2013,BTC-USD,600.4478196,670.5121929,582.2762578,616.902663
1387756800,23/12/2013,BTC-USD,616.902663,672.5714206,611.2892311,663.2921022
1387843200,24/12/2013,BTC-USD,663.2921022,676.1306254,631.8082982,654.5952956
1387929600,25/12/2013,BTC-USD,654.5952956,684.1937307,639.975323,682.2400232
1388016000,26/12/2013,BTC-USD,682.2400232,770.2777792,682.2400232,760.9303991
1388102400,27/12/2013,BTC-USD,760.9303991,770.8037801,707.7022626,733.7537521
1388188800,28/12/2013,BTC-USD,733.7537521,742.1592912,697.4239146,717.9706292
1388275200,29/12/2013,BTC-USD,717.9706292,736.882813,709.3819899,732.4969531
1388361600,30/12/2013,BTC-USD,732.4969531,759.3911812,726.9731945,749.8500577
1388448000,31/12/2013,BTC-USD,749.8500577,763.5402852,716.2193107,732.8690353
1388534400,01/01/2014,BTC-USD,732.8690353,782.3392977,732.8690353,763.9720753
1388620800,02/01/2014,BTC-USD,763.9720753,808.9669978,746.5836602,793.8638457
1388707200,03/01/2014,BTC-USD,793.8638457,828.9935925,777.6036743,818.1838302
1388793600,04/01/2014,BTC-USD,818.1838302,840.6800749,799.4969761,838.614589
1388880000,05/01/2014,BTC-USD,838.614589,947.3291087,837.114022,921.7032833
1388966400,06/01/2014,BTC-USD,921.7032833,1007.058992,890.3779615,925.5863113
1389052800,07/01/2014,BTC-USD,925.5863113,951.7705898,785.4041432,785.4041432
1389139200,08/01/2014,BTC-USD,785.4041432,849.3629552,768.8395046,825.9074954
1389225600,09/01/2014,BTC-USD,825.9074954,850.3518594,783.1174457,829.9472249
1389312000,10/01/2014,BTC-USD,829.9472249,866.4780546,804.6603504,859.7873621
1389398400,11/01/2014,BTC-USD,859.7873621,919.6336967,854.0294388,905.2042592
1389484800,12/01/2014,BTC-USD,905.2042592,910.3280853,827.3200206,843.2804382
1389571200,13/01/2014,BTC-USD,843.2804382,844.7601321,786.9905657,825.101064
1389657600,14/01/2014,BTC-USD,825.101064,838.8714663,804.6713126,816.598094
1389744000,15/01/2014,BTC-USD,816.598094,860.7764636,812.6753501,842.1209274
1389830400,16/01/2014,BTC-USD,842.1209274,858.3076351,814.4201923,814.5316864
1389916800,17/01/2014,BTC-USD,814.5316864,833.8902419,770.4716302,806.0973891
1390003200,18/01/2014,BTC-USD,806.0973891,827.9451593,796.5512163,819.224525
1390089600,19/01/2014,BTC-USD,819.224525,853.7456433,795.2261558,851.8790249
1390176000,20/01/2014,BTC-USD,851.8790249,855.5151656,816.1226687,826.1303162
1390262400,21/01/2014,BTC-USD,826.1303162,833.5081736,814.9450966,824.4484284
1390348800,22/01/2014,BTC-USD,824.4484284,826.4335593,805.4767885,818.2340756
1390435200,23/01/2014,BTC-USD,818.2340756,833.0075915,804.0441318,811.0910144
1390521600,24/01/2014,BTC-USD,811.0910144,811.9657324,768.7296483,784.0320462
1390608000,25/01/2014,BTC-USD,784.0320462,816.9753178,775.0650063,806.7138894
1390694400,26/01/2014,BTC-USD,806.7138894,833.6024948,795.4534089,814.9702912
1390780800,27/01/2014,BTC-USD,814.9702912,823.9296109,728.4405404,752.9174581
1390867200,28/01/2014,BTC-USD,752.9174581,812.723264,743.4146592,785.1263448
1390953600,29/01/2014,BTC-USD,785.1263448,805.9137757,782.0008532,791.7749938
1391040000,30/01/2014,BTC-USD,791.7749938,811.2124625,770.5904106,801.5326921
1391126400,31/01/2014,BTC-USD,801.5326921,809.2567558,793.3481101,802.8469685
1391212800,01/02/2014,BTC-USD,802.8469685,828.8473454,799.7210508,812.1739348
1391299200,02/02/2014,BTC-USD,812.1739348,826.6845007,770.3770745,814.1499372
1391385600,03/02/2014,BTC-USD,814.1499372,814.9066003,799.1532836,806.0984095
1391472000,04/02/2014,BTC-USD,806.0984095,811.8952554,796.4108733,800.508286
1391558400,05/02/2014,BTC-USD,800.508286,806.9080706,779.6507559,780.24254
1391644800,06/02/2014,BTC-USD,780.24254,870.1091741,765.7254985,768.754355
1391731200,07/02/2014,BTC-USD,768.754355,773.0112362,635.0812523,704.2682886
1391817600,08/02/2014,BTC-USD,704.2682886,721.0850073,663.5244771,678.5676526
1391904000,09/02/2014,BTC-USD,678.5676526,721.7342673,662.847471,687.021383
1391990400,10/02/2014,BTC-USD,687.021383,703.6566043,541.9006856,686.0036027
1392076800,11/02/2014,BTC-USD,686.0036027,717.6612459,631.1030328,674.4914976
1392163200,12/02/2014,BTC-USD,674.4914976,683.7490454,642.0293877,652.1345416
1392249600,13/02/2014,BTC-USD,652.1345416,658.5683615,605.8097618,605.8457148
1392336000,14/02/2014,BTC-USD,605.8457148,708.2497097,540.0467069,668.1504935
1392422400,15/02/2014,BTC-USD,668.1504935,670.0325292,634.0051507,651.9888424
1392508800,16/02/2014,BTC-USD,651.9888424,671.0122726,590.9973107,621.0025866
1392595200,17/02/2014,BTC-USD,621.0025866,663.212548,611.1525858,629.9489769
1392681600,18/02/2014,BTC-USD,629.9489769,651.3012336,611.6557936,628.121114
1392768000,19/02/2014,BTC-USD,628.121114,637.2162079,618.9695442,623.7661578
1392854400,20/02/2014,BTC-USD,623.7661578,628.9653296,561.266235,561.3750411
1392940800,21/02/2014,BTC-USD,561.3750411,588.5074667,532.6391619,579.6370921
1393027200,22/02/2014,BTC-USD,579.6370921,617.055614,562.1233781,608.7581397
1393113600,23/02/2014,BTC-USD,608.7581397,644.8064373,603.077767,606.5140885
1393200000,24/02/2014,BTC-USD,606.5140885,612.6160363,531.8279655,533.4618744
1393286400,25/02/2014,BTC-USD,533.4618744,578.9463537,424.6341446,534.6191946
1393372800,26/02/2014,BTC-USD,534.6191946,608.5840061,529.202892,585.1895345
1393459200,27/02/2014,BTC-USD,585.1895345,600.8618887,569.705866,582.7707482
1393545600,28/02/2014,BTC-USD,582.7707482,590.3043437,545.0182165,553.4013272
1393632000,01/03/2014,BTC-USD,553.4013272,577.2437074,541.2888105,568.7476839
1393718400,02/03/2014,BTC-USD,568.7476839,571.9913818,555.3250197,566.7852358
1393804800,03/03/2014,BTC-USD,566.7852358,712.7783798,563.0607165,680.6597039
1393891200,04/03/2014,BTC-USD,680.6597039,702.904018,659.8907611,671.9870597
1393977600,05/03/2014,BTC-USD,671.9870597,678.9397154,651.260642,669.6479105
1394064000,06/03/2014,BTC-USD,669.6479105,676.0604446,650.1641717,667.979171
1394150400,07/03/2014,BTC-USD,667.979171,668.9533056,617.495059,631.0227868
1394236800,08/03/2014,BTC-USD,631.0227868,639.2963657,601.4968616,617.3670988
1394323200,09/03/2014,BTC-USD,617.3670988,650.8174054,612.8326009,639.8978837
1394409600,10/03/2014,BTC-USD,639.8978837,647.6598991,610.7578189,626.9804315
1394496000,11/03/2014,BTC-USD,626.9804315,640.7949242,616.4122282,634.0403711
1394582400,12/03/2014,BTC-USD,634.0403711,653.5917218,631.2279056,636.2897013
1394668800,13/03/2014,BTC-USD,636.2897013,647.9646589,634.4940982,644.2108878
1394755200,14/03/2014,BTC-USD,644.2108878,644.9988814,623.5106744,627.9537626
1394841600,15/03/2014,BTC-USD,627.9537626,639.8165459,626.9747014,635.5341122
1394928000,16/03/2014,BTC-USD,635.5341122,642.4051559,628.820199,632.0037036
1395014400,17/03/2014,BTC-USD,632.0037036,633.5458054,619.3157472,623.7352639
1395100800,18/03/2014,BTC-USD,623.7352639,624.1437103,600.4398976,615.8545234
1395187200,19/03/2014,BTC-USD,615.8545234,622.1457824,606.81283,609.2132799
1395273600,20/03/2014,BTC-USD,609.2132799,610.0652373,584.0909685,586.537166
1395360000,21/03/2014,BTC-USD,586.537166,605.8451465,556.4281491,570.825111
1395446400,22/03/2014,BTC-USD,570.825111,572.2524172,550.7416144,563.0222719
1395532800,23/03/2014,BTC-USD,563.0222719,570.5204897,555.1382924,557.6447872
1395619200,24/03/2014,BTC-USD,557.6447872,589.3440792,550.5049924,585.6108094
1395705600,25/03/2014,BTC-USD,585.6108094,586.0065583,569.5635865,583.9744476
1395792000,26/03/2014,BTC-USD,583.9744476,591.9744472,566.9832431,576.782528
1395878400,27/03/2014,BTC-USD,576.782528,578.6277082,468.0340716,474.4961125
1395964800,28/03/2014,BTC-USD,474.4961125,529.4126127,471.1934095,502.9276622
1396051200,29/03/2014,BTC-USD,502.9276622,507.7824634,486.1208432,492.4336276
1396137600,30/03/2014,BTC-USD,492.4336276,492.4336276,437.0049779,460.9957244
1396224000,31/03/2014,BTC-USD,460.9957244,486.3538254,437.779702,456.6470669
1396310400,01/04/2014,BTC-USD,456.6470669,507.9877507,453.8336127,479.8733612
1396396800,02/04/2014,BTC-USD,479.8733612,495.7038959,431.6523635,437.2149428
1396483200,03/04/2014,BTC-USD,437.2149428,461.7197382,415.8935041,447.9925495
1396569600,04/04/2014,BTC-USD,447.9925495,457.2608584,430.9294603,446.9947662
1396656000,05/04/2014,BTC-USD,446.9947662,463.678177,444.2866588,463.6671501
1396742400,06/04/2014,BTC-USD,463.6671501,465.1853314,449.8724908,458.18566
1396828800,07/04/2014,BTC-USD,458.18566,460.5618443,444.9315572,446.2811605
1396915200,08/04/2014,BTC-USD,446.2811605,458.524512,444.8861666,451.6677977
1397001600,09/04/2014,BTC-USD,451.6677977,454.4506109,438.5194439,440.9060378
1397088000,10/04/2014,BTC-USD,440.9060378,441.7543682,357.7131114,364.1248704
1397174400,11/04/2014,BTC-USD,364.1248704,432.9915295,344.2643403,422.3783209
1397260800,12/04/2014,BTC-USD,422.3783209,440.2564563,413.7704196,422.8900622
1397347200,13/04/2014,BTC-USD,422.8900622,427.3428333,399.1347229,417.3019051
1397433600,14/04/2014,BTC-USD,417.3019051,476.0929444,406.6247684,459.8480642
1397520000,15/04/2014,BTC-USD,459.8480642,526.5290221,452.3859976,518.9251937
1397606400,16/04/2014,BTC-USD,518.9251937,544.8323973,496.3932379,530.9376026
1397692800,17/04/2014,BTC-USD,530.9376026,535.323657,485.8453884,497.5977487
1397779200,18/04/2014,BTC-USD,497.5977487,503.0837905,473.088416,479.4022133
1397865600,19/04/2014,BTC-USD,479.4022133,509.0072718,472.6941558,503.4872387
1397952000,20/04/2014,BTC-USD,503.4872387,516.0466727,491.0872476,498.9536504
1398038400,21/04/2014,BTC-USD,498.9536504,512.8305211,490.0334948,493.9573184
1398124800,22/04/2014,BTC-USD,493.9573184,504.3216231,483.5705471,487.2446469
1398211200,23/04/2014,BTC-USD,487.2446469,492.9508421,481.0031332,489.5529656
1398297600,24/04/2014,BTC-USD,489.5529656,502.8553582,476.3132278,501.3217387
1398384000,25/04/2014,BTC-USD,501.3217387,503.2408606,441.5958927,464.4861721
1398470400,26/04/2014,BTC-USD,464.4861721,467.8349206,450.1832577,459.6113385
1398556800,27/04/2014,BTC-USD,459.6113385,462.8548524,429.1232364,429.1232364
1398643200,28/04/2014,BTC-USD,429.1232364,449.5130708,423.1286843,439.8632742
1398729600,29/04/2014,BTC-USD,439.8632742,453.0621684,433.1827515,445.9033566
1398816000,30/04/2014,BTC-USD,445.9033566,452.9834347,432.5998447,449.029769
1398902400,01/05/2014,BTC-USD,449.029769,462.7506722,447.8554357,458.8058402
1398988800,02/05/2014,BTC-USD,458.8058402,460.4287769,442.6015835,450.8123537
1399075200,03/05/2014,BTC-USD,450.8123537,450.881013,430.0950761,438.7218136
1399161600,04/05/2014,BTC-USD,438.7218136,440.4894565,428.4832424,435.1691672
1399248000,05/05/2014,BTC-USD,435.1691672,443.3695031,426.4871775,431.8497785
1399334400,06/05/2014,BTC-USD,431.8497785,434.8101394,419.6865989,429.2380712
1399420800,07/05/2014,BTC-USD,429.2380712,452.5050495,424.3298266,440.1143268
1399507200,08/05/2014,BTC-USD,440.1143268,450.1185382,436.110586,439.6793245
1399593600,09/05/2014,BTC-USD,439.6793245,455.7319041,438.8632995,454.3553849
1399680000,10/05/2014,BTC-USD,454.3553849,459.9263948,450.1392073,457.19355
1399766400,11/05/2014,BTC-USD,457.19355,458.9089223,430.6559845,437.5676149
1399852800,12/05/2014,BTC-USD,437.5676149,444.0345462,433.223477,441.1546747
1399939200,13/05/2014,BTC-USD,441.1546747,441.61904,434.9112896,440.1311329
1400025600,14/05/2014,BTC-USD,440.1311329,449.2991563,440.1311329,445.5294081
1400112000,15/05/2014,BTC-USD,445.5294081,453.8582861,445.2752746,448.6116824
1400198400,16/05/2014,BTC-USD,448.6116824,453.0444769,445.0850623,449.1662811
1400284800,17/05/2014,BTC-USD,449.1662811,461.3623496,447.4542173,451.2305491
1400371200,18/05/2014,BTC-USD,451.2305491,459.5606607,446.9259143,449.127885
1400457600,19/05/2014,BTC-USD,449.127885,451.9035527,443.6996124,446.985782
1400544000,20/05/2014,BTC-USD,446.985782,498.118015,446.0380926,491.4247366
1400630400,21/05/2014,BTC-USD,491.4247366,501.0179065,489.5007925,495.0342783
1400716800,22/05/2014,BTC-USD,495.0342783,530.3019832,492.4388839,527.6917506
1400803200,23/05/2014,BTC-USD,527.6917506,544.9619278,521.2248772,523.8888715
1400889600,24/05/2014,BTC-USD,523.8888715,529.1151461,515.3840971,528.1080408
1400976000,25/05/2014,BTC-USD,528.1080408,586.0417253,528.1080408,574.0009232
1401062400,26/05/2014,BTC-USD,574.0009232,593.21207,567.0491164,586.2120688
1401148800,27/05/2014,BTC-USD,586.2120688,596.6133882,552.721821,575.9177622
1401235200,28/05/2014,BTC-USD,575.9177622,583.7734736,564.952709,579.4913961
1401321600,29/05/2014,BTC-USD,579.4913961,582.5824044,562.8535099,569.4675433
1401408000,30/05/2014,BTC-USD,569.4675433,627.6152559,569.4675433,621.0294594
1401494400,31/05/2014,BTC-USD,621.0294594,628.9736156,610.1471175,626.3966518
1401580800,01/06/2014,BTC-USD,626.3966518,679.9649371,621.8009862,626.5389658
1401667200,02/06/2014,BTC-USD,626.5389658,678.3050495,615.1761152,667.2601597
1401753600,03/06/2014,BTC-USD,667.2601597,683.1006299,652.3621205,671.3485754
1401840000,04/06/2014,BTC-USD,671.3485754,672.4298656,621.2370784,642.0556529
1401926400,05/06/2014,BTC-USD,642.0556529,672.2488764,641.1803181,661.348221
1402012800,06/06/2014,BTC-USD,661.348221,664.6306168,648.6182729,649.1744487
1402099200,07/06/2014,BTC-USD,649.1744487,659.6887008,640.0132574,657.491754
1402185600,08/06/2014,BTC-USD,657.491754,664.0615095,652.7183073,659.1690234
1402272000,09/06/2014,BTC-USD,659.1690234,659.8130564,640.3095181,650.5971673
1402358400,10/06/2014,BTC-USD,650.5971673,669.7103896,646.234601,656.7246552
1402444800,11/06/2014,BTC-USD,656.7246552,665.0213823,635.4404273,637.5644525
1402531200,12/06/2014,BTC-USD,637.5644525,644.0562901,575.6332433,596.4786019
1402617600,13/06/2014,BTC-USD,596.4786019,620.7149628,592.9297241,604.7323189
1402704000,14/06/2014,BTC-USD,604.7323189,606.5332207,531.4481942,573.1413963
1402790400,15/06/2014,BTC-USD,573.1413963,594.9069356,542.6411677,593.920477
1402876800,16/06/2014,BTC-USD,593.920477,611.8528758,585.1549638,591.0360481
1402963200,17/06/2014,BTC-USD,591.0360481,618.4868235,591.0360481,613.9656324
1403049600,18/06/2014,BTC-USD,613.9656324,619.2128217,601.5236214,608.3135692
1403136000,19/06/2014,BTC-USD,608.3135692,611.9481079,593.551439,596.9568062
1403222400,20/06/2014,BTC-USD,596.9568062,597.9186261,583.0342609,591.9389779
1403308800,21/06/2014,BTC-USD,591.9389779,599.6693581,583.6336723,595.3285996
1403395200,22/06/2014,BTC-USD,595.3285996,613.0346055,595.2101419,603.3494863
1403481600,23/06/2014,BTC-USD,603.3494863,604.1355147,580.9806036,591.2974193
1403568000,24/06/2014,BTC-USD,591.2974193,595.3113996,580.0272193,580.4519653
1403654400,25/06/2014,BTC-USD,580.4519653,584.4081403,561.060091,566.7340448
1403740800,26/06/2014,BTC-USD,566.7340448,583.7338095,562.9993851,582.2441951
1403827200,27/06/2014,BTC-USD,582.2441951,604.3503314,575.9070345,604.3131843
1403913600,28/06/2014,BTC-USD,604.3131843,605.9954571,593.831201,595.8426436
1404000000,29/06/2014,BTC-USD,595.8426436,604.834248,593.2403325,601.233282
1404086400,30/06/2014,BTC-USD,601.233282,646.9144313,598.4098756,640.8114502
1404172800,01/07/2014,BTC-USD,640.8114502,663.7208559,637.0011493,641.7029261
1404259200,02/07/2014,BTC-USD,641.7029261,661.820303,640.0716509,654.6386781
1404345600,03/07/2014,BTC-USD,654.6386781,654.6386781,637.4322889,644.6388545
1404432000,04/07/2014,BTC-USD,644.6388545,648.4214159,629.4415749,631.9505456
1404518400,05/07/2014,BTC-USD,631.9505456,637.847118,627.6149396,631.628023
1404604800,06/07/2014,BTC-USD,631.628023,643.5019697,630.2131844,637.2722419
1404691200,07/07/2014,BTC-USD,637.2722419,639.3165506,617.3426318,621.5407984
1404777600,08/07/2014,BTC-USD,621.5407984,629.1583572,618.1010589,625.698705
1404864000,09/07/2014,BTC-USD,625.698705,631.4135867,621.2546873,624.2736451
1404950400,10/07/2014,BTC-USD,624.2736451,626.2912091,609.1952947,616.2243979
1405036800,11/07/2014,BTC-USD,616.2243979,636.9120871,615.9237353,635.9861309
1405123200,12/07/2014,BTC-USD,635.9861309,642.9079947,630.0280799,636.2140943
1405209600,13/07/2014,BTC-USD,636.2140943,638.6539669,627.1906743,629.6065584
1405296000,14/07/2014,BTC-USD,629.6065584,630.568793,617.1286397,619.1960624
1405382400,15/07/2014,BTC-USD,619.1960624,627.5844245,618.6148395,620.8558599
1405468800,16/07/2014,BTC-USD,620.8558599,622.9323932,612.3306996,617.3045542
1405555200,17/07/2014,BTC-USD,617.3045542,628.0404274,612.95936,623.6039959
1405641600,18/07/2014,BTC-USD,623.6039959,632.8440156,617.2820766,630.8161862
1405728000,19/07/2014,BTC-USD,630.8161862,632.0600019,625.7929136,630.7068836
1405814400,20/07/2014,BTC-USD,630.7068836,632.0567764,621.2004941,624.4589178
1405900800,21/07/2014,BTC-USD,624.4589178,625.1153134,617.4272994,620.1451188
1405987200,22/07/2014,BTC-USD,620.1451188,623.0696419,617.7613351,618.9771258
1406073600,23/07/2014,BTC-USD,618.9771258,620.9174462,616.7163762,619.1823066
1406160000,24/07/2014,BTC-USD,619.1823066,620.1318468,593.6812693,603.5138665
1406246400,25/07/2014,BTC-USD,603.5138665,607.6351787,592.8270761,600.1001807
1406332800,26/07/2014,BTC-USD,600.1001807,600.6685743,589.2587865,593.9177734
1406419200,27/07/2014,BTC-USD,593.9177734,599.4803614,590.2949045,590.6149775
1406505600,28/07/2014,BTC-USD,590.6149775,592.2117598,572.2142526,583.8996601
1406592000,29/07/2014,BTC-USD,583.8996601,589.1656623,577.2275677,583.062588
1406678400,30/07/2014,BTC-USD,583.062588,584.015363,562.1143606,567.2313623
1406764800,31/07/2014,BTC-USD,567.2313623,589.8009477,561.9202434,579.8300294
1406851200,01/08/2014,BTC-USD,579.8300294,603.8363673,579.8300294,594.7110461
1406937600,02/08/2014,BTC-USD,594.7110461,598.6334286,585.5302485,588.8697268
1407024000,03/08/2014,BTC-USD,588.8697268,589.4767414,579.6221768,586.9703841
1407110400,04/08/2014,BTC-USD,586.9703841,594.6722896,582.2260335,586.5709603
1407196800,05/08/2014,BTC-USD,586.5709603,588.7486159,579.2284507,582.8666886
1407283200,06/08/2014,BTC-USD,582.8666886,586.353593,575.2165218,583.0151309
1407369600,07/08/2014,BTC-USD,583.0151309,592.8243336,578.2062149,587.1790477
1407456000,08/08/2014,BTC-USD,587.1790477,598.7061015,587.1269605,590.1914428
1407542400,09/08/2014,BTC-USD,590.1914428,591.3278193,584.5722557,589.2193504
1407628800,10/08/2014,BTC-USD,589.2193504,593.8384629,584.0916309,588.4490222
1407715200,11/08/2014,BTC-USD,588.4490222,589.0811013,569.74856,572.0456795
1407801600,12/08/2014,BTC-USD,572.0456795,577.8870625,563.0273766,569.8113357
1407888000,13/08/2014,BTC-USD,569.8113357,571.3933498,525.8441541,546.8058103
1407974400,14/08/2014,BTC-USD,546.8058103,585.9444103,478.6476647,510.156719
1408060800,15/08/2014,BTC-USD,510.156719,518.8985817,480.4469077,496.233374
1408147200,16/08/2014,BTC-USD,496.233374,523.0627098,484.7910829,519.0608796
1408233600,17/08/2014,BTC-USD,519.0608796,522.2894344,485.7140244,497.4748315
1408320000,18/08/2014,BTC-USD,497.4748315,510.7936679,445.0983203,468.080214
1408406400,19/08/2014,BTC-USD,468.080214,491.8076002,462.9652984,487.4291729
1408492800,20/08/2014,BTC-USD,487.4291729,521.2560447,465.1578379,512.044341
1408579200,21/08/2014,BTC-USD,512.044341,534.4496064,511.3798556,517.7784341
1408665600,22/08/2014,BTC-USD,517.7784341,524.6483357,503.8742152,514.5978247
1408752000,23/08/2014,BTC-USD,514.5978247,515.3697835,492.1571804,499.6570533
1408838400,24/08/2014,BTC-USD,499.6570533,516.8521194,496.5797685,511.1602929
1408924800,25/08/2014,BTC-USD,511.1602929,511.3908965,498.2362289,501.8694275
1409011200,26/08/2014,BTC-USD,501.8694275,515.6506126,498.7601457,513.3795996
1409097600,27/08/2014,BTC-USD,513.3795996,521.676257,509.4561265,509.6121316
1409184000,28/08/2014,BTC-USD,509.6121316,515.5766689,504.8044397,506.007067
1409270400,29/08/2014,BTC-USD,506.007067,513.0722465,499.2748316,508.5748158
1409356800,30/08/2014,BTC-USD,508.5748158,508.5748158,496.5118579,499.4079478
1409443200,31/08/2014,BTC-USD,499.4079478,501.8636503,472.1667223,477.6887387
1409529600,01/09/2014,BTC-USD,477.6887387,484.8238904,471.3107256,472.9731601
1409616000,02/09/2014,BTC-USD,472.9731601,484.0207035,469.3770422,475.4740551
1409702400,03/09/2014,BTC-USD,475.4740551,479.818994,473.8228316,474.6710994
1409788800,04/09/2014,BTC-USD,474.6710994,496.0145917,472.6540638,489.8903912
1409875200,05/09/2014,BTC-USD,489.8903912,491.4046188,478.8296545,482.0538705
1409961600,06/09/2014,BTC-USD,482.0538705,487.0461553,480.4527531,483.8025353
1410048000,07/09/2014,BTC-USD,483.8025353,486.9370517,480.0563835,480.0563835
1410134400,08/09/2014,BTC-USD,480.0563835,480.9382035,464.2437816,471.3413002
1410220800,09/09/2014,BTC-USD,471.3413002,478.3538669,463.8463213,473.0663721
1410307200,10/09/2014,BTC-USD,473.0663721,488.8954058,473.0663721,478.5353878
1410393600,11/09/2014,BTC-USD,478.5353878,481.0000331,472.9070354,477.9544106
1410480000,12/09/2014,BTC-USD,477.9544106,478.3281905,468.2646596,474.5948746
1410566400,13/09/2014,BTC-USD,474.5948746,484.0987745,473.2068928,478.2413022
1410652800,14/09/2014,BTC-USD,478.2413022,482.1089649,475.6772952,476.766878
1410739200,15/09/2014,BTC-USD,476.766878,480.1651503,474.769636,474.769636
1410825600,16/09/2014,BTC-USD,474.769636,475.4024879,463.6089884,466.3583406
1410912000,17/09/2014,BTC-USD,466.3583406,467.6324461,452.1430293,458.1294415
1410998400,18/09/2014,BTC-USD,458.1294415,458.7287924,409.1794966,424.6699529
1411084800,19/09/2014,BTC-USD,424.6699529,430.7380057,381.8392735,393.4818935
1411171200,20/09/2014,BTC-USD,393.4818935,426.2060229,386.143594,408.5753438
1411257600,21/09/2014,BTC-USD,408.5753438,414.0323251,393.3663977,399.2178367
1411344000,22/09/2014,BTC-USD,399.2178367,409.6897141,397.8806041,404.8737046
1411430400,23/09/2014,BTC-USD,404.8737046,447.0135819,392.8320866,438.9473557
1411516800,24/09/2014,BTC-USD,438.9473557,440.0571435,421.9943925,424.4308379
1411603200,25/09/2014,BTC-USD,424.4308379,426.276425,404.9139851,409.9279568
1411689600,26/09/2014,BTC-USD,409.9279568,414.9035851,396.4872841,404.1472915
1411776000,27/09/2014,BTC-USD,404.1472915,408.8871583,393.5789018,399.8137483
1411862400,28/09/2014,BTC-USD,399.8137483,402.169305,366.7113518,376.560803
1411948800,29/09/2014,BTC-USD,376.560803,385.7668376,368.6925157,373.9979683
1412035200,30/09/2014,BTC-USD,373.9979683,397.2202366,370.298804,387.1236409
1412121600,01/10/2014,BTC-USD,387.1236409,391.1791619,377.03668,382.7886175
1412208000,02/10/2014,BTC-USD,382.7886175,385.363339,368.4749573,371.5863683
1412294400,03/10/2014,BTC-USD,371.5863683,376.5692891,355.2042473,359.6692647
1412380800,04/10/2014,BTC-USD,359.6692647,366.9144499,322.6127038,328.3355465
1412467200,05/10/2014,BTC-USD,328.3355465,345.1839198,279.2085657,319.6782256
1412553600,06/10/2014,BTC-USD,319.6782256,346.0938009,301.9295162,327.1887908
1412640000,07/10/2014,BTC-USD,327.1887908,339.6693589,317.4522085,335.6269589
1412726400,08/10/2014,BTC-USD,335.6269589,354.9682304,324.2977961,353.1771689
1412812800,09/10/2014,BTC-USD,353.1771689,386.2624226,347.4418339,363.6797885
1412899200,10/10/2014,BTC-USD,363.6797885,377.892014,351.6727104,359.1853428
1412985600,11/10/2014,BTC-USD,359.1853428,368.2192465,351.7156626,360.9226847
1413072000,12/10/2014,BTC-USD,360.9226847,381.2379909,352.5985798,378.2245593
1413158400,13/10/2014,BTC-USD,378.2245593,398.6388606,368.3929079,391.0052178
1413244800,14/10/2014,BTC-USD,391.0052178,413.4264646,391.0052178,399.0929289
1413331200,15/10/2014,BTC-USD,399.0929289,401.914424,386.6425307,394.2426162
1413417600,16/10/2014,BTC-USD,394.2426162,399.8015465,370.7919932,381.7712322
1413504000,17/10/2014,BTC-USD,381.7712322,385.9758764,372.2406253,382.5181269
1413590400,18/10/2014,BTC-USD,382.5181269,395.4519528,377.0896092,390.6997203
1413676800,19/10/2014,BTC-USD,390.6997203,393.9989016,383.7842407,387.9184431
1413763200,20/10/2014,BTC-USD,387.9184431,388.4259015,372.7708903,380.7244984
1413849600,21/10/2014,BTC-USD,380.7244984,393.5020949,377.4572634,383.9995671
1413936000,22/10/2014,BTC-USD,383.9995671,386.7445276,377.9196105,379.4259623
1414022400,23/10/2014,BTC-USD,379.4259623,383.6578238,355.0771268,358.063096
1414108800,24/10/2014,BTC-USD,358.063096,363.0111698,351.6926812,357.1082558
1414195200,25/10/2014,BTC-USD,357.1082558,358.9241155,338.3172529,345.5638995
1414281600,26/10/2014,BTC-USD,345.5638995,358.8440027,340.4054602,353.1743172
1414368000,27/10/2014,BTC-USD,353.1743172,357.9172289,347.5397717,349.6525201
1414454400,28/10/2014,BTC-USD,349.6525201,355.8372099,349.0450416,353.459514
1414540800,29/10/2014,BTC-USD,353.459514,353.7733882,332.1213119,333.407201
1414627200,30/10/2014,BTC-USD,333.407201,350.5717022,331.3425223,344.874984
1414713600,31/10/2014,BTC-USD,344.874984,347.9987414,334.3358287,336.7958156
1414800000,01/11/2014,BTC-USD,336.7958156,339.120397,317.1478159,325.7668709
1414886400,02/11/2014,BTC-USD,325.7668709,329.5600138,317.9378639,323.9710354
1414972800,03/11/2014,BTC-USD,323.9710354,333.7745525,323.9710354,325.0335171
1415059200,04/11/2014,BTC-USD,325.0335171,331.1753423,321.1456283,329.6841175
1415145600,05/11/2014,BTC-USD,329.6841175,342.5303342,329.6841175,338.8713693
1415232000,06/11/2014,BTC-USD,338.8713693,354.2035792,336.8432213,349.7215455
1415318400,07/11/2014,BTC-USD,349.7215455,353.9125968,338.6255365,342.0813354
1415404800,08/11/2014,BTC-USD,342.0813354,347.7722067,341.0514118,344.7817894
1415491200,09/11/2014,BTC-USD,344.7817894,364.0712018,343.2572848,362.596848
1415577600,10/11/2014,BTC-USD,362.596848,374.0848408,356.5828651,366.1042866
1415664000,11/11/2014,BTC-USD,366.1042866,370.9944959,361.331831,368.0546419
1415750400,12/11/2014,BTC-USD,368.0546419,434.5138075,368.0546419,431.7352074
1415836800,13/11/2014,BTC-USD,431.7352074,471.9704991,383.9757779,419.011925
1415923200,14/11/2014,BTC-USD,419.011925,422.9109691,382.9725417,399.92489
1416009600,15/11/2014,BTC-USD,399.92489,409.4289039,368.1514089,375.733837
1416096000,16/11/2014,BTC-USD,375.733837,398.3476128,373.0219126,391.6296837
1416182400,17/11/2014,BTC-USD,391.6296837,413.3337704,375.0208682,387.4721067
1416268800,18/11/2014,BTC-USD,387.4721067,392.9680236,367.4776683,373.1919113
1416355200,19/11/2014,BTC-USD,373.1919113,385.8194483,369.334587,376.3064829
1416441600,20/11/2014,BTC-USD,376.3064829,379.6850351,352.3215859,356.9287716
1416528000,21/11/2014,BTC-USD,356.9287716,357.3692523,341.2436224,350.5851471
1416614400,22/11/2014,BTC-USD,350.5851471,364.9768817,349.9538499,352.6345666
1416700800,23/11/2014,BTC-USD,352.6345666,372.0574616,352.453743,367.8579657
1416787200,24/11/2014,BTC-USD,367.8579657,390.8545221,365.5084903,376.0218122
1416873600,25/11/2014,BTC-USD,376.0218122,395.8743768,375.2753636,377.0592321
1416960000,26/11/2014,BTC-USD,377.0592321,378.7477594,365.6120764,369.1193301
1417046400,27/11/2014,BTC-USD,369.1193301,374.6520345,368.1513313,370.1537629
1417132800,28/11/2014,BTC-USD,370.1537629,383.5626591,357.674088,377.2867381
1417219200,29/11/2014,BTC-USD,377.2867381,388.7115411,372.0766858,376.0337493
1417305600,30/11/2014,BTC-USD,376.0337493,384.5967134,373.9075775,379.3695716
1417392000,01/12/2014,BTC-USD,379.3695716,384.513049,377.0911135,380.0863074
1417478400,02/12/2014,BTC-USD,380.0863074,385.3349943,378.0600021,382.3632142
1417564800,03/12/2014,BTC-USD,382.3632142,384.5511903,373.6342676,375.9858597
1417651200,04/12/2014,BTC-USD,375.9858597,379.7302817,366.9530233,370.2609964
1417737600,05/12/2014,BTC-USD,370.2609964,380.2816042,366.3531432,377.551741
1417824000,06/12/2014,BTC-USD,377.551741,379.4475363,370.8996274,376.2763779
1417910400,07/12/2014,BTC-USD,376.2763779,378.4301154,373.8706388,376.4309178
1417996800,08/12/2014,BTC-USD,376.4309178,377.7719635,361.4363077,361.9452958
1418083200,09/12/2014,BTC-USD,361.9452958,363.6921762,344.2688584,352.1139266
1418169600,10/12/2014,BTC-USD,352.1139266,352.5764909,345.3268667,345.3268667
1418256000,11/12/2014,BTC-USD,345.3268667,362.5888494,337.7594481,348.8324608
1418342400,12/12/2014,BTC-USD,348.8324608,355.8692676,347.553089,352.5232631
1418428800,13/12/2014,BTC-USD,352.5232631,353.1449483,345.4744481,348.064134
1418515200,14/12/2014,BTC-USD,348.064134,357.2080915,346.5612939,354.0595052
1418601600,15/12/2014,BTC-USD,354.0595052,354.7275918,345.8478207,346.4141652
1418688000,16/12/2014,BTC-USD,346.4141652,347.5084657,326.0676253,326.0676253
1418774400,17/12/2014,BTC-USD,326.0676253,334.4136875,315.1762368,320.3110643
1418860800,18/12/2014,BTC-USD,320.3110643,324.8950599,303.6605775,312.0577809
1418947200,19/12/2014,BTC-USD,312.0577809,319.4327292,306.7851999,318.4698711
1419033600,20/12/2014,BTC-USD,318.4698711,330.7621402,316.3152609,330.4889003
1419120000,21/12/2014,BTC-USD,330.4889003,330.4994701,318.1944314,320.8743527
1419206400,22/12/2014,BTC-USD,320.8743527,335.1510238,320.6801554,332.4666063
1419292800,23/12/2014,BTC-USD,332.4666063,338.1281032,329.4833507,336.2529023
1419379200,24/12/2014,BTC-USD,336.2529023,336.3701025,321.2160388,323.058627
1419465600,25/12/2014,BTC-USD,323.058627,323.330723,316.4153145,319.0758294
1419552000,26/12/2014,BTC-USD,319.0758294,331.6560761,316.4981384,328.0210546
1419638400,27/12/2014,BTC-USD,328.0210546,329.8251346,311.7981304,316.2365933
1419724800,28/12/2014,BTC-USD,316.2365933,318.7767942,310.923179,317.2177513
1419811200,29/12/2014,BTC-USD,317.2177513,320.3478836,311.924893,312.9910883
1419897600,30/12/2014,BTC-USD,312.9910883,315.3647193,309.2910814,311.3381555
1419984000,31/12/2014,BTC-USD,311.3381555,322.1400702,310.2395832,322.1400702
1420070400,01/01/2015,BTC-USD,322.1400702,322.1400702,314.0569291,314.7689353
1420156800,02/01/2015,BTC-USD,314.7689353,316.7510154,313.1029069,316.2020808
1420243200,03/01/2015,BTC-USD,316.2020808,316.5442619,279.7541849,279.7541849
1420329600,04/01/2015,BTC-USD,279.7541849,287.7164512,255.9891122,264.1171671
1420416000,05/01/2015,BTC-USD,264.1171671,279.5816328,264.1171671,274.9337547
1420502400,06/01/2015,BTC-USD,274.9337547,291.1849439,272.5347652,288.3933796
1420588800,07/01/2015,BTC-USD,288.3933796,302.8441257,284.1600123,298.0674545
1420675200,08/01/2015,BTC-USD,298.0674545,298.0674545,282.6640977,283.4602013
1420761600,09/01/2015,BTC-USD,283.4602013,296.2771509,280.8734246,291.368121
1420848000,10/01/2015,BTC-USD,291.368121,292.4484988,273.9217966,275.8326891
1420934400,11/01/2015,BTC-USD,275.8326891,281.3957306,265.6266165,266.9344825
1421020800,12/01/2015,BTC-USD,266.9344825,273.6066851,265.8952794,268.2300273
1421107200,13/01/2015,BTC-USD,268.2300273,268.8876154,219.1073477,228.4172943
1421193600,14/01/2015,BTC-USD,228.4172943,228.4172943,171.4043404,178.4980244
1421280000,15/01/2015,BTC-USD,178.4980244,230.6896885,175.8124024,210.0544406
1421366400,16/01/2015,BTC-USD,210.0544406,222.5681398,199.0488415,208.4479817
1421452800,17/01/2015,BTC-USD,208.4479817,212.668985,193.6832659,200.6387575
1421539200,18/01/2015,BTC-USD,200.6387575,221.3079469,194.4088611,211.2557763
1421625600,19/01/2015,BTC-USD,211.2557763,219.3316608,207.614022,216.2992972
1421712000,20/01/2015,BTC-USD,216.2992972,217.3078636,204.3876343,211.8589544
1421798400,21/01/2015,BTC-USD,211.8589544,228.9016611,210.9625328,227.6633105
1421884800,22/01/2015,BTC-USD,227.6633105,239.6205627,226.099752,234.3098611
1421971200,23/01/2015,BTC-USD,234.3098611,236.5145025,225.557709,233.3181796
1422057600,24/01/2015,BTC-USD,233.3181796,249.7210133,229.550053,249.034448
1422144000,25/01/2015,BTC-USD,249.034448,256.8994561,245.1166096,254.6732669
1422230400,26/01/2015,BTC-USD,254.6732669,311.2015854,254.6732669,275.7408123
1422316800,27/01/2015,BTC-USD,275.7408123,278.7084321,249.707736,265.3032927
1422403200,28/01/2015,BTC-USD,265.3032927,268.974216,226.6671866,234.6576617
1422489600,29/01/2015,BTC-USD,234.6576617,239.9773812,220.9264883,234.1408946
1422576000,30/01/2015,BTC-USD,234.1408946,243.8890737,226.0889402,227.4350799
1422662400,31/01/2015,BTC-USD,227.4350799,234.0549098,215.5705986,216.6614931
1422748800,01/02/2015,BTC-USD,216.6614931,233.0594454,211.7013464,227.2158808
1422835200,02/02/2015,BTC-USD,227.2158808,244.9306849,222.7284264,238.8882444
1422921600,03/02/2015,BTC-USD,238.8882444,247.1841084,223.9855599,228.1707831
1423008000,04/02/2015,BTC-USD,228.1707831,231.1214322,220.9503173,227.4136957
1423094400,05/02/2015,BTC-USD,227.4136957,228.8275656,214.2138891,216.6528842
1423180800,06/02/2015,BTC-USD,216.6528842,225.3425363,215.684765,222.7823267
1423267200,07/02/2015,BTC-USD,222.7823267,235.1592684,222.7823267,228.816044
1423353600,08/02/2015,BTC-USD,228.816044,231.3831651,220.9408698,224.043052
1423440000,09/02/2015,BTC-USD,224.043052,224.9779908,217.0024277,220.7462324
1423526400,10/02/2015,BTC-USD,220.7462324,222.7639381,214.9024756,220.8986434
1423612800,11/02/2015,BTC-USD,220.8986434,223.9225561,218.588635,219.915895
1423699200,12/02/2015,BTC-USD,219.915895,223.1662024,218.0546634,222.7307322
1423785600,13/02/2015,BTC-USD,222.7307322,242.1675967,221.7860899,236.2117532
1423872000,14/02/2015,BTC-USD,236.2117532,260.3546039,236.0268482,256.9579254
1423958400,15/02/2015,BTC-USD,256.9579254,267.6264376,228.2243569,235.5583107
1424044800,16/02/2015,BTC-USD,235.5583107,241.6453223,229.6570201,233.9262035
1424131200,17/02/2015,BTC-USD,233.9262035,246.36488,232.3544903,244.2505551
1424217600,18/02/2015,BTC-USD,244.2505551,244.8775563,232.314361,236.7244038
1424304000,19/02/2015,BTC-USD,236.7244038,243.7267783,235.7278176,240.4647242
1424390400,20/02/2015,BTC-USD,240.4647242,248.3705055,239.6848552,244.904422
1424476800,21/02/2015,BTC-USD,244.904422,247.6958458,243.9991413,245.639535
1424563200,22/02/2015,BTC-USD,245.639535,247.4165568,234.0334892,237.0137272
1424649600,23/02/2015,BTC-USD,237.0137272,242.5326744,232.7558327,241.4002492
1424736000,24/02/2015,BTC-USD,241.4002492,242.7913291,236.8923952,239.8161978
1424822400,25/02/2015,BTC-USD,239.8161978,242.6549555,236.1751544,238.1449599
1424908800,26/02/2015,BTC-USD,238.1449599,238.3718795,234.2942558,237.0268908
1424995200,27/02/2015,BTC-USD,237.0268908,258.2043539,236.6921527,254.5242481
1425081600,28/02/2015,BTC-USD,254.5242481,256.2045428,250.2048605,255.1903996
1425168000,01/03/2015,BTC-USD,255.1903996,263.4063245,246.4890295,261.4426211
1425254400,02/03/2015,BTC-USD,261.4426211,278.7227817,259.1584028,276.9047798
1425340800,03/03/2015,BTC-USD,276.9047798,288.2815433,268.0032658,282.7946211
1425427200,04/03/2015,BTC-USD,282.7946211,285.0924874,268.229384,273.2668938
1425513600,05/03/2015,BTC-USD,273.2668938,283.2141087,263.9313413,276.962909
1425600000,06/03/2015,BTC-USD,276.962909,278.7000767,269.9369223,273.2456708
1425686400,07/03/2015,BTC-USD,273.2456708,279.3867759,270.7362192,276.944904
1425772800,08/03/2015,BTC-USD,276.944904,278.3737677,272.2531277,275.4763778
1425859200,09/03/2015,BTC-USD,275.4763778,293.7805641,275.0010102,290.3850125
1425945600,10/03/2015,BTC-USD,290.3850125,300.9912346,289.4973873,292.234722
1426032000,11/03/2015,BTC-USD,292.234722,297.6525223,290.8179621,296.7906834
1426118400,12/03/2015,BTC-USD,296.7906834,298.2860159,292.3578119,295.7151681
1426204800,13/03/2015,BTC-USD,295.7151681,295.8068956,283.3092641,283.3092641
1426291200,14/03/2015,BTC-USD,283.3092641,287.7009016,281.6771834,282.7142369
1426377600,15/03/2015,BTC-USD,282.7142369,287.9279215,281.9927348,287.1625594
1426464000,16/03/2015,BTC-USD,287.1625594,294.7733854,286.8292462,291.1999884
1426550400,17/03/2015,BTC-USD,291.1999884,292.9038472,283.5300147,285.188943
1426636800,18/03/2015,BTC-USD,285.188943,285.3163072,249.4714263,257.3596811
1426723200,19/03/2015,BTC-USD,257.3596811,266.3708989,248.3956814,262.0377582
1426809600,20/03/2015,BTC-USD,262.0377582,266.1793068,259.5782729,262.506448
1426896000,21/03/2015,BTC-USD,262.506448,262.7365216,256.059592,260.7258632
1426982400,22/03/2015,BTC-USD,260.7258632,270.7833643,259.8265647,268.5677751
1427068800,23/03/2015,BTC-USD,268.5677751,270.9579949,261.9634195,267.0701012
1427155200,24/03/2015,BTC-USD,267.0701012,267.7529583,243.1988301,245.8146539
1427241600,25/03/2015,BTC-USD,245.8146539,249.8908896,236.2734956,246.3779321
1427328000,26/03/2015,BTC-USD,246.3779321,254.2743571,244.9452138,249.4069501
1427414400,27/03/2015,BTC-USD,249.4069501,250.3959598,245.7579918,247.0626337
1427500800,28/03/2015,BTC-USD,247.0626337,254.7584359,246.9735159,253.0674798
1427587200,29/03/2015,BTC-USD,253.0674798,253.1214822,240.2991815,242.6539264
1427673600,30/03/2015,BTC-USD,242.6539264,249.9411508,237.0589122,248.1591994
1427760000,31/03/2015,BTC-USD,248.1591994,248.9161445,241.88774,244.6818992
1427846400,01/04/2015,BTC-USD,244.6818992,247.7769409,240.0216326,247.17161
1427932800,02/04/2015,BTC-USD,247.17161,254.9030163,245.0200985,253.517268
1428019200,03/04/2015,BTC-USD,253.517268,256.3996651,251.6670325,254.418209
1428105600,04/04/2015,BTC-USD,254.418209,255.6348506,250.88589,253.8369326
1428192000,05/04/2015,BTC-USD,253.8369326,261.0202915,252.0393159,260.7941837
1428278400,06/04/2015,BTC-USD,260.7941837,262.3092077,254.3123528,255.876907
1428364800,07/04/2015,BTC-USD,255.876907,257.2626242,253.3200922,253.9166935
1428451200,08/04/2015,BTC-USD,253.9166935,255.0791482,243.3823731,245.3920728
1428537600,09/04/2015,BTC-USD,245.3920728,246.7443917,238.3778497,243.4640745
1428624000,10/04/2015,BTC-USD,243.4640745,243.6987186,232.056613,236.300607
1428710400,11/04/2015,BTC-USD,236.300607,239.4047726,234.0646402,236.9946566
1428796800,12/04/2015,BTC-USD,236.9946566,238.3593372,233.4502594,236.6854726
1428883200,13/04/2015,BTC-USD,236.6854726,237.5268473,220.5205456,224.7336879
1428969600,14/04/2015,BTC-USD,224.7336879,225.3614833,215.9101195,219.1998724
1429056000,15/04/2015,BTC-USD,219.1998724,223.7528692,218.5692073,223.735949
1429142400,16/04/2015,BTC-USD,223.735949,229.9296991,223.458472,228.310457
1429228800,17/04/2015,BTC-USD,228.310457,228.9515055,220.405791,222.6764929
1429315200,18/04/2015,BTC-USD,222.6764929,224.1435878,220.6739034,223.4579874
1429401600,19/04/2015,BTC-USD,223.4579874,226.4247402,222.3652642,222.5937547
1429488000,20/04/2015,BTC-USD,222.5937547,226.6963662,221.9129689,224.5161046
1429574400,21/04/2015,BTC-USD,224.5161046,236.1762045,224.5161046,236.1762045
1429660800,22/04/2015,BTC-USD,236.1762045,238.542759,233.2111143,234.0330205
1429747200,23/04/2015,BTC-USD,234.0330205,236.3644912,233.1988856,236.0678947
1429833600,24/04/2015,BTC-USD,236.0678947,236.3474647,229.5991155,231.1315224
1429920000,25/04/2015,BTC-USD,231.1315224,232.7455969,226.2440286,226.3001297
1430006400,26/04/2015,BTC-USD,226.3001297,227.0237004,214.8802892,219.9858815
1430092800,27/04/2015,BTC-USD,219.9858815,230.8486939,218.4033115,227.4208952
1430179200,28/04/2015,BTC-USD,227.4208952,227.9612667,222.3956235,225.4007831
1430265600,29/04/2015,BTC-USD,225.4007831,227.0379353,222.7017645,225.4725294
1430352000,30/04/2015,BTC-USD,225.4725294,240.0858478,224.97474,236.3112642
1430438400,01/05/2015,BTC-USD,236.3112642,238.7903274,231.9345989,232.0835183
1430524800,02/05/2015,BTC-USD,232.0835183,235.7916143,232.0835183,234.9728825
1430611200,03/05/2015,BTC-USD,234.9728825,243.1358249,233.8989064,240.4227453
1430697600,04/05/2015,BTC-USD,240.4227453,242.7801237,237.6138229,238.8469706
1430784000,05/05/2015,BTC-USD,238.8469706,239.2818496,231.0258129,235.9586395
1430870400,06/05/2015,BTC-USD,235.9586395,236.5572444,228.2277761,229.2555899
1430956800,07/05/2015,BTC-USD,229.2555899,239.1989435,228.0577484,237.2480005
1431043200,08/05/2015,BTC-USD,237.2480005,247.1944852,236.2449999,244.2642225
1431129600,09/05/2015,BTC-USD,244.2642225,248.1933628,239.851361,242.4573076
1431216000,10/05/2015,BTC-USD,242.4573076,245.0129102,239.0958104,240.6671798
1431302400,11/05/2015,BTC-USD,240.6671798,244.8438727,238.912715,242.121705
1431388800,12/05/2015,BTC-USD,242.121705,243.2676397,240.0828383,241.7141219
1431475200,13/05/2015,BTC-USD,241.7141219,244.3797988,235.1330348,235.9495814
1431561600,14/05/2015,BTC-USD,235.9495814,238.285666,232.8652307,237.0242471
1431648000,15/05/2015,BTC-USD,237.0242471,238.8775412,236.0746006,237.6158269
1431734400,16/05/2015,BTC-USD,237.6158269,237.7171298,234.6990021,236.0434239
1431820800,17/05/2015,BTC-USD,236.0434239,237.6843354,235.7924776,236.3231592
1431907200,18/05/2015,BTC-USD,236.3231592,237.1546155,231.4774998,233.2582725
1431993600,19/05/2015,BTC-USD,233.2582725,234.1263076,231.6805966,231.9052813
1432080000,20/05/2015,BTC-USD,231.9052813,234.8841223,231.9052813,234.300875
1432166400,21/05/2015,BTC-USD,234.300875,236.336542,234.1528204,235.4416772
1432252800,22/05/2015,BTC-USD,235.4416772,241.2408326,234.5150976,240.3940334
1432339200,23/05/2015,BTC-USD,240.3940334,240.8063885,238.0603605,238.8342619
1432425600,24/05/2015,BTC-USD,238.8342619,242.4669423,238.494193,240.5927081
1432512000,25/05/2015,BTC-USD,240.5927081,240.8565838,235.8947415,237.270562
1432598400,26/05/2015,BTC-USD,237.270562,238.1680019,235.366636,236.9909359
1432684800,27/05/2015,BTC-USD,236.9909359,238.6794156,235.6260596,236.3739905
1432771200,28/05/2015,BTC-USD,236.3739905,237.3433199,235.8481896,236.9073363
1432857600,29/05/2015,BTC-USD,236.9073363,237.0028577,234.9039464,236.5071444
1432944000,30/05/2015,BTC-USD,236.5071444,236.5946328,231.2443662,232.7059761
1433030400,31/05/2015,BTC-USD,232.7059761,232.8300341,228.1021037,229.1584456
1433116800,01/06/2015,BTC-USD,229.1584456,230.9591749,220.5197342,222.7146118
1433203200,02/06/2015,BTC-USD,222.7146118,225.8985117,221.7523763,225.1558868
1433289600,03/06/2015,BTC-USD,225.1558868,226.8977804,222.9106815,225.207661
1433376000,04/06/2015,BTC-USD,225.207661,225.6786075,223.2260947,223.6498524
1433462400,05/06/2015,BTC-USD,223.6498524,225.636966,222.7694513,224.5708327
1433548800,06/06/2015,BTC-USD,224.5708327,225.366715,223.7076051,225.366715
1433635200,07/06/2015,BTC-USD,225.366715,225.8791156,222.5124461,223.3183603
1433721600,08/06/2015,BTC-USD,223.3183603,229.7483773,223.207998,228.7224974
1433808000,09/06/2015,BTC-USD,228.7224974,231.5054209,227.8965897,229.113379
1433894400,10/06/2015,BTC-USD,229.113379,229.831562,227.7709817,228.5414943
1433980800,11/06/2015,BTC-USD,228.5414943,230.1250642,228.3602751,229.6486991
1434067200,12/06/2015,BTC-USD,229.6486991,230.9363541,229.0253639,229.5024625
1434153600,13/06/2015,BTC-USD,229.5024625,233.2520895,228.6188791,232.8951571
1434240000,14/06/2015,BTC-USD,232.8951571,234.8932715,232.2399738,233.2250418
1434326400,15/06/2015,BTC-USD,233.2250418,237.6999538,232.9823494,236.640351
1434412800,16/06/2015,BTC-USD,236.640351,251.950446,235.8179345,251.6764315
1434499200,17/06/2015,BTC-USD,251.6764315,258.1982971,246.2253259,248.8021783
1434585600,18/06/2015,BTC-USD,248.8021783,252.8361825,243.545526,249.354989
1434672000,19/06/2015,BTC-USD,249.354989,251.4063992,244.0216728,244.7492109
1434758400,20/06/2015,BTC-USD,244.7492109,245.9834893,240.5989664,245.3849329
1434844800,21/06/2015,BTC-USD,245.3849329,245.7644473,241.4599883,244.1894521
1434931200,22/06/2015,BTC-USD,244.1894521,247.8238344,243.6467968,246.6715695
1435017600,23/06/2015,BTC-USD,246.6715695,247.2946855,242.7157667,244.2535332
1435104000,24/06/2015,BTC-USD,244.2535332,244.26285,239.7179568,239.9549349
1435190400,25/06/2015,BTC-USD,239.9549349,242.9001845,239.8558239,242.227366
1435276800,26/06/2015,BTC-USD,242.227366,243.2878262,240.9709728,243.1983436
1435363200,27/06/2015,BTC-USD,243.1983436,251.6149816,242.5728091,251.4840556
1435449600,28/06/2015,BTC-USD,251.4840556,251.6609507,247.3514298,248.8636704
1435536000,29/06/2015,BTC-USD,248.8636704,257.0651735,248.7087239,256.6748097
1435622400,30/06/2015,BTC-USD,256.6748097,268.4466302,255.3035902,263.0282797
1435708800,01/07/2015,BTC-USD,263.0282797,264.8172272,254.5209141,258.1252654
1435795200,02/07/2015,BTC-USD,258.1252654,261.5594593,253.5876037,254.7376115
1435881600,03/07/2015,BTC-USD,254.7376115,256.6507771,252.8093477,256.3096106
1435968000,04/07/2015,BTC-USD,256.3096106,261.2678118,253.9818015,260.5319622
1436054400,05/07/2015,BTC-USD,260.5319622,274.5140827,258.5374586,271.4979498
1436140800,06/07/2015,BTC-USD,271.4979498,278.2869337,267.4779922,268.9859616
1436227200,07/07/2015,BTC-USD,268.9859616,271.6993936,264.3622015,265.8046711
1436313600,08/07/2015,BTC-USD,265.8046711,273.801907,263.9589694,270.6061626
1436400000,09/07/2015,BTC-USD,270.6061626,272.6986272,266.516436,269.3497216
1436486400,10/07/2015,BTC-USD,269.3497216,295.1788217,269.0402123,285.5916891
1436572800,11/07/2015,BTC-USD,285.5916891,298.7799559,283.7863449,293.2812719
1436659200,12/07/2015,BTC-USD,293.2812719,315.7287613,292.4130738,311.3781451
1436745600,13/07/2015,BTC-USD,311.3781451,311.3781451,281.4189217,292.7113712
1436832000,14/07/2015,BTC-USD,292.7113712,297.1555219,286.5168605,287.7100439
1436918400,15/07/2015,BTC-USD,287.7100439,294.1657331,284.5705164,285.7014045
1437004800,16/07/2015,BTC-USD,285.7014045,292.9644049,275.5797089,278.6957733
1437091200,17/07/2015,BTC-USD,278.6957733,281.1894986,272.3136597,280.0432366
1437177600,18/07/2015,BTC-USD,280.0432366,283.2229577,276.3699366,277.1707265
1437264000,19/07/2015,BTC-USD,277.1707265,278.2619384,274.7971409,274.8572216
1437350400,20/07/2015,BTC-USD,274.8572216,279.9836024,274.0807718,279.9836024
1437436800,21/07/2015,BTC-USD,279.9836024,281.7474107,276.3009157,276.664715
1437523200,22/07/2015,BTC-USD,276.664715,278.5445782,275.4931587,278.5324881
1437609600,23/07/2015,BTC-USD,278.5324881,279.4031949,276.5029673,277.1799007
1437696000,24/07/2015,BTC-USD,277.1799007,290.252013,276.139508,289.1093212
1437782400,25/07/2015,BTC-USD,289.1093212,291.9513192,286.9999588,289.4079998
1437868800,26/07/2015,BTC-USD,289.4079998,294.28738,288.4402398,293.547475
1437955200,27/07/2015,BTC-USD,293.547475,297.9136731,286.7881733,294.5602174
1438041600,28/07/2015,BTC-USD,294.5602174,297.6952827,293.7215879,295.1829718
1438128000,29/07/2015,BTC-USD,295.1829718,295.2576291,288.515801,290.2713649
1438214400,30/07/2015,BTC-USD,290.2713649,291.1131939,286.2643762,288.4310603
1438300800,31/07/2015,BTC-USD,288.4310603,289.9294017,282.6946678,284.8326823
1438387200,01/08/2015,BTC-USD,284.8326823,285.294962,277.4439195,280.4815531
1438473600,02/08/2015,BTC-USD,280.4815531,282.8841684,276.8375258,282.3538333
1438560000,03/08/2015,BTC-USD,282.3538333,286.3024568,279.8538162,281.1240373
1438646400,04/08/2015,BTC-USD,281.1240373,285.8794981,281.1240373,285.3480242
1438732800,05/08/2015,BTC-USD,285.3480242,285.8827672,281.5950633,282.6320665
1438819200,06/08/2015,BTC-USD,282.6320665,282.6320665,278.9344471,279.7299854
1438905600,07/08/2015,BTC-USD,279.7299854,281.5362063,276.7969055,280.1314225
1438992000,08/08/2015,BTC-USD,280.1314225,280.4751526,260.8978741,261.8939163
1439078400,09/08/2015,BTC-USD,261.8939163,267.8115858,261.1958772,266.0024063
1439164800,10/08/2015,BTC-USD,266.0024063,267.4342608,263.0316292,265.0960238
1439251200,11/08/2015,BTC-USD,265.0960238,271.9426896,264.907167,271.905537
1439337600,12/08/2015,BTC-USD,271.905537,272.3075216,266.1799343,267.5082354
1439424000,13/08/2015,BTC-USD,267.5082354,267.6840698,263.2894063,264.7622289
1439510400,14/08/2015,BTC-USD,264.7622289,268.0770646,262.4052648,266.1096742
1439596800,15/08/2015,BTC-USD,266.1096742,267.2548303,261.5503843,262.4219332
1439683200,16/08/2015,BTC-USD,262.4219332,262.8169376,256.6375519,259.136902
1439769600,17/08/2015,BTC-USD,259.136902,261.0740974,256.9026712,257.7976182
1439856000,18/08/2015,BTC-USD,257.7976182,257.9717306,215.7657768,221.286454
1439942400,19/08/2015,BTC-USD,221.286454,237.7563404,216.9433032,226.7241326
1440028800,20/08/2015,BTC-USD,226.7241326,237.3796873,226.7241326,235.7249093
1440115200,21/08/2015,BTC-USD,235.7249093,236.7094387,231.5554245,233.0536311
1440201600,22/08/2015,BTC-USD,233.0536311,235.1886261,223.0004534,230.7817985
1440288000,23/08/2015,BTC-USD,230.7817985,233.1275856,226.3115958,229.0636054
1440374400,24/08/2015,BTC-USD,229.0636054,229.1572191,209.966507,210.5885753
1440460800,25/08/2015,BTC-USD,210.5885753,227.8413215,199.3854281,222.7661938
1440547200,26/08/2015,BTC-USD,222.7661938,231.5333481,220.0896324,226.1897422
1440633600,27/08/2015,BTC-USD,226.1897422,229.1623235,223.9017306,225.5100719
1440720000,28/08/2015,BTC-USD,225.5100719,236.3350858,220.9953875,231.7421396
1440806400,29/08/2015,BTC-USD,231.7421396,233.8612251,227.6660405,230.5904269
1440892800,30/08/2015,BTC-USD,230.5904269,233.0159258,226.0994448,229.4555569
1440979200,31/08/2015,BTC-USD,229.4555569,232.9632496,225.5217646,230.6801274
1441065600,01/09/2015,BTC-USD,230.6801274,231.9309247,226.9745523,228.2768935
1441152000,02/09/2015,BTC-USD,228.2768935,231.0667144,226.5468029,229.5881903
1441238400,03/09/2015,BTC-USD,229.5881903,230.1769477,226.7275073,227.4483285
1441324800,04/09/2015,BTC-USD,227.4483285,231.6809095,227.3039594,230.869809
1441411200,05/09/2015,BTC-USD,230.869809,237.250985,230.0002082,235.745613
1441497600,06/09/2015,BTC-USD,235.745613,244.5219283,235.4680736,240.7247268
1441584000,07/09/2015,BTC-USD,240.7247268,242.6661763,239.0462917,240.6263979
1441670400,08/09/2015,BTC-USD,240.6263979,246.4780129,240.2567791,244.2513851
1441756800,09/09/2015,BTC-USD,244.2513851,244.7586487,238.2743943,238.7557566
1441843200,10/09/2015,BTC-USD,238.7557566,241.4733888,236.3081425,239.0821484
1441929600,11/09/2015,BTC-USD,239.0821484,241.7206187,238.7849404,240.5327967
1442016000,12/09/2015,BTC-USD,240.5327967,240.9109777,234.6801393,235.5533515
1442102400,13/09/2015,BTC-USD,235.5533515,236.308822,229.1431567,230.4628584
1442188800,14/09/2015,BTC-USD,230.4628584,233.0094419,226.9197828,230.5453064
1442275200,15/09/2015,BTC-USD,230.5453064,232.000319,229.2683894,230.7661083
1442361600,16/09/2015,BTC-USD,230.7661083,232.2360609,227.0068308,229.0420483
1442448000,17/09/2015,BTC-USD,229.0420483,235.3669347,228.4516818,233.1994664
1442534400,18/09/2015,BTC-USD,233.1994664,234.7648774,232.1584165,232.5402618
1442620800,19/09/2015,BTC-USD,232.5402618,233.9263217,230.9811419,231.2006783
1442707200,20/09/2015,BTC-USD,231.2006783,232.0888298,230.3229595,230.6987137
1442793600,21/09/2015,BTC-USD,230.6987137,231.0718569,226.2987927,226.8532086
1442880000,22/09/2015,BTC-USD,226.8532086,232.2360247,224.3107197,231.0212761
1442966400,23/09/2015,BTC-USD,231.0212761,232.198216,229.4375969,230.127125
1443052800,24/09/2015,BTC-USD,230.127125,235.7350224,230.0013199,234.5201768
1443139200,25/09/2015,BTC-USD,234.5201768,237.5123878,233.4835393,235.4208069
1443225600,26/09/2015,BTC-USD,235.4208069,235.8818823,233.5995339,234.3201484
1443312000,27/09/2015,BTC-USD,234.3201484,234.8800901,232.1500459,232.8021109
1443398400,28/09/2015,BTC-USD,232.8021109,240.1135111,232.3907373,239.7818198
1443484800,29/09/2015,BTC-USD,239.7818198,240.9452607,236.4995301,237.0636208
1443571200,30/09/2015,BTC-USD,237.0636208,238.3433395,235.362028,236.458024
1443657600,01/10/2015,BTC-USD,236.458024,239.5325864,236.1863384,237.7841175
1443744000,02/10/2015,BTC-USD,237.7841175,239.3633431,236.8255261,238.0987535
1443830400,03/10/2015,BTC-USD,238.0987535,240.1663417,237.4051208,239.4898968
1443916800,04/10/2015,BTC-USD,239.4898968,240.3548984,238.3348095,239.0310181
1444003200,05/10/2015,BTC-USD,239.0310181,241.2357383,237.1995101,241.1376581
1444089600,06/10/2015,BTC-USD,241.1376581,248.182231,240.6824196,246.8856628
1444176000,07/10/2015,BTC-USD,246.8856628,247.6512192,243.1819141,243.7086961
1444262400,08/10/2015,BTC-USD,243.7086961,245.0052584,242.8176888,243.1349716
1444348800,09/10/2015,BTC-USD,243.1349716,244.9257597,242.8407225,244.6634583
1444435200,10/10/2015,BTC-USD,244.6634583,246.0965344,243.3715685,245.906034
1444521600,11/10/2015,BTC-USD,245.906034,248.5854355,245.270064,248.219397
1444608000,12/10/2015,BTC-USD,248.219397,248.5880897,245.4413253,246.208993
1444694400,13/10/2015,BTC-USD,246.208993,251.0991906,244.1994743,250.5355232
1444780800,14/10/2015,BTC-USD,250.5355232,255.7467691,249.6035832,253.0087948
1444867200,15/10/2015,BTC-USD,253.0087948,256.7318913,252.4823106,254.9556825
1444953600,16/10/2015,BTC-USD,254.9556825,267.2809548,254.5133253,263.2940053
1445040000,17/10/2015,BTC-USD,263.2940053,274.0737317,262.6270755,272.0807942
1445126400,18/10/2015,BTC-USD,272.0807942,273.265611,262.5862319,263.8239621
1445212800,19/10/2015,BTC-USD,263.8239621,266.3185647,262.0550304,264.6977324
1445299200,20/10/2015,BTC-USD,264.6977324,272.9126546,263.7939793,270.8651487
1445385600,21/10/2015,BTC-USD,270.8651487,272.2757672,264.7154325,268.0599525
1445472000,22/10/2015,BTC-USD,268.0599525,279.3833488,267.4839342,275.5001861
1445558400,23/10/2015,BTC-USD,275.5001861,280.1374118,274.9882529,278.8518557
1445644800,24/10/2015,BTC-USD,278.8518557,283.9340677,278.590093,283.557116
1445731200,25/10/2015,BTC-USD,283.557116,295.4781787,283.29428,284.6098029
1445817600,26/10/2015,BTC-USD,284.6098029,287.1284069,281.4129863,286.9373188
1445904000,27/10/2015,BTC-USD,286.9373188,298.3686902,286.8765503,295.2666259
1445990400,28/10/2015,BTC-USD,295.2666259,307.6715719,295.003992,304.7024232
1446076800,29/10/2015,BTC-USD,304.7024232,319.9521757,301.8768623,314.6154463
1446163200,30/10/2015,BTC-USD,314.6154463,334.4762472,314.6154463,328.5712847
1446249600,31/10/2015,BTC-USD,328.5712847,334.0181199,306.5760648,313.5813346
1446336000,01/11/2015,BTC-USD,313.5813346,330.9843303,310.6776209,328.0675593
1446422400,02/11/2015,BTC-USD,328.0675593,370.0156127,324.3117962,363.8100117
1446508800,03/11/2015,BTC-USD,363.8100117,420.788973,361.9049919,404.6082278
1446595200,04/11/2015,BTC-USD,404.6082278,501.1239049,371.4471649,409.8819659
1446681600,05/11/2015,BTC-USD,409.8819659,448.5821966,370.158271,387.4835289
1446768000,06/11/2015,BTC-USD,387.4835289,395.8785573,352.9179891,375.3174771
1446854400,07/11/2015,BTC-USD,375.3174771,392.1230965,372.397805,385.2821293
1446940800,08/11/2015,BTC-USD,385.2821293,390.2108031,367.4302255,373.9471863
1447027200,09/11/2015,BTC-USD,373.9471863,387.4526495,362.1451437,380.3060687
1447113600,10/11/2015,BTC-USD,380.3060687,381.9861127,328.1001294,338.4721911
1447200000,11/11/2015,BTC-USD,338.4721911,342.1305412,301.2598393,312.4187102
1447286400,12/11/2015,BTC-USD,312.4187102,345.040951,312.4187102,337.3894606
1447372800,13/11/2015,BTC-USD,337.3894606,342.9275136,326.4633116,338.0894603
1447459200,14/11/2015,BTC-USD,338.0894603,340.5898309,329.6509975,333.7590053
1447545600,15/11/2015,BTC-USD,333.7590053,335.8946021,316.465328,320.4279685
1447632000,16/11/2015,BTC-USD,320.4279685,332.9572167,315.8626407,331.9645784
1447718400,17/11/2015,BTC-USD,331.9645784,341.1021505,330.6252328,336.2631474
1447804800,18/11/2015,BTC-USD,336.2631474,337.62848,330.4647913,335.5943867
1447891200,19/11/2015,BTC-USD,335.5943867,336.3409141,325.1303909,326.4175954
1447977600,20/11/2015,BTC-USD,326.4175954,327.0911914,311.4480698,322.2578995
1448064000,21/11/2015,BTC-USD,322.2578995,329.0122642,319.2689701,327.7675363
1448150400,22/11/2015,BTC-USD,327.7675363,327.9632795,321.6229598,324.9744914
1448236800,23/11/2015,BTC-USD,324.9744914,326.599754,321.8412814,323.869884
1448323200,24/11/2015,BTC-USD,323.869884,324.0309703,318.0772229,320.6640721
1448409600,25/11/2015,BTC-USD,320.6640721,330.8301756,316.6178843,329.5263951
1448496000,26/11/2015,BTC-USD,329.5263951,368.6015331,329.3386197,353.7062623
1448582400,27/11/2015,BTC-USD,353.7062623,364.7224089,348.5213747,358.5267557
1448668800,28/11/2015,BTC-USD,358.5267557,360.7083813,351.84899,358.0881175
1448755200,29/11/2015,BTC-USD,358.0881175,374.7749184,355.2823034,372.9131605
1448841600,30/11/2015,BTC-USD,372.9131605,383.5595983,369.7898904,377.0225971
1448928000,01/12/2015,BTC-USD,377.0225971,379.5007413,355.2060788,362.866934
1449014400,02/12/2015,BTC-USD,362.866934,363.0006152,348.0245705,359.1984213
1449100800,03/12/2015,BTC-USD,359.1984213,370.7705046,356.4005318,361.1699703
1449187200,04/12/2015,BTC-USD,361.1699703,364.1535659,355.3405884,363.6204234
1449273600,05/12/2015,BTC-USD,363.6204234,391.2882436,363.2738422,389.173733
1449360000,06/12/2015,BTC-USD,389.173733,404.0729025,386.3817644,389.7844255
1449446400,07/12/2015,BTC-USD,389.7844255,401.4895108,384.7811819,396.1005925
1449532800,08/12/2015,BTC-USD,396.1005925,419.8824977,389.3292253,419.8824977
1449619200,09/12/2015,BTC-USD,419.8824977,424.9423524,405.1634857,418.2538024
1449705600,10/12/2015,BTC-USD,418.2538024,420.2333973,410.9457861,415.3107053
1449792000,11/12/2015,BTC-USD,415.3107053,455.3009556,415.3107053,455.1193323
1449878400,12/12/2015,BTC-USD,455.1193323,471.9717143,408.0780166,436.0493349
1449964800,13/12/2015,BTC-USD,436.0493349,443.1084524,420.7657974,432.9788637
1450051200,14/12/2015,BTC-USD,432.9788637,447.8765713,428.6172682,443.8141853
1450137600,15/12/2015,BTC-USD,443.8141853,465.8193029,443.6177865,465.3455722
1450224000,16/12/2015,BTC-USD,465.3455722,465.5490014,440.9740683,454.9701626
1450310400,17/12/2015,BTC-USD,454.9701626,457.7887233,447.6519192,455.9453973
1450396800,18/12/2015,BTC-USD,455.9453973,466.237454,454.6778193,463.4289057
1450483200,19/12/2015,BTC-USD,463.4289057,466.0862798,454.1244025,462.1077108
1450569600,20/12/2015,BTC-USD,462.1077108,462.4091212,433.0062823,442.5669144
1450656000,21/12/2015,BTC-USD,442.5669144,445.9098252,425.8540581,437.9286319
1450742400,22/12/2015,BTC-USD,437.9286319,443.4308741,434.0618416,435.3787272
1450828800,23/12/2015,BTC-USD,435.3787272,445.3646377,434.933627,442.6304326
1450915200,24/12/2015,BTC-USD,442.6304326,459.221298,442.6304326,456.1878592
1451001600,25/12/2015,BTC-USD,456.1878592,459.3061727,450.8929046,455.8647069
1451088000,26/12/2015,BTC-USD,455.8647069,458.8659762,407.662515,417.1098344
1451174400,27/12/2015,BTC-USD,417.1098344,425.0112746,408.6769619,422.826136
1451260800,28/12/2015,BTC-USD,422.826136,429.2491767,417.7906199,420.9777086
1451347200,29/12/2015,BTC-USD,420.9777086,432.6759496,419.3997476,432.2733479
1451433600,30/12/2015,BTC-USD,432.2733479,434.3894809,420.9474359,425.2744096
1451520000,31/12/2015,BTC-USD,425.2744096,432.9599136,416.3788224,429.7227059
1451606400,01/01/2016,BTC-USD,429.7227059,436.0921878,427.4701086,434.453776
1451692800,02/01/2016,BTC-USD,434.453776,436.0396541,431.3648521,433.4774351
1451779200,03/01/2016,BTC-USD,433.4774351,433.9542317,423.6680578,429.318951
1451865600,04/01/2016,BTC-USD,429.318951,435.3000204,428.5294754,433.4152719
1451952000,05/01/2016,BTC-USD,433.4152719,435.2459695,429.3175575,432.4370521
1452038400,06/01/2016,BTC-USD,432.4370521,433.026836,426.8230544,429.6119697
1452124800,07/01/2016,BTC-USD,429.6119697,460.7439744,429.6119697,458.5295806
1452211200,08/01/2016,BTC-USD,458.5295806,464.8766204,447.6021379,454.0693805
1452297600,09/01/2016,BTC-USD,454.0693805,455.6356306,447.8440262,449.6233321
1452384000,10/01/2016,BTC-USD,449.6233321,450.5994572,441.7043639,449.476896
1452470400,11/01/2016,BTC-USD,449.476896,451.7353041,443.1596827,449.1850046
1452556800,12/01/2016,BTC-USD,449.1850046,449.1850046,432.8465294,433.5221854
1452643200,13/01/2016,BTC-USD,433.5221854,435.8307284,421.3196537,431.997844
1452729600,14/01/2016,BTC-USD,431.997844,434.6432163,427.7120963,430.4217062
1452816000,15/01/2016,BTC-USD,430.4217062,431.3960855,359.5813341,359.5813341
1452902400,16/01/2016,BTC-USD,359.5813341,391.6441983,353.8203478,388.5179542
1452988800,17/01/2016,BTC-USD,388.5179542,391.8199012,378.7656376,380.8509574
1453075200,18/01/2016,BTC-USD,380.8509574,388.3221611,375.0578048,386.3585356
1453161600,19/01/2016,BTC-USD,386.3585356,387.4251379,377.1663787,378.6179047
1453248000,20/01/2016,BTC-USD,378.6179047,425.5672001,375.5205763,419.1901089
1453334400,21/01/2016,BTC-USD,419.1901089,423.4960637,405.8290047,410.9622642
1453420800,22/01/2016,BTC-USD,410.9622642,410.9622642,373.4960564,382.6221608
1453507200,23/01/2016,BTC-USD,382.6221608,394.511368,381.2262787,386.5420151
1453593600,24/01/2016,BTC-USD,386.5420151,406.6809095,386.5420151,403.0399776
1453680000,25/01/2016,BTC-USD,403.0399776,403.2656525,386.7113528,391.4979637
1453766400,26/01/2016,BTC-USD,391.4979637,397.9361262,388.7868378,392.1750462
1453852800,27/01/2016,BTC-USD,392.1750462,397.14273,391.1220119,395.1428714
1453939200,28/01/2016,BTC-USD,395.1428714,395.4965112,377.8967921,379.2706701
1454025600,29/01/2016,BTC-USD,379.2706701,385.3550006,362.5537916,378.2313217
1454112000,30/01/2016,BTC-USD,378.2313217,381.1264215,375.4698726,377.7573923
1454198400,31/01/2016,BTC-USD,377.7573923,380.4579663,364.4115128,367.3900813
1454284800,01/02/2016,BTC-USD,367.3900813,378.1262606,365.536758,371.7580666
1454371200,02/02/2016,BTC-USD,371.7580666,375.2774101,371.7580666,373.6929884
1454457600,03/02/2016,BTC-USD,373.6929884,375.3482736,367.378903,369.8952713
1454544000,04/02/2016,BTC-USD,369.8952713,392.5266008,369.8952713,389.6501858
1454630400,05/02/2016,BTC-USD,389.6501858,391.5922751,384.973664,386.2620911
1454716800,06/02/2016,BTC-USD,386.2620911,386.6258245,369.0561773,374.754246
1454803200,07/02/2016,BTC-USD,374.754246,379.4261923,372.2676698,375.0729111
1454889600,08/02/2016,BTC-USD,375.0729111,379.4165657,371.3698579,371.8638616
1454976000,09/02/2016,BTC-USD,371.8638616,377.3058875,371.4239446,374.5736776
1455062400,10/02/2016,BTC-USD,374.5736776,385.2229086,374.4336217,380.6468099
1455148800,11/02/2016,BTC-USD,380.6468099,382.2986173,373.320408,378.2526603
1455235200,12/02/2016,BTC-USD,378.2526603,384.4179982,378.0482423,384.4179982
1455321600,13/02/2016,BTC-USD,384.4179982,393.0649295,384.2092808,393.0649295
1455408000,14/02/2016,BTC-USD,393.0649295,408.3144621,392.9042046,408.2433591
1455494400,15/02/2016,BTC-USD,408.2433591,411.3541652,396.210641,400.3039154
1455580800,16/02/2016,BTC-USD,400.3039154,408.5961021,399.8895567,407.9715124
1455667200,17/02/2016,BTC-USD,407.9715124,421.4282875,406.4808268,415.6570386
1455753600,18/02/2016,BTC-USD,415.6570386,425.6447775,414.9965359,422.5639121
1455840000,19/02/2016,BTC-USD,422.5639121,423.6153714,416.2052601,421.2113989
1455926400,20/02/2016,BTC-USD,421.2113989,444.6711285,421.2113989,438.5430149
1456012800,21/02/2016,BTC-USD,438.5430149,451.1672899,429.0668044,440.6873693
1456099200,22/02/2016,BTC-USD,440.6873693,442.2324193,434.4664782,440.390577
1456185600,23/02/2016,BTC-USD,440.390577,442.4673695,417.4145754,421.6255085
1456272000,24/02/2016,BTC-USD,421.6255085,426.4589152,412.3549118,426.3248529
1456358400,25/02/2016,BTC-USD,426.3248529,428.5783046,420.0600949,425.3360165
1456444800,26/02/2016,BTC-USD,425.3360165,434.7513042,420.8345066,434.7513042
1456531200,27/02/2016,BTC-USD,434.7513042,437.5451225,432.1783343,434.4027559
1456617600,28/02/2016,BTC-USD,434.4027559,437.543514,423.8670344,434.676264
1456704000,29/02/2016,BTC-USD,434.676264,444.0772098,431.9559582,438.6811502
1456790400,01/03/2016,BTC-USD,438.6811502,440.4570365,430.2860112,434.9957301
1456876800,02/03/2016,BTC-USD,434.9957301,436.6747304,422.7872501,423.1278119
1456963200,03/03/2016,BTC-USD,423.1278119,425.3144541,417.807856,421.4260316
1457049600,04/03/2016,BTC-USD,421.4260316,424.7895343,409.2388954,409.9300062
1457136000,05/03/2016,BTC-USD,409.9300062,410.4330357,390.3410429,398.5572338
1457222400,06/03/2016,BTC-USD,398.5572338,410.917935,392.6385825,405.5978409
1457308800,07/03/2016,BTC-USD,405.5978409,416.0811351,403.8156461,413.9217722
1457395200,08/03/2016,BTC-USD,413.9217722,416.2879526,409.8953872,412.7872924
1457481600,09/03/2016,BTC-USD,412.7872924,415.3746557,410.2430288,413.9700071
1457568000,10/03/2016,BTC-USD,413.9700071,417.9114851,412.6824443,417.0862008
1457654400,11/03/2016,BTC-USD,417.0862008,423.2100308,416.0289351,420.7750114
1457740800,12/03/2016,BTC-USD,420.7750114,421.7352101,408.1427381,410.3496141
1457827200,13/03/2016,BTC-USD,410.3496141,416.4822284,410.3496141,413.0864154
1457913600,14/03/2016,BTC-USD,413.0864154,416.95769,412.7960367,416.8115317
1458000000,15/03/2016,BTC-USD,416.8115317,419.2808274,414.6014515,417.2783882
1458086400,16/03/2016,BTC-USD,417.2783882,418.9382962,415.9882224,418.3840741
1458172800,17/03/2016,BTC-USD,418.3840741,421.413132,418.3840741,420.4282907
1458259200,18/03/2016,BTC-USD,420.4282907,420.4943239,404.9477498,409.5247149
1458345600,19/03/2016,BTC-USD,409.5247149,411.4652766,406.4991535,410.8257261
1458432000,20/03/2016,BTC-USD,410.8257261,414.8933242,410.420892,413.2678288
1458518400,21/03/2016,BTC-USD,413.2678288,413.2678288,408.8782398,412.7484331
1458604800,22/03/2016,BTC-USD,412.7484331,418.3755466,411.6100019,418.3370211
1458691200,23/03/2016,BTC-USD,418.3370211,420.549438,417.4277965,419.3615049
1458777600,24/03/2016,BTC-USD,419.3615049,419.3615049,416.0452804,416.0903269
1458864000,25/03/2016,BTC-USD,416.0903269,418.6480202,414.8808033,417.9743868
1458950400,26/03/2016,BTC-USD,417.9743868,419.8231682,416.7543961,418.4413417
1459036800,27/03/2016,BTC-USD,418.4413417,429.8967902,417.0083287,427.5139793
1459123200,28/03/2016,BTC-USD,427.5139793,427.9200279,423.6684267,424.9904773
1459209600,29/03/2016,BTC-USD,424.9904773,427.7338811,411.3072607,417.7326586
1459296000,30/03/2016,BTC-USD,417.7326586,418.1426107,411.3957284,415.4905156
1459382400,31/03/2016,BTC-USD,415.4905156,418.8218404,415.4905156,417.3456455
1459468800,01/04/2016,BTC-USD,417.3456455,419.0140614,416.248009,418.7260679
1459555200,02/04/2016,BTC-USD,418.7260679,422.9082789,418.7260679,421.6930952
1459641600,03/04/2016,BTC-USD,421.6930952,422.8581253,420.244388,422.0694469
1459728000,04/04/2016,BTC-USD,422.0694469,423.4292368,419.8704152,421.8178275
1459814400,05/04/2016,BTC-USD,421.8178275,425.3610293,421.7966413,424.6300665
1459900800,06/04/2016,BTC-USD,424.6300665,425.9800096,423.4066105,424.0184813
1459987200,07/04/2016,BTC-USD,424.0184813,426.1102849,421.5448246,423.5537458
1460073600,08/04/2016,BTC-USD,423.5537458,426.9351051,419.2774971,421.0641383
1460160000,09/04/2016,BTC-USD,421.0641383,421.1521162,415.7723754,420.3566964
1460246400,10/04/2016,BTC-USD,420.3566964,424.2986683,420.1961971,423.3812742
1460332800,11/04/2016,BTC-USD,423.3812742,424.8579205,422.004659,424.8579205
1460419200,12/04/2016,BTC-USD,424.8579205,429.4392226,424.1031704,427.5311515
1460505600,13/04/2016,BTC-USD,427.5311515,428.0250305,424.2411889,425.7557594
1460592000,14/04/2016,BTC-USD,425.7557594,427.0386257,424.3235414,426.1630332
1460678400,15/04/2016,BTC-USD,426.1630332,432.119959,426.1630332,431.2534059
1460764800,16/04/2016,BTC-USD,431.2534059,435.2567391,430.8713387,432.4551393
1460851200,17/04/2016,BTC-USD,432.4551393,434.3377682,428.1147292,429.6438238
1460937600,18/04/2016,BTC-USD,429.6438238,431.0472469,428.4622544,430.7807843
1461024000,19/04/2016,BTC-USD,430.7807843,438.093457,429.3484565,437.2244919
1461110400,20/04/2016,BTC-USD,437.2244919,445.5816683,435.5303116,443.238021
1461196800,21/04/2016,BTC-USD,443.238021,453.2733917,442.5651495,451.8798338
1461283200,22/04/2016,BTC-USD,451.8798338,451.8798338,443.8877696,448.4457667
1461369600,23/04/2016,BTC-USD,448.4457667,454.2923282,446.2816604,454.0735565
1461456000,24/04/2016,BTC-USD,454.0735565,465.4251565,451.3139125,463.0921244
1461542400,25/04/2016,BTC-USD,463.0921244,469.3717028,455.8083436,462.3651781
1461628800,26/04/2016,BTC-USD,462.3651781,470.9505041,462.3651781,468.1559552
1461715200,27/04/2016,BTC-USD,468.1559552,469.2090607,444.7370639,446.0647622
1461801600,28/04/2016,BTC-USD,446.0647622,451.5429684,439.2095928,451.4376371
1461888000,29/04/2016,BTC-USD,451.4376371,457.8823494,448.665804,457.1154706
1461974400,30/04/2016,BTC-USD,457.1154706,457.864693,447.9981667,449.5838708
1462060800,01/05/2016,BTC-USD,449.5838708,454.9810413,449.4157318,454.0264713
1462147200,02/05/2016,BTC-USD,454.0264713,456.0373213,440.7964196,446.7723442
1462233600,03/05/2016,BTC-USD,446.7723442,454.1962761,442.5388391,453.0978481
1462320000,04/05/2016,BTC-USD,453.0978481,453.0978481,447.3649085,449.4982575
1462406400,05/05/2016,BTC-USD,449.4982575,451.3518989,447.6980975,450.1709768
1462492800,06/05/2016,BTC-USD,450.1709768,463.8637169,449.3855958,461.4548424
1462579200,07/05/2016,BTC-USD,461.4548424,463.0031703,458.7764658,460.7759493
1462665600,08/05/2016,BTC-USD,460.7759493,461.5455587,457.1671583,460.7340627
1462752000,09/05/2016,BTC-USD,460.7340627,464.8534644,457.2103745,462.1337883
1462838400,10/05/2016,BTC-USD,462.1337883,463.6897247,448.1179283,451.9817949
1462924800,11/05/2016,BTC-USD,451.9817949,455.7244606,451.2594001,453.1606468
1463011200,12/05/2016,BTC-USD,453.1606468,456.3870987,447.9763754,456.043143
1463097600,13/05/2016,BTC-USD,456.043143,458.1866506,453.640748,457.0558954
1463184000,14/05/2016,BTC-USD,457.0558954,458.6657856,455.0300984,457.2113811
1463270400,15/05/2016,BTC-USD,457.2113811,460.66905,456.6084902,459.035487
1463356800,16/05/2016,BTC-USD,459.035487,459.596752,452.3027739,454.3075544
1463443200,17/05/2016,BTC-USD,454.3075544,455.3559688,453.1132004,453.8785698
1463529600,18/05/2016,BTC-USD,453.8785698,456.1391102,452.2365997,454.2701022
1463616000,19/05/2016,BTC-USD,454.2701022,455.330713,436.1092585,436.8023275
1463702400,20/05/2016,BTC-USD,436.8023275,444.3787514,434.8044661,443.0888459
1463788800,21/05/2016,BTC-USD,443.0888459,443.5695979,439.7312368,442.9039155
1463875200,22/05/2016,BTC-USD,442.9039155,443.0593819,437.7145471,439.1237328
1463961600,23/05/2016,BTC-USD,439.1237328,444.9126385,439.1237328,444.8209456
1464048000,24/05/2016,BTC-USD,444.8209456,448.4134319,443.0232602,446.002439
1464134400,25/05/2016,BTC-USD,446.002439,451.1538267,446.002439,450.3357613
1464220800,26/05/2016,BTC-USD,450.3357613,455.046379,447.9007851,454.4469387
1464307200,27/05/2016,BTC-USD,454.4469387,479.7236838,453.6570016,473.0062153
1464393600,28/05/2016,BTC-USD,473.0062153,538.6605809,472.3883557,529.2048069
1464480000,29/05/2016,BTC-USD,529.2048069,556.6005944,512.8943519,529.7949839
1464566400,30/05/2016,BTC-USD,529.7949839,545.7044535,523.9880528,534.7261881
1464652800,31/05/2016,BTC-USD,534.7261881,547.8982334,521.3235793,532.9072448
1464739200,01/06/2016,BTC-USD,532.9072448,545.1193687,527.2924939,538.0106164
1464825600,02/06/2016,BTC-USD,538.0106164,543.4958476,534.8632216,540.283506
1464912000,03/06/2016,BTC-USD,540.283506,578.0832916,540.283506,571.3068446
1464998400,04/06/2016,BTC-USD,571.3068446,592.7684261,563.7427194,573.7439767
1465084800,05/06/2016,BTC-USD,573.7439767,585.1142791,568.7005812,575.2885624
1465171200,06/06/2016,BTC-USD,575.2885624,588.6610968,574.7602518,586.9441397
1465257600,07/06/2016,BTC-USD,586.9441397,592.9876655,567.7932238,579.1210029
1465344000,08/06/2016,BTC-USD,579.1210029,584.9710976,573.6075693,584.5144757
1465430400,09/06/2016,BTC-USD,584.5144757,584.5400541,572.2502229,577.0452768
1465516800,10/06/2016,BTC-USD,577.0452768,581.9614928,574.8275472,580.6384128
1465603200,11/06/2016,BTC-USD,580.6384128,613.7768691,580.3379561,613.7768691
1465689600,12/06/2016,BTC-USD,613.7768691,686.1664064,608.1048073,673.8711061
1465776000,13/06/2016,BTC-USD,673.8711061,720.4509497,664.8595924,707.7610421
1465862400,14/06/2016,BTC-USD,707.7610421,707.7610421,663.7953666,688.0567484
1465948800,15/06/2016,BTC-USD,688.0567484,700.026178,673.4196825,699.275437
1466035200,16/06/2016,BTC-USD,699.275437,778.7974492,699.275437,771.0258052
1466121600,17/06/2016,BTC-USD,771.0258052,782.2936911,715.1355803,751.5194196
1466208000,18/06/2016,BTC-USD,751.5194196,787.6010475,730.6952002,759.3442365
1466294400,19/06/2016,BTC-USD,759.3442365,771.6914058,744.8907176,768.5490853
1466380800,20/06/2016,BTC-USD,768.5490853,769.891761,731.4401982,734.8400093
1466467200,21/06/2016,BTC-USD,734.8400093,736.1757705,632.0804699,667.2294632
1466553600,22/06/2016,BTC-USD,667.2294632,682.1741623,590.6866358,603.1344267
1466640000,23/06/2016,BTC-USD,603.1344267,635.2423713,556.8285168,627.405818
1466726400,24/06/2016,BTC-USD,627.405818,682.4582348,627.405818,666.8020564
1466812800,25/06/2016,BTC-USD,666.8020564,696.3077916,646.1318113,666.2688215
1466899200,26/06/2016,BTC-USD,666.2688215,668.5413136,615.9678724,629.4634101
1466985600,27/06/2016,BTC-USD,629.4634101,659.3063729,620.5549429,659.3063729
1467072000,28/06/2016,BTC-USD,659.3063729,661.999963,636.5341845,648.0375862
1467158400,29/06/2016,BTC-USD,648.0375862,648.0375862,624.747467,640.4548581
1467244800,30/06/2016,BTC-USD,640.4548581,675.6359398,635.9414751,674.5458072
1467331200,01/07/2016,BTC-USD,674.5458072,689.3081944,670.090336,677.2769944
1467417600,02/07/2016,BTC-USD,677.2769944,706.694934,676.3713701,706.694934
1467504000,03/07/2016,BTC-USD,706.694934,707.3924716,648.2373733,660.3457276
1467590400,04/07/2016,BTC-USD,660.3457276,685.183225,648.132646,683.5906114
1467676800,05/07/2016,BTC-USD,683.5906114,685.8066456,662.5008936,670.0568575
1467763200,06/07/2016,BTC-USD,670.0568575,682.7772549,668.4656563,678.7013714
1467849600,07/07/2016,BTC-USD,678.7013714,685.1750952,612.5509512,641.4969098
1467936000,08/07/2016,BTC-USD,641.4969098,667.6001537,635.0282498,667.5858376
1468022400,09/07/2016,BTC-USD,667.5858376,667.62675,632.0247114,650.5783027
1468108800,10/07/2016,BTC-USD,650.5783027,651.6220085,639.9660902,649.4036371
1468195200,11/07/2016,BTC-USD,649.4036371,654.4650924,641.7838678,648.9478067
1468281600,12/07/2016,BTC-USD,648.9478067,677.4247729,640.6451926,666.5545963
1468368000,13/07/2016,BTC-USD,666.5545963,670.4156087,653.8222312,654.1479537
1468454400,14/07/2016,BTC-USD,654.1479537,665.2063336,649.0211163,660.167867
1468540800,15/07/2016,BTC-USD,660.167867,670.2317724,660.167867,665.3137618
1468627200,16/07/2016,BTC-USD,665.3137618,668.4700247,659.9362609,665.4510943
1468713600,17/07/2016,BTC-USD,665.4510943,684.5175352,662.6186305,682.4372259
1468800000,18/07/2016,BTC-USD,682.4372259,684.0425027,667.5240089,674.6123267
1468886400,19/07/2016,BTC-USD,674.6123267,676.2430051,667.5150536,674.8831831
1468972800,20/07/2016,BTC-USD,674.8831831,674.8831831,662.0225965,665.9720338
1469059200,21/07/2016,BTC-USD,665.9720338,670.7471594,662.8226329,665.2555779
1469145600,22/07/2016,BTC-USD,665.2555779,666.9640085,643.587023,649.6602246
1469232000,23/07/2016,BTC-USD,649.6602246,657.0113268,647.694238,655.7972052
1469318400,24/07/2016,BTC-USD,655.7972052,663.9545757,651.8629689,662.2063797
1469404800,25/07/2016,BTC-USD,662.2063797,664.9629947,652.92009,654.9569818
1469491200,26/07/2016,BTC-USD,654.9569818,657.5590705,644.4276456,652.0077652
1469577600,27/07/2016,BTC-USD,652.0077652,662.1732989,649.2058781,656.0199682
1469664000,28/07/2016,BTC-USD,656.0199682,659.0691301,653.7473399,654.9939069
1469750400,29/07/2016,BTC-USD,654.9939069,665.6069014,654.9939069,658.4797121
1469836800,30/07/2016,BTC-USD,658.4797121,660.1095126,653.8468877,656.4310794
1469923200,31/07/2016,BTC-USD,656.4310794,656.8295547,623.9214243,625.7790353
1470009600,01/08/2016,BTC-USD,625.7790353,627.5740545,606.3934652,608.3711036
1470096000,02/08/2016,BTC-USD,608.3711036,617.8043974,484.2874553,538.0597069
1470182400,03/08/2016,BTC-USD,538.0597069,572.1987363,523.9666276,569.860727
1470268800,04/08/2016,BTC-USD,569.860727,586.1480488,565.8176828,579.694821
1470355200,05/08/2016,BTC-USD,579.694821,579.694821,569.2970899,577.2905257
1470441600,06/08/2016,BTC-USD,577.2905257,591.6471741,570.2207677,590.9129935
1470528000,07/08/2016,BTC-USD,590.9129935,602.0205183,587.2120736,595.7132004
1470614400,08/08/2016,BTC-USD,595.7132004,597.6371835,591.3972344,595.9208047
1470700800,09/08/2016,BTC-USD,595.9208047,596.9654327,588.4799468,591.5083043
1470787200,10/08/2016,BTC-USD,591.5083043,603.7361787,591.5083043,594.7019088
1470873600,11/08/2016,BTC-USD,594.7019088,597.8574323,590.7491259,590.7746084
1470960000,12/08/2016,BTC-USD,590.7746084,594.8943968,587.3443436,590.3394281
1471046400,13/08/2016,BTC-USD,590.3394281,592.6665151,587.8206544,588.6616069
1471132800,14/08/2016,BTC-USD,588.6616069,588.8542656,569.1561434,574.8820724
1471219200,15/08/2016,BTC-USD,574.8820724,577.5607629,563.625769,569.3929178
1471305600,16/08/2016,BTC-USD,569.3929178,582.5508366,568.8968765,576.8925289
1471392000,17/08/2016,BTC-USD,576.8925289,583.8639199,573.7564975,576.595464
1471478400,18/08/2016,BTC-USD,576.595464,580.60986,574.6854321,575.763473
1471564800,19/08/2016,BTC-USD,575.763473,579.7145469,575.1228896,577.2792329
1471651200,20/08/2016,BTC-USD,577.2792329,582.9396327,575.7182286,581.818771
1471737600,21/08/2016,BTC-USD,581.818771,584.5879687,580.6176032,581.8735767
1471824000,22/08/2016,BTC-USD,581.8735767,589.7809738,581.4379724,588.5543942
1471910400,23/08/2016,BTC-USD,588.5543942,590.0388798,580.7604099,583.9057738
1471996800,24/08/2016,BTC-USD,583.9057738,584.2975808,579.8124548,580.3744145
1472083200,25/08/2016,BTC-USD,580.3744145,580.6058639,575.5406173,577.2590067
1472169600,26/08/2016,BTC-USD,577.2590067,579.5936853,574.0276868,579.3989449
1472256000,27/08/2016,BTC-USD,579.3989449,579.5840931,568.8278078,571.9315456
1472342400,28/08/2016,BTC-USD,571.9315456,573.6874898,569.5828711,572.6876748
1472428800,29/08/2016,BTC-USD,572.6876748,576.5703348,572.6876748,574.4981498
1472515200,30/08/2016,BTC-USD,574.4981498,579.1528053,571.1346683,578.200143
1472601600,31/08/2016,BTC-USD,578.200143,578.200143,572.0873011,574.3189698
1472688000,01/09/2016,BTC-USD,574.3189698,574.9882391,571.790641,573.0008887
1472774400,02/09/2016,BTC-USD,573.0008887,574.9194808,570.0902466,574.7699329
1472860800,03/09/2016,BTC-USD,574.7699329,600.5039586,573.5985416,598.9683608
1472947200,04/09/2016,BTC-USD,598.9683608,610.2574639,596.4392809,607.7177272
1473033600,05/09/2016,BTC-USD,607.7177272,609.290771,601.9536061,606.4739412
1473120000,06/09/2016,BTC-USD,606.4739412,617.1831848,606.4739412,611.527352
1473206400,07/09/2016,BTC-USD,611.527352,617.1896619,609.4703123,616.7632853
1473292800,08/09/2016,BTC-USD,616.7632853,628.5818703,614.9376359,626.1648073
1473379200,09/09/2016,BTC-USD,626.1648073,626.1648073,620.7611308,625.0260724
1473465600,10/09/2016,BTC-USD,625.0260724,627.7537766,623.5115857,626.0685927
1473552000,11/09/2016,BTC-USD,626.0685927,631.3529119,600.0864521,609.6608119
1473638400,12/09/2016,BTC-USD,609.6608119,613.2311138,606.6113167,608.5896862
1473724800,13/09/2016,BTC-USD,608.5896862,612.0326592,606.524123,609.7450981
1473811200,14/09/2016,BTC-USD,609.7450981,613.542143,609.4868016,611.9565823
1473897600,15/09/2016,BTC-USD,611.9565823,613.6673485,609.5588802,610.376204
1473984000,16/09/2016,BTC-USD,610.376204,611.387544,609.1941838,609.5393103
1474070400,17/09/2016,BTC-USD,609.5393103,610.4400038,606.9577771,608.6492294
1474156800,18/09/2016,BTC-USD,608.6492294,612.9808042,608.0849887,612.6702913
1474243200,19/09/2016,BTC-USD,612.6702913,615.2669168,607.6038182,609.3952337
1474329600,20/09/2016,BTC-USD,609.3952337,611.8084486,605.3301725,605.3301725
1474416000,21/09/2016,BTC-USD,605.3301725,605.3301725,597.228979,598.865017
1474502400,22/09/2016,BTC-USD,598.865017,599.0620969,596.1259401,597.0489426
1474588800,23/09/2016,BTC-USD,597.0489426,605.6767771,596.0789776,605.1490428
1474675200,24/09/2016,BTC-USD,605.1490428,607.1317991,602.9485199,602.9485199
1474761600,25/09/2016,BTC-USD,602.9485199,606.1561012,600.3105836,601.5732716
1474848000,26/09/2016,BTC-USD,601.5732716,609.6987194,601.5732716,608.7875232
1474934400,27/09/2016,BTC-USD,608.7875232,611.204146,605.1909512,608.0564898
1475020800,28/09/2016,BTC-USD,608.0564898,608.0564898,604.2966757,605.5181038
1475107200,29/09/2016,BTC-USD,605.5181038,607.5520494,604.352705,606.0285049
1475193600,30/09/2016,BTC-USD,606.0285049,611.1129347,604.0710586,610.9858749
1475280000,01/10/2016,BTC-USD,610.9858749,616.3341061,610.8811818,614.8467486
1475366400,02/10/2016,BTC-USD,614.8467486,614.8467486,608.2778888,611.3047372
1475452800,03/10/2016,BTC-USD,611.3047372,612.773253,609.8603977,612.7256199
1475539200,04/10/2016,BTC-USD,612.7256199,612.7256199,607.4343187,611.1355204
1475625600,05/10/2016,BTC-USD,611.1355204,614.9441885,608.4762697,613.1821038
1475712000,06/10/2016,BTC-USD,613.1821038,614.9401402,610.7317282,612.5495076
1475798400,07/10/2016,BTC-USD,612.5495076,621.6827848,612.5495076,618.8901536
1475884800,08/10/2016,BTC-USD,618.8901536,620.9888971,617.844831,620.3206049
1475971200,09/10/2016,BTC-USD,620.3206049,620.5366159,614.3993349,616.5030708
1476057600,10/10/2016,BTC-USD,616.5030708,618.0226131,614.1758048,618.0226131
1476144000,11/10/2016,BTC-USD,618.0226131,642.7526405,617.2039058,641.0472262
1476230400,12/10/2016,BTC-USD,641.0472262,641.0472262,634.4157493,637.5344918
1476316800,13/10/2016,BTC-USD,637.5344918,641.2525306,636.2311059,638.1216589
1476403200,14/10/2016,BTC-USD,638.1216589,642.3314579,636.2619122,641.7376686
1476489600,15/10/2016,BTC-USD,641.7376686,644.0699577,637.3173884,640.7772187
1476576000,16/10/2016,BTC-USD,640.7772187,645.1632391,640.7260346,642.6759392
1476662400,17/10/2016,BTC-USD,642.6759392,644.6138642,640.8626986,642.2455991
1476748800,18/10/2016,BTC-USD,642.2455991,643.5044308,637.9492406,641.1324757
1476835200,19/10/2016,BTC-USD,641.1324757,643.2075328,629.6318084,633.0388784
1476921600,20/10/2016,BTC-USD,633.0388784,633.0388784,628.1551687,631.848943
1477008000,21/10/2016,BTC-USD,631.848943,636.435148,631.848943,635.7863066
1477094400,22/10/2016,BTC-USD,635.7863066,661.1883521,634.7832545,661.1883521
1477180800,23/10/2016,BTC-USD,661.1883521,664.6669481,654.2290947,657.1603869
1477267200,24/10/2016,BTC-USD,657.1603869,658.95179,653.1847932,656.870713
1477353600,25/10/2016,BTC-USD,656.870713,671.0776028,656.870713,661.0757792
1477440000,26/10/2016,BTC-USD,661.0757792,681.6331171,658.7634806,680.137652
1477526400,27/10/2016,BTC-USD,680.137652,691.7895867,677.0615367,691.7895867
1477612800,28/10/2016,BTC-USD,691.7895867,696.8295194,691.223265,695.9476525
1477699200,29/10/2016,BTC-USD,695.9476525,731.2480734,695.4580531,723.1629176
1477785600,30/10/2016,BTC-USD,723.1629176,723.3250533,700.0626323,706.850471
1477872000,31/10/2016,BTC-USD,706.850471,717.396968,691.4322555,708.0474172
1477958400,01/11/2016,BTC-USD,708.0474172,743.888321,708.0474172,737.4643269
1478044800,02/11/2016,BTC-USD,737.4643269,748.4775661,726.334823,748.4775661
1478131200,03/11/2016,BTC-USD,748.4775661,753.8994958,677.2127394,692.6609932
1478217600,04/11/2016,BTC-USD,692.6609932,712.462299,688.035786,709.1677707
1478304000,05/11/2016,BTC-USD,709.1677707,712.2025023,702.3376999,709.248483
1478390400,06/11/2016,BTC-USD,709.248483,717.6275988,699.0238744,716.6973877
1478476800,07/11/2016,BTC-USD,716.6973877,716.6973877,704.1454519,711.0133827
1478563200,08/11/2016,BTC-USD,711.0133827,716.9696387,705.1402116,713.0343762
1478649600,09/11/2016,BTC-USD,713.0343762,734.542727,704.7685086,727.824092
1478736000,10/11/2016,BTC-USD,727.824092,727.824092,715.6558796,720.1731973
1478822400,11/11/2016,BTC-USD,720.1731973,722.5177298,717.9603756,722.3937727
1478908800,12/11/2016,BTC-USD,722.3937727,722.3937727,709.7162435,711.3237045
1478995200,13/11/2016,BTC-USD,711.3237045,711.3237045,688.7044601,706.6477296
1479081600,14/11/2016,BTC-USD,706.6477296,711.1470676,699.6611649,710.0521938
1479168000,15/11/2016,BTC-USD,710.0521938,716.8416525,705.981948,713.0386711
1479254400,16/11/2016,BTC-USD,713.0386711,746.82716,711.4567641,746.6593967
1479340800,17/11/2016,BTC-USD,746.6593967,754.2065603,740.3354504,743.8550941
1479427200,18/11/2016,BTC-USD,743.8550941,754.5307304,738.8705783,754.5270963
1479513600,19/11/2016,BTC-USD,754.5270963,762.1872107,752.3604232,758.9610947
1479600000,20/11/2016,BTC-USD,758.9610947,761.0246145,716.9370086,735.1480164
1479686400,21/11/2016,BTC-USD,735.1480164,746.8774586,735.1480164,745.9493577
1479772800,22/11/2016,BTC-USD,745.9493577,760.0844158,741.8661409,757.1514474
1479859200,23/11/2016,BTC-USD,757.1514474,757.1514474,739.8675591,751.1905947
1479945600,24/11/2016,BTC-USD,751.1905947,751.9616773,740.2583025,747.9157643
1480032000,25/11/2016,BTC-USD,747.9157643,748.7171694,742.484409,746.9060339
1480118400,26/11/2016,BTC-USD,746.9060339,748.5828547,736.35252,745.0192081
1480204800,27/11/2016,BTC-USD,745.0192081,746.5004416,738.0637909,738.9886016
1480291200,28/11/2016,BTC-USD,738.9886016,747.499418,738.9886016,744.6298473
1480377600,29/11/2016,BTC-USD,744.6298473,748.5431856,742.8494501,745.2430655
1480464000,30/11/2016,BTC-USD,745.2430655,754.8372381,738.3569264,753.0548538
1480550400,01/12/2016,BTC-USD,753.0548538,766.8842795,753.0548538,764.2649023
1480636800,02/12/2016,BTC-USD,764.2649023,795.9695378,764.1565691,795.7537218
1480723200,03/12/2016,BTC-USD,795.7537218,821.4160473,782.5567878,794.7099835
1480809600,04/12/2016,BTC-USD,794.7099835,801.6341756,791.1634491,799.6895406
1480896000,05/12/2016,BTC-USD,799.6895406,802.7806293,777.9433841,783.0609144
1480982400,06/12/2016,BTC-USD,783.0609144,789.7181802,781.7794976,785.5692054
1481068800,07/12/2016,BTC-USD,785.5692054,788.8852977,779.7042409,784.4607947
1481155200,08/12/2016,BTC-USD,784.4607947,784.7326475,776.8033981,781.1779292
1481241600,09/12/2016,BTC-USD,781.1779292,782.8896894,775.5991845,781.8303793
1481328000,10/12/2016,BTC-USD,781.8303793,784.6072112,780.3753587,781.8118483
1481414400,11/12/2016,BTC-USD,781.8118483,781.8118483,774.8434505,778.3145036
1481500800,12/12/2016,BTC-USD,778.3145036,791.039446,778.3145036,788.8791087
1481587200,13/12/2016,BTC-USD,788.8791087,798.2093791,783.7932574,789.4116958
1481673600,14/12/2016,BTC-USD,789.4116958,789.4116958,774.4313966,782.1780572
1481760000,15/12/2016,BTC-USD,782.1780572,784.2956804,778.1927828,783.7113883
1481846400,16/12/2016,BTC-USD,783.7113883,788.808578,782.4658692,787.7831031
1481932800,17/12/2016,BTC-USD,787.7831031,795.5388275,787.5740282,794.2602884
1482019200,18/12/2016,BTC-USD,794.2602884,796.7291076,790.7609784,794.8219092
1482105600,19/12/2016,BTC-USD,794.8219092,801.682986,794.8219092,798.7750462
1482192000,20/12/2016,BTC-USD,798.7750462,808.6959855,795.193649,807.7030658
1482278400,21/12/2016,BTC-USD,807.7030658,837.1754757,806.9897846,837.1754757
1482364800,22/12/2016,BTC-USD,837.1754757,891.3437093,835.553536,873.3451048
1482451200,23/12/2016,BTC-USD,873.3451048,924.2886558,872.4863502,922.7629915
1482537600,24/12/2016,BTC-USD,922.7629915,925.3484903,891.9707366,904.256526
1482624000,25/12/2016,BTC-USD,904.256526,907.1600739,867.1866798,907.0392589
1482710400,26/12/2016,BTC-USD,907.0392589,921.4350235,896.4021043,911.4073596
1482796800,27/12/2016,BTC-USD,911.4073596,946.84627,908.7619581,939.4311418
1482883200,28/12/2016,BTC-USD,939.4311418,988.3665324,939.4311418,988.3665324
1482969600,29/12/2016,BTC-USD,988.3665324,997.5910011,964.3663453,985.5403452
1483056000,30/12/2016,BTC-USD,985.5403452,985.5403452,933.9595603,969.7827213
1483142400,31/12/2016,BTC-USD,969.7827213,980.34008,954.297628,979.6077504
1483228800,01/01/2017,BTC-USD,979.6077504,1017.241551,977.5146302,1013.213849
1483315200,02/01/2017,BTC-USD,1013.213849,1037.315945,1005.835328,1023.852328
1483401600,03/01/2017,BTC-USD,1023.852328,1040.191919,1020.452292,1038.260288
1483488000,04/01/2017,BTC-USD,1038.260288,1159.771356,1038.260288,1155.272082
1483574400,05/01/2017,BTC-USD,1155.272082,1164.844124,916.2870437,1011.027989
1483660800,06/01/2017,BTC-USD,1011.027989,1047.156918,884.8199229,906.314503
1483747200,07/01/2017,BTC-USD,906.314503,914.8445802,827.4431426,914.1935258
1483833600,08/01/2017,BTC-USD,914.1935258,949.3340287,891.7686595,917.1583517
1483920000,09/01/2017,BTC-USD,917.1583517,922.709662,886.0888474,900.9813411
1484006400,10/01/2017,BTC-USD,900.9813411,921.4972183,900.9813411,912.8501722
1484092800,11/01/2017,BTC-USD,912.8501722,934.7805608,780.2294469,780.2540098
1484179200,12/01/2017,BTC-USD,780.2540098,830.2788046,754.3000511,804.6795978
1484265600,13/01/2017,BTC-USD,804.6795978,835.6840431,781.7772545,828.5086205
1484352000,14/01/2017,BTC-USD,828.5086205,839.9922234,809.1325752,818.5172375
1484438400,15/01/2017,BTC-USD,818.5172375,825.5375194,811.0169126,824.279517
1484524800,16/01/2017,BTC-USD,824.279517,840.8923874,822.6181651,836.6981386
1484611200,17/01/2017,BTC-USD,836.6981386,915.0305311,836.6981386,913.1245312
1484697600,18/01/2017,BTC-USD,913.1245312,914.7302725,849.8221621,890.8608095
1484784000,19/01/2017,BTC-USD,890.8608095,903.256909,882.4535174,898.6590322
1484870400,20/01/2017,BTC-USD,898.6590322,903.3238052,886.5518714,897.8952661
1484956800,21/01/2017,BTC-USD,897.8952661,927.2458775,897.458004,924.0835361
1485043200,22/01/2017,BTC-USD,924.0835361,946.1355253,900.5476966,929.8175991
1485129600,23/01/2017,BTC-USD,929.8175991,935.3777109,922.004801,922.004801
1485216000,24/01/2017,BTC-USD,922.004801,923.449054,889.8940022,895.1663153
1485302400,25/01/2017,BTC-USD,895.1663153,909.0009338,892.9289439,900.7537797
1485388800,26/01/2017,BTC-USD,900.7537797,920.9561461,896.2884514,919.9912682
1485475200,27/01/2017,BTC-USD,919.9912682,922.8858559,913.156036,919.7325139
1485561600,28/01/2017,BTC-USD,919.7325139,923.7711172,919.4285236,922.6728471
1485648000,29/01/2017,BTC-USD,922.6728471,926.2294774,920.5929874,920.6505902
1485734400,30/01/2017,BTC-USD,920.6505902,928.3800744,920.6505902,925.3992844
1485820800,31/01/2017,BTC-USD,925.3992844,972.3095605,925.3992844,970.9607299
1485907200,01/02/2017,BTC-USD,970.9607299,993.8833126,968.5936546,992.3801796
1485993600,02/02/2017,BTC-USD,992.3801796,1020.184365,991.2597315,1019.623587
1486080000,03/02/2017,BTC-USD,1019.623587,1043.573383,1011.876682,1034.237171
1486166400,04/02/2017,BTC-USD,1034.237171,1046.402443,1016.281393,1041.742212
1486252800,05/02/2017,BTC-USD,1041.742212,1042.877748,1019.871435,1028.176703
1486339200,06/02/2017,BTC-USD,1028.176703,1042.988295,1028.176703,1040.453017
1486425600,07/02/2017,BTC-USD,1040.453017,1064.446765,1036.95326,1064.446765
1486512000,08/02/2017,BTC-USD,1064.446765,1088.73128,1045.15251,1076.095781
1486598400,09/02/2017,BTC-USD,1076.095781,1086.591153,947.1698644,1001.184751
1486684800,10/02/2017,BTC-USD,1001.184751,1006.881158,953.7112972,994.9794378
1486771200,11/02/2017,BTC-USD,994.9794378,1014.00337,986.810352,1008.347567
1486857600,12/02/2017,BTC-USD,1008.347567,1008.347567,998.1908541,1000.693774
1486944000,13/02/2017,BTC-USD,1000.693774,1019.126061,986.6464031,1005.776589
1487030400,14/02/2017,BTC-USD,1005.776589,1021.093146,997.9292083,1016.436022
1487116800,15/02/2017,BTC-USD,1016.436022,1022.367621,1014.635684,1020.573909
1487203200,16/02/2017,BTC-USD,1020.573909,1045.731485,1020.573909,1041.967995
1487289600,17/02/2017,BTC-USD,1041.967995,1067.781234,1041.967995,1063.627886
1487376000,18/02/2017,BTC-USD,1063.627886,1073.205465,1059.112167,1066.519744
1487462400,19/02/2017,BTC-USD,1066.519744,1068.250574,1055.569833,1063.673917
1487548800,20/02/2017,BTC-USD,1063.673917,1089.837595,1057.081863,1087.457628
1487635200,21/02/2017,BTC-USD,1087.457628,1140.030676,1084.358027,1137.802481
1487721600,22/02/2017,BTC-USD,1137.802481,1144.363209,1119.834691,1135.840199
1487808000,23/02/2017,BTC-USD,1135.840199,1196.358369,1135.840199,1187.825848
1487894400,24/02/2017,BTC-USD,1187.825848,1220.701006,1132.884668,1195.548945
1487980800,25/02/2017,BTC-USD,1195.548945,1198.141724,1132.717201,1162.433339
1488067200,26/02/2017,BTC-USD,1162.433339,1194.489544,1144.016516,1189.517499
1488153600,27/02/2017,BTC-USD,1189.517499,1199.598572,1179.743612,1197.714749
1488240000,28/02/2017,BTC-USD,1197.714749,1221.423511,1196.013026,1212.817569
1488326400,01/03/2017,BTC-USD,1212.817569,1240.21424,1201.150907,1240.21424
1488412800,02/03/2017,BTC-USD,1240.21424,1281.258701,1226.890677,1268.745424
1488499200,03/03/2017,BTC-USD,1268.745424,1298.537245,1268.745424,1293.406873
1488585600,04/03/2017,BTC-USD,1293.406873,1296.786499,1243.88417,1275.445741
1488672000,05/03/2017,BTC-USD,1275.445741,1288.497701,1254.077831,1288.140641
1488758400,06/03/2017,BTC-USD,1288.140641,1291.315483,1279.134424,1284.571032
1488844800,07/03/2017,BTC-USD,1284.571032,1287.392067,1210.343963,1237.658864
1488931200,08/03/2017,BTC-USD,1237.658864,1245.663572,1164.165099,1167.018669
1489017600,09/03/2017,BTC-USD,1167.018669,1207.187928,1153.860375,1196.966884
1489104000,10/03/2017,BTC-USD,1196.966884,1299.717856,1082.113304,1134.864858
1489190400,11/03/2017,BTC-USD,1134.864858,1204.225298,1130.856361,1186.9656
1489276800,12/03/2017,BTC-USD,1186.9656,1238.206546,1186.527838,1235.011076
1489363200,13/03/2017,BTC-USD,1235.011076,1252.935269,1228.348569,1248.259233
1489449600,14/03/2017,BTC-USD,1248.259233,1260.208335,1235.003489,1250.705799
1489536000,15/03/2017,BTC-USD,1250.705799,1274.162779,1250.705799,1272.401455
1489622400,16/03/2017,BTC-USD,1272.401455,1276.465282,1143.696582,1183.775155
1489708800,17/03/2017,BTC-USD,1183.775155,1184.033981,1081.808745,1084.715214
1489795200,18/03/2017,BTC-USD,1084.715214,1112.652502,942.1474888,967.1470495
1489881600,19/03/2017,BTC-USD,967.1470495,1085.565822,967.1470495,1036.925295
1489968000,20/03/2017,BTC-USD,1036.925295,1066.205295,1035.815266,1055.497626
1490054400,21/03/2017,BTC-USD,1055.497626,1128.979672,1055.497626,1126.500357
1490140800,22/03/2017,BTC-USD,1126.500357,1127.451109,1000.919875,1052.537994
1490227200,23/03/2017,BTC-USD,1052.537994,1062.172756,1029.041905,1040.131121
1490313600,24/03/2017,BTC-USD,1040.131121,1041.379995,926.8064454,936.7215965
1490400000,25/03/2017,BTC-USD,936.7215965,983.2773188,895.5667035,977.1691304
1490486400,26/03/2017,BTC-USD,977.1691304,1010.701917,954.8585664,977.9615341
1490572800,27/03/2017,BTC-USD,977.9615341,1051.105737,970.1860452,1049.356605
1490659200,28/03/2017,BTC-USD,1049.356605,1069.773898,1026.430525,1051.960814
1490745600,29/03/2017,BTC-USD,1051.960814,1065.549638,1018.545348,1045.911845
1490832000,30/03/2017,BTC-USD,1045.911845,1053.407313,1025.326494,1037.258185
1490918400,31/03/2017,BTC-USD,1037.258185,1087.063873,1037.258185,1083.476597
1491004800,01/04/2017,BTC-USD,1083.476597,1103.847253,1073.017404,1090.012355
1491091200,02/04/2017,BTC-USD,1090.012355,1118.880994,1083.610218,1110.757884
1491177600,03/04/2017,BTC-USD,1110.757884,1163.939234,1110.757884,1157.45483
1491264000,04/04/2017,BTC-USD,1157.45483,1165.56072,1132.760203,1153.526381
1491350400,05/04/2017,BTC-USD,1153.526381,1157.476555,1129.742851,1145.084704
1491436800,06/04/2017,BTC-USD,1145.084704,1209.435496,1142.987978,1196.85506
1491523200,07/04/2017,BTC-USD,1196.85506,1210.88151,1180.441522,1202.1764
1491609600,08/04/2017,BTC-USD,1202.1764,1204.998917,1181.241524,1193.775055
1491696000,09/04/2017,BTC-USD,1193.775055,1222.409422,1185.673387,1214.395029
1491782400,10/04/2017,BTC-USD,1214.395029,1224.708264,1209.262743,1217.293693
1491868800,11/04/2017,BTC-USD,1217.293693,1236.159289,1214.970055,1231.094061
1491955200,12/04/2017,BTC-USD,1231.094061,1237.712893,1219.632232,1221.887303
1492041600,13/04/2017,BTC-USD,1221.887303,1226.671438,1163.342983,1186.238901
1492128000,14/04/2017,BTC-USD,1186.238901,1208.366706,1186.238901,1198.05137
1492214400,15/04/2017,BTC-USD,1198.05137,1212.239946,1189.385061,1196.829712
1492300800,16/04/2017,BTC-USD,1196.829712,1209.234263,1196.73337,1202.543023
1492387200,17/04/2017,BTC-USD,1202.543023,1220.415078,1196.980208,1218.011306
1492473600,18/04/2017,BTC-USD,1218.011306,1240.73748,1218.011306,1231.404388
1492560000,19/04/2017,BTC-USD,1231.404388,1233.496623,1222.781585,1229.147488
1492646400,20/04/2017,BTC-USD,1229.147488,1269.165403,1228.633966,1262.598752
1492732800,21/04/2017,BTC-USD,1262.598752,1283.731286,1262.598752,1274.956957
1492819200,22/04/2017,BTC-USD,1274.956957,1285.322789,1243.095645,1280.564736
1492905600,23/04/2017,BTC-USD,1280.564736,1281.982975,1268.47157,1277.706327
1492992000,24/04/2017,BTC-USD,1277.706327,1281.157306,1269.840112,1278.043909
1493078400,25/04/2017,BTC-USD,1278.043909,1297.501019,1273.67081,1293.870263
1493164800,26/04/2017,BTC-USD,1293.870263,1327.117548,1291.584911,1313.101476
1493251200,27/04/2017,BTC-USD,1313.101476,1353.578856,1310.5115,1351.594353
1493337600,28/04/2017,BTC-USD,1351.594353,1363.303202,1310.620906,1342.296956
1493424000,29/04/2017,BTC-USD,1342.296956,1361.579489,1338.655341,1357.448935
1493510400,30/04/2017,BTC-USD,1357.448935,1379.674131,1347.227374,1376.395845
1493596800,01/05/2017,BTC-USD,1376.395845,1473.485204,1374.097793,1454.409589
1493683200,02/05/2017,BTC-USD,1454.409589,1512.75162,1448.848041,1490.892072
1493769600,03/05/2017,BTC-USD,1490.892072,1533.432622,1476.92641,1531.44069
1493856000,04/05/2017,BTC-USD,1531.44069,1653.938971,1486.025502,1579.144217
1493942400,05/05/2017,BTC-USD,1579.144217,1640.815471,1512.275997,1539.569282
1494028800,06/05/2017,BTC-USD,1539.569282,1598.727509,1538.84201,1597.022805
1494115200,07/05/2017,BTC-USD,1597.022805,1638.957714,1574.450816,1620.502161
1494201600,08/05/2017,BTC-USD,1620.502161,1714.255379,1619.053423,1703.213495
1494288000,09/05/2017,BTC-USD,1703.213495,1805.56663,1691.636546,1763.370432
1494374400,10/05/2017,BTC-USD,1763.370432,1838.062952,1751.952329,1807.330137
1494460800,11/05/2017,BTC-USD,1807.330137,1895.679829,1785.337184,1848.16957
1494547200,12/05/2017,BTC-USD,1848.16957,1852.921884,1693.677318,1716.621833
1494633600,13/05/2017,BTC-USD,1716.621833,1811.346438,1629.796484,1811.173065
1494720000,14/05/2017,BTC-USD,1811.173065,1852.357935,1789.669258,1852.357935
1494806400,15/05/2017,BTC-USD,1852.357935,1853.714312,1757.461775,1770.423096
1494892800,16/05/2017,BTC-USD,1770.423096,1821.988178,1745.790203,1778.416053
1494979200,17/05/2017,BTC-USD,1778.416053,1910.136779,1778.416053,1883.247591
1495065600,18/05/2017,BTC-USD,1883.247591,1956.310903,1879.326466,1955.222671
1495152000,19/05/2017,BTC-USD,1955.222671,2033.541432,1955.222671,2026.550974
1495238400,20/05/2017,BTC-USD,2026.550974,2138.216426,2017.290069,2105.543708
1495324800,21/05/2017,BTC-USD,2105.543708,2205.354377,2004.183997,2031.573698
1495411200,22/05/2017,BTC-USD,2031.573698,2247.815505,2014.846471,2109.913608
1495497600,23/05/2017,BTC-USD,2109.913608,2261.146155,2099.26609,2259.54224
1495584000,24/05/2017,BTC-USD,2259.54224,2533.539259,2259.54224,2491.181306
1495670400,25/05/2017,BTC-USD,2491.181306,2805.772871,2209.191104,2338.578031
1495756800,26/05/2017,BTC-USD,2338.578031,2606.058484,2047.226367,2268.507893
1495843200,27/05/2017,BTC-USD,2268.507893,2303.200411,1871.395697,2054.568923
1495929600,28/05/2017,BTC-USD,2054.568923,2301.925232,2038.337653,2126.808319
1496016000,29/05/2017,BTC-USD,2126.808319,2558.75256,2054.782031,2291.471533
1496102400,30/05/2017,BTC-USD,2291.471533,2329.282463,2162.800698,2204.138186
1496188800,31/05/2017,BTC-USD,2204.138186,2317.099233,2147.123389,2301.561839
1496275200,01/06/2017,BTC-USD,2301.561839,2456.382224,2300.799757,2413.299842
1496361600,02/06/2017,BTC-USD,2413.299842,2499.565933,2383.286176,2497.004264
1496448000,03/06/2017,BTC-USD,2497.004264,2632.364932,2430.766203,2606.511035
1496534400,04/06/2017,BTC-USD,2606.511035,2612.943265,2557.272329,2592.454003
1496620800,05/06/2017,BTC-USD,2592.454003,2743.544485,2592.454003,2743.544485
1496707200,06/06/2017,BTC-USD,2743.544485,2961.099029,2743.544485,2914.199233
1496793600,07/06/2017,BTC-USD,2914.199233,2914.199233,2665.584831,2713.252972
1496880000,08/06/2017,BTC-USD,2713.252972,2838.688531,2654.659118,2834.287008
1496966400,09/06/2017,BTC-USD,2834.287008,2880.396112,2816.880642,2843.515135
1497052800,10/06/2017,BTC-USD,2843.515135,2928.999168,2843.030093,2897.392081
1497139200,11/06/2017,BTC-USD,2897.392081,2979.001516,2881.092036,2976.89314
1497225600,12/06/2017,BTC-USD,2976.89314,3001.702999,2571.890905,2704.051338
1497312000,13/06/2017,BTC-USD,2704.051338,2785.724074,2675.294416,2747.341328
1497398400,14/06/2017,BTC-USD,2747.341328,2811.898781,2329.91748,2533.832434
1497484800,15/06/2017,BTC-USD,2533.832434,2551.323099,2121.032619,2491.812163
1497571200,16/06/2017,BTC-USD,2491.812163,2561.849181,2324.707653,2540.318781
1497657600,17/06/2017,BTC-USD,2540.318781,2748.731161,2496.860665,2721.439597
1497744000,18/06/2017,BTC-USD,2721.439597,2733.924783,2566.894036,2597.481607
1497830400,19/06/2017,BTC-USD,2597.481607,2675.775429,2589.313677,2675.549272
1497916800,20/06/2017,BTC-USD,2675.549272,2848.342907,2675.455592,2805.965274
1498003200,21/06/2017,BTC-USD,2805.965274,2883.112578,2644.779572,2779.365461
1498089600,22/06/2017,BTC-USD,2779.365461,2819.794369,2721.895253,2809.847032
1498176000,23/06/2017,BTC-USD,2809.847032,2855.304253,2784.295859,2822.68126
1498262400,24/06/2017,BTC-USD,2822.68126,2829.178873,2559.153483,2598.939527
1498348800,25/06/2017,BTC-USD,2598.939527,2675.774084,2457.102709,2528.145035
1498435200,26/06/2017,BTC-USD,2528.145035,2565.32725,2322.941791,2449.004988
1498521600,27/06/2017,BTC-USD,2449.004988,2585.464256,2285.8161,2585.464256
1498608000,28/06/2017,BTC-USD,2585.464256,2628.093102,2495.066771,2595.713597
1498694400,29/06/2017,BTC-USD,2595.713597,2605.291705,2529.285153,2559.976476
1498780800,30/06/2017,BTC-USD,2559.976476,2581.236041,2514.967842,2518.235495
1498867200,01/07/2017,BTC-USD,2518.235495,2544.848798,2443.295917,2464.510551
1498953600,02/07/2017,BTC-USD,2464.510551,2534.810301,2412.060587,2520.796471
1499040000,03/07/2017,BTC-USD,2520.796471,2613.559948,2496.315389,2576.861506
1499126400,04/07/2017,BTC-USD,2576.861506,2659.384124,2576.861506,2626.594561
1499212800,05/07/2017,BTC-USD,2626.594561,2640.872325,2560.047729,2623.725464
1499299200,06/07/2017,BTC-USD,2623.725464,2627.566476,2595.308091,2619.950032
1499385600,07/07/2017,BTC-USD,2619.950032,2621.273578,2507.944366,2530.87125
1499472000,08/07/2017,BTC-USD,2530.87125,2578.800485,2493.461696,2577.435169
1499558400,09/07/2017,BTC-USD,2577.435169,2585.308402,2525.386582,2527.446333
1499644800,10/07/2017,BTC-USD,2527.446333,2546.9699,2316.301381,2384.871272
1499731200,11/07/2017,BTC-USD,2384.871272,2422.969221,2297.295031,2345.092624
1499817600,12/07/2017,BTC-USD,2345.092624,2426.579166,2282.65751,2420.264214
1499904000,13/07/2017,BTC-USD,2420.264214,2447.991353,2351.543704,2370.626846
1499990400,14/07/2017,BTC-USD,2370.626846,2384.713693,2194.869053,2243.502071
1500076800,15/07/2017,BTC-USD,2243.502071,2246.711536,1961.098275,1988.914949
1500163200,16/07/2017,BTC-USD,1988.914949,2058.423464,1820.002708,1929.457207
1500249600,17/07/2017,BTC-USD,1929.457207,2260.786893,1929.049943,2254.695622
1500336000,18/07/2017,BTC-USD,2254.695622,2402.086486,2169.700759,2334.033823
1500422400,19/07/2017,BTC-USD,2334.033823,2408.883253,2258.474581,2284.107722
1500508800,20/07/2017,BTC-USD,2284.107722,2933.735854,2284.107722,2856.532106
1500595200,21/07/2017,BTC-USD,2856.532106,2871.035193,2603.000992,2653.137576
1500681600,22/07/2017,BTC-USD,2653.137576,2873.963853,2636.355581,2813.729183
1500768000,23/07/2017,BTC-USD,2813.729183,2838.923387,2660.689298,2742.64419
1500854400,24/07/2017,BTC-USD,2742.64419,2785.767213,2704.769371,2760.505586
1500940800,25/07/2017,BTC-USD,2760.505586,2769.637102,2459.726411,2571.810121
1501027200,26/07/2017,BTC-USD,2571.810121,2624.471334,2442.331833,2537.929713
1501113600,27/07/2017,BTC-USD,2537.929713,2681.444284,2527.948134,2664.617327
1501200000,28/07/2017,BTC-USD,2664.617327,2836.749406,2662.561239,2802.603975
1501286400,29/07/2017,BTC-USD,2802.603975,2805.326811,2684.796959,2718.227619
1501372800,30/07/2017,BTC-USD,2718.227619,2759.480943,2634.318666,2756.651089
1501459200,31/07/2017,BTC-USD,2756.651089,2912.784926,2718.854498,2883.457866
1501545600,01/08/2017,BTC-USD,2883.457866,2927.350036,2676.46811,2739.365397
1501632000,02/08/2017,BTC-USD,2739.365397,2758.017888,2676.689633,2711.529041
1501718400,03/08/2017,BTC-USD,2711.529041,2802.899184,2710.569743,2790.771786
1501804800,04/08/2017,BTC-USD,2790.771786,2866.073372,2769.135602,2856.54372
1501891200,05/08/2017,BTC-USD,2856.54372,3290.223777,2854.572849,3253.543526
1501977600,06/08/2017,BTC-USD,3253.543526,3296.257669,3139.504948,3213.620633
1502064000,07/08/2017,BTC-USD,3213.620633,3409.777246,3184.322995,3393.648698
1502150400,08/08/2017,BTC-USD,3393.648698,3502.62516,3362.538625,3438.211377
1502236800,09/08/2017,BTC-USD,3438.211377,3439.698176,3256.789916,3357.416024
1502323200,10/08/2017,BTC-USD,3357.416024,3441.884296,3338.466302,3416.800713
1502409600,11/08/2017,BTC-USD,3416.800713,3690.282847,3409.580437,3652.829041
1502496000,12/08/2017,BTC-USD,3652.829041,3960.449869,3612.888347,3905.711705
1502582400,13/08/2017,BTC-USD,3905.711705,4226.608022,3877.25604,4108.689987
1502668800,14/08/2017,BTC-USD,4108.689987,4340.966181,4025.868744,4340.966181
1502755200,15/08/2017,BTC-USD,4340.966181,4471.075226,3910.44783,4205.220486
1502841600,16/08/2017,BTC-USD,4205.220486,4394.001545,3996.867414,4385.921006
1502928000,17/08/2017,BTC-USD,4385.921006,4469.077441,4233.021603,4284.518084
1503014400,18/08/2017,BTC-USD,4284.518084,4367.064468,4040.516248,4141.518908
1503100800,19/08/2017,BTC-USD,4141.518908,4219.633004,3996.591085,4179.651498
1503187200,20/08/2017,BTC-USD,4179.651498,4182.678177,4084.064934,4094.266512
1503273600,21/08/2017,BTC-USD,4094.266512,4118.416045,3982.664684,3998.631468
1503360000,22/08/2017,BTC-USD,3998.631468,4135.543887,3624.300632,4094.911886
1503446400,23/08/2017,BTC-USD,4094.911886,4259.006952,4092.211797,4154.720425
1503532800,24/08/2017,BTC-USD,4154.720425,4358.719814,4124.07205,4317.553988
1503619200,25/08/2017,BTC-USD,4317.553988,4433.9608,4303.974457,4363.854989
1503705600,26/08/2017,BTC-USD,4363.854989,4373.122385,4288.117365,4349.968877
1503792000,27/08/2017,BTC-USD,4349.968877,4398.844054,4341.622981,4355.76729
1503878400,28/08/2017,BTC-USD,4355.76729,4400.00102,4226.482511,4391.718747
1503964800,29/08/2017,BTC-USD,4391.718747,4605.13671,4347.119231,4566.014146
1504051200,30/08/2017,BTC-USD,4566.014146,4614.085821,4459.485462,4546.630297
1504137600,31/08/2017,BTC-USD,4546.630297,4718.050483,4546.630297,4699.496229
1504224000,01/09/2017,BTC-USD,4699.496229,4901.285074,4685.578409,4901.285074
1504310400,02/09/2017,BTC-USD,4901.285074,4995.085207,4480.082711,4602.222128
1504396800,03/09/2017,BTC-USD,4602.222128,4782.615062,4448.421524,4645.848324
1504483200,04/09/2017,BTC-USD,4645.848324,4645.848324,4144.280302,4285.320752
1504569600,05/09/2017,BTC-USD,4285.320752,4488.095358,4038.588841,4422.632947
1504656000,06/09/2017,BTC-USD,4422.632947,4619.672522,4408.893129,4591.485633
1504742400,07/09/2017,BTC-USD,4591.485633,4649.825622,4503.624751,4596.438762
1504828800,08/09/2017,BTC-USD,4596.438762,4635.501624,4154.379197,4364.618566
1504915200,09/09/2017,BTC-USD,4364.618566,4400.335605,4200.738127,4326.326754
1505001600,10/09/2017,BTC-USD,4326.326754,4326.326754,4009.084579,4230.427794
1505088000,11/09/2017,BTC-USD,4230.427794,4344.347529,4104.995356,4179.085384
1505174400,12/09/2017,BTC-USD,4179.085384,4330.949536,4065.745676,4137.806368
1505260800,13/09/2017,BTC-USD,4137.806368,4137.806368,3763.461497,3862.513058
1505347200,14/09/2017,BTC-USD,3862.513058,3925.251107,3114.164058,3210.297575
1505433600,15/09/2017,BTC-USD,3210.297575,3827.8874,2950.119909,3716.288973
1505520000,16/09/2017,BTC-USD,3716.288973,3878.414268,3494.916106,3682.03846
1505606400,17/09/2017,BTC-USD,3682.03846,3757.075704,3467.080956,3654.027325
1505692800,18/09/2017,BTC-USD,3654.027325,4077.710929,3654.027325,4069.721765
1505779200,19/09/2017,BTC-USD,4069.721765,4088.595555,3807.805296,3877.910328
1505865600,20/09/2017,BTC-USD,3877.910328,4007.10193,3815.456502,3862.336043
1505952000,21/09/2017,BTC-USD,3862.336043,3893.708031,3586.672029,3614.25651
1506038400,22/09/2017,BTC-USD,3614.25651,3747.538841,3525.161381,3614.202455
1506124800,23/09/2017,BTC-USD,3614.202455,3816.468477,3569.651903,3783.501876
1506211200,24/09/2017,BTC-USD,3783.501876,3783.501876,3639.339441,3668.337419
1506297600,25/09/2017,BTC-USD,3668.337419,3939.195169,3668.337419,3905.32191
1506384000,26/09/2017,BTC-USD,3905.32191,3934.086005,3835.118981,3856.525672
1506470400,27/09/2017,BTC-USD,3856.525672,4190.368524,3843.371196,4171.936235
1506556800,28/09/2017,BTC-USD,4171.936235,4240.158345,4072.442703,4128.762611
1506643200,29/09/2017,BTC-USD,4128.762611,4183.558767,3992.27803,4129.888902
1506729600,30/09/2017,BTC-USD,4129.888902,4324.554257,4125.4285,4317.804157
1506816000,01/10/2017,BTC-USD,4317.804157,4363.055005,4237.42026,4358.043729
1506902400,02/10/2017,BTC-USD,4358.043729,4445.072528,4350.913881,4386.543397
1506988800,03/10/2017,BTC-USD,4386.543397,4416.090926,4237.08255,4319.567841
1507075200,04/10/2017,BTC-USD,4319.567841,4338.511384,4192.692138,4223.880825
1507161600,05/10/2017,BTC-USD,4223.880825,4345.459978,4143.254743,4305.023532
1507248000,06/10/2017,BTC-USD,4305.023532,4396.404246,4285.438848,4357.599346
1507334400,07/10/2017,BTC-USD,4357.599346,4428.504058,4306.516996,4400.478927
1507420800,08/10/2017,BTC-USD,4400.478927,4588.816474,4396.335162,4580.830368
1507507200,09/10/2017,BTC-USD,4580.830368,4867.961795,4535.79371,4764.275384
1507593600,10/10/2017,BTC-USD,4764.275384,4919.67111,4739.980682,4778.063268
1507680000,11/10/2017,BTC-USD,4778.063268,4863.56891,4735.225188,4815.201269
1507766400,12/10/2017,BTC-USD,4815.201269,5475.470013,4809.241785,5475.470013
1507852800,13/10/2017,BTC-USD,5475.470013,5900.267747,5449.233617,5656.289519
1507939200,14/10/2017,BTC-USD,5656.289519,5829.416135,5596.402804,5824.80068
1508025600,15/10/2017,BTC-USD,5824.80068,5841.219768,5448.189219,5707.329227
1508112000,16/10/2017,BTC-USD,5707.329227,5761.175919,5565.60272,5732.353227
1508198400,17/10/2017,BTC-USD,5732.353227,5739.345472,5534.484723,5608.426651
1508284800,18/10/2017,BTC-USD,5608.426651,5608.426651,5113.414499,5576.422683
1508371200,19/10/2017,BTC-USD,5576.422683,5716.750022,5527.392271,5689.872247
1508457600,20/10/2017,BTC-USD,5689.872247,6034.484984,5587.221461,5981.374085
1508544000,21/10/2017,BTC-USD,5981.374085,6189.276557,5943.168796,6033.140666
1508630400,22/10/2017,BTC-USD,6033.140666,6072.253772,5772.914101,5999.302651
1508716800,23/10/2017,BTC-USD,5999.302651,6075.574818,5715.029675,5943.651221
1508803200,24/10/2017,BTC-USD,5943.651221,5943.651221,5474.456923,5525.799371
1508889600,25/10/2017,BTC-USD,5525.799371,5733.799651,5375.004514,5720.553548
1508976000,26/10/2017,BTC-USD,5720.553548,5962.427221,5674.004494,5883.836736
1509062400,27/10/2017,BTC-USD,5883.836736,5993.132924,5705.236885,5772.011577
1509148800,28/10/2017,BTC-USD,5772.011577,5878.574601,5660.826926,5723.179008
1509235200,29/10/2017,BTC-USD,5723.179008,6189.370581,5700.344395,6072.883966
1509321600,30/10/2017,BTC-USD,6072.883966,6187.495049,6004.547003,6087.098202
1509408000,31/10/2017,BTC-USD,6087.098202,6461.567901,6048.559133,6447.63054
1509494400,01/11/2017,BTC-USD,6447.63054,6768.956037,6370.862498,6768.956037
1509580800,02/11/2017,BTC-USD,6768.956037,7447.047549,6768.956037,7091.990498
1509667200,03/11/2017,BTC-USD,7091.990498,7476.515208,6981.405635,7197.661081
1509753600,04/11/2017,BTC-USD,7197.661081,7459.852193,6984.481153,7389.037169
1509840000,05/11/2017,BTC-USD,7389.037169,7613.60051,7304.719983,7416.712917
1509926400,06/11/2017,BTC-USD,7416.712917,7479.158772,7045.474208,7062.267744
1510012800,07/11/2017,BTC-USD,7062.267744,7302.267337,7062.267744,7169.473151
1510099200,08/11/2017,BTC-USD,7169.473151,7768.525808,7125.660918,7475.558198
1510185600,09/11/2017,BTC-USD,7475.558198,7481.876633,7112.470062,7189.237983
1510272000,10/11/2017,BTC-USD,7189.237983,7325.039033,6409.685654,6583.424492
1510358400,11/11/2017,BTC-USD,6583.424492,6861.326166,6208.633775,6349.980717
1510444800,12/11/2017,BTC-USD,6349.980717,6450.567725,5504.398284,5884.747591
1510531200,13/11/2017,BTC-USD,5884.747591,6789.657975,5841.269487,6568.287861
1510617600,14/11/2017,BTC-USD,6568.287861,6768.767009,6481.50879,6661.650909
1510704000,15/11/2017,BTC-USD,6661.650909,7369.867937,6661.650909,7346.221479
1510790400,16/11/2017,BTC-USD,7346.221479,7965.937787,7199.18843,7849.979784
1510876800,17/11/2017,BTC-USD,7849.979784,8043.897319,7563.506748,7716.358422
1510963200,18/11/2017,BTC-USD,7716.358422,7859.532108,7461.777776,7790.48312
1511049600,19/11/2017,BTC-USD,7790.48312,8051.246985,7695.544728,7998.423006
1511136000,20/11/2017,BTC-USD,7998.423006,8257.190241,7905.112777,8204.456021
1511222400,21/11/2017,BTC-USD,8204.456021,8325.183306,7840.607722,8111.821257
1511308800,22/11/2017,BTC-USD,8111.821257,8319.764457,8111.821257,8236.492478
1511395200,23/11/2017,BTC-USD,8236.492478,8271.377726,8035.379236,8035.379236
1511481600,24/11/2017,BTC-USD,8035.379236,8421.227474,7950.319946,8248.918656
1511568000,25/11/2017,BTC-USD,8248.918656,8800.415872,8212.21058,8785.034139
1511654400,26/11/2017,BTC-USD,8785.034139,9514.501852,8776.53085,9334.258779
1511740800,27/11/2017,BTC-USD,9334.258779,9832.939004,9334.258779,9829.188796
1511827200,28/11/2017,BTC-USD,9829.188796,10235.16103,9745.854043,10215.06998
1511913600,29/11/2017,BTC-USD,10215.06998,11596.08551,8944.9429,9930.886676
1512000000,30/11/2017,BTC-USD,9930.886676,10901.23952,9145.867163,10199.77089
1512086400,01/12/2017,BTC-USD,10199.77089,11049.92929,9660.144167,10997.17625
1512172800,02/12/2017,BTC-USD,10997.17625,11281.64158,10860.47011,11069.20564
1512259200,03/12/2017,BTC-USD,11069.20564,11855.91331,10704.24475,11339.69385
1512345600,04/12/2017,BTC-USD,11339.69385,11715.37698,11026.08439,11715.37698
1512432000,05/12/2017,BTC-USD,11715.37698,12093.69407,11605.96284,11701.99962
1512518400,06/12/2017,BTC-USD,11701.99962,13870.81165,11701.99962,13817.33164
1512604800,07/12/2017,BTC-USD,13817.33164,18251.01911,13642.55662,18250.9455
1512691200,08/12/2017,BTC-USD,18250.9455,18801.15371,14485.5311,16349.40849
1512777600,09/12/2017,BTC-USD,16349.40849,16627.58032,13194.03018,15260.984
1512864000,10/12/2017,BTC-USD,15260.984,15914.39946,13087.24693,15242.24759
1512950400,11/12/2017,BTC-USD,15242.24759,17464.55808,15242.24759,16905.10698
1513036800,12/12/2017,BTC-USD,16905.10698,17548.62669,16481.59597,17108.19818
1513123200,13/12/2017,BTC-USD,17108.19818,17321.17425,16003.64408,16463.52643
1513209600,14/12/2017,BTC-USD,16463.52643,17069.70956,16282.55192,16690.18804
1513296000,15/12/2017,BTC-USD,16690.18804,18216.09901,16672.69423,17791.52229
1513382400,16/12/2017,BTC-USD,17791.52229,19749.40962,17622.05943,19538.12834
1513468800,17/12/2017,BTC-USD,19538.12834,20098.99284,18958.09649,19336.21174
1513555200,18/12/2017,BTC-USD,19336.21174,19422.74718,18323.72943,19149.78054
1513641600,19/12/2017,BTC-USD,19149.78054,19274.48732,16995.8885,17681.10171
1513728000,20/12/2017,BTC-USD,17681.10171,17870.09868,15695.81358,16533.46355
1513814400,21/12/2017,BTC-USD,16533.46355,17327.09631,15093.15207,15806.52521
1513900800,22/12/2017,BTC-USD,15806.52521,15935.05504,10991.38585,13833.38086
1513987200,23/12/2017,BTC-USD,13833.38086,15589.39994,13475.49006,14508.06997
1514073600,24/12/2017,BTC-USD,14508.06997,14611.57681,12343.58202,13924.40771
1514160000,25/12/2017,BTC-USD,13924.40771,14592.90545,13191.42088,13943.55627
1514246400,26/12/2017,BTC-USD,13943.55627,16219.45392,13895.92905,15903.49842
1514332800,27/12/2017,BTC-USD,15903.49842,16661.7014,14684.19438,15596.03802
1514419200,28/12/2017,BTC-USD,15596.03802,15647.69432,13740.75279,14631.44301
1514505600,29/12/2017,BTC-USD,14631.44301,15312.08084,14228.24001,14666.68427
1514592000,30/12/2017,BTC-USD,14666.68427,14726.82379,12372.82217,12865.77016
1514678400,31/12/2017,BTC-USD,12865.77016,14643.48879,12741.83781,14265.30709
1514764800,01/01/2018,BTC-USD,14265.30709,14331.58414,13298.60767,13783.28119
1514851200,02/01/2018,BTC-USD,13783.28119,15491.56348,13274.30232,14956.98162
1514937600,03/01/2018,BTC-USD,14956.98162,15647.89297,14767.84648,15346.39874
1515024000,04/01/2018,BTC-USD,15346.39874,15639.42975,14434.44618,15413.67022
1515110400,05/01/2018,BTC-USD,15413.67022,17510.88027,15121.14572,17334.06765
1515196800,06/01/2018,BTC-USD,17334.06765,17643.66392,16621.31267,17578.80599
1515283200,07/01/2018,BTC-USD,17578.80599,17589.96236,16291.28268,16638.81771
1515369600,08/01/2018,BTC-USD,16638.81771,16688.72612,14055.67045,15433.99626
1515456000,09/01/2018,BTC-USD,15433.99626,15875.48677,14429.81126,14973.06796
1515542400,10/01/2018,BTC-USD,14973.06796,15385.49779,13801.94165,15385.49779
1515628800,11/01/2018,BTC-USD,15385.49779,15950.43836,13437.67874,13894.23116
1515715200,12/01/2018,BTC-USD,13894.23116,14691.137,13443.26893,14396.61197
1515801600,13/01/2018,BTC-USD,14396.61197,15205.83915,14387.14473,14801.15028
1515888000,14/01/2018,BTC-USD,14801.15028,14973.99624,13475.37668,14223.65606
1515974400,15/01/2018,BTC-USD,14223.65606,14858.20277,14019.40171,14121.03735
1516060800,16/01/2018,BTC-USD,14121.03735,14789.94429,10090.99725,11419.51115
1516147200,17/01/2018,BTC-USD,11419.51115,11837.88509,9360.773679,11238.03432
1516233600,18/01/2018,BTC-USD,11238.03432,12312.19268,10972.03974,11289.78528
1516320000,19/01/2018,BTC-USD,11289.78528,12381.84189,11230.55434,12036.74188
1516406400,20/01/2018,BTC-USD,12036.74188,13447.24812,11994.69557,13221.16574
1516492800,21/01/2018,BTC-USD,13221.16574,13223.60605,11533.44501,12020.30593
1516579200,22/01/2018,BTC-USD,12020.30593,12356.11616,10395.02014,11177.25115
1516665600,23/01/2018,BTC-USD,11177.25115,11760.37698,10298.21773,11176.29332
1516752000,24/01/2018,BTC-USD,11176.29332,11867.04495,10874.81306,11747.05041
1516838400,25/01/2018,BTC-USD,11747.05041,12051.36586,11227.46317,11472.34165
1516924800,26/01/2018,BTC-USD,11472.34165,11906.83952,10580.035,11373.99155
1517011200,27/01/2018,BTC-USD,11373.99155,11881.30028,11142.88843,11672.65539
1517097600,28/01/2018,BTC-USD,11672.65539,12299.19293,11634.74455,11881.85099
1517184000,29/01/2018,BTC-USD,11881.85099,11943.11769,11243.13337,11383.7273
1517270400,30/01/2018,BTC-USD,11383.7273,11426.22226,10036.28419,10237.44412
1517356800,31/01/2018,BTC-USD,10237.44412,10472.13974,9796.476673,10337.71151
1517443200,01/02/2018,BTC-USD,10337.71151,10370.09053,8705.653286,9115.22536
1517529600,02/02/2018,BTC-USD,9115.22536,9176.630827,7666.938214,8894.817646
1517616000,03/02/2018,BTC-USD,8894.817646,9528.327233,8232.631823,9290.829878
1517702400,04/02/2018,BTC-USD,9290.829878,9460.754743,8010.136171,8325.13397
1517788800,05/02/2018,BTC-USD,8325.13397,8499.286424,6638.968098,6913.452835
1517875200,06/02/2018,BTC-USD,6913.452835,7979.579909,5999.443754,7787.488705
1517961600,07/02/2018,BTC-USD,7787.488705,8643.777436,7273.391825,7658.284141
1518048000,08/02/2018,BTC-USD,7658.284141,8712.18274,7658.284141,8333.501052
1518134400,09/02/2018,BTC-USD,8333.501052,8805.183872,7887.939096,8791.514029
1518220800,10/02/2018,BTC-USD,8791.514029,9204.099345,8316.474867,8707.294084
1518307200,11/02/2018,BTC-USD,8707.294084,8707.294084,7973.647199,8178.083544
1518393600,12/02/2018,BTC-USD,8178.083544,9074.386763,8178.083544,8974.558295
1518480000,13/02/2018,BTC-USD,8974.558295,9031.514496,8491.581669,8627.676382
1518566400,14/02/2018,BTC-USD,8627.676382,9584.834298,8627.676382,9551.421351
1518652800,15/02/2018,BTC-USD,9551.421351,10302.85179,9432.386164,10139.82384
1518739200,16/02/2018,BTC-USD,10139.82384,10391.0244,9839.117024,10285.82147
1518825600,17/02/2018,BTC-USD,10285.82147,11218.37534,10186.90496,11190.19273
1518912000,18/02/2018,BTC-USD,11190.19273,11441.85816,10278.55825,10566.16365
1518998400,19/02/2018,BTC-USD,10566.16365,11361.96403,10488.60089,11299.57188
1519084800,20/02/2018,BTC-USD,11299.57188,12071.67997,11214.49996,11338.03226
1519171200,21/02/2018,BTC-USD,11338.03226,11514.23183,10384.85283,10645.77879
1519257600,22/02/2018,BTC-USD,10645.77879,11207.24764,9944.002637,10024.42909
1519344000,23/02/2018,BTC-USD,10024.42909,10628.71047,9762.477224,10404.79691
1519430400,24/02/2018,BTC-USD,10404.79691,10707.06456,9649.788931,9957.454047
1519516800,25/02/2018,BTC-USD,9957.454047,10073.24218,9510.578893,9848.945245
1519603200,26/02/2018,BTC-USD,9848.945245,10614.87464,9594.486494,10470.35245
1519689600,27/02/2018,BTC-USD,10470.35245,10991.28695,10293.0695,10734.75296
1519776000,28/02/2018,BTC-USD,10734.75296,11194.90818,10479.95639,10503.09792
1519862400,01/03/2018,BTC-USD,10503.09792,11185.65225,10429.26286,11041.10501
1519948800,02/03/2018,BTC-USD,11041.10501,11323.56882,10942.56387,11187.92927
1520035200,03/03/2018,BTC-USD,11187.92927,11661.14313,11187.92927,11590.3306
1520121600,04/03/2018,BTC-USD,11590.3306,11660.71697,11215.05995,11615.68294
1520208000,05/03/2018,BTC-USD,11615.68294,11773.46885,11463.11381,11553.17929
1520294400,06/03/2018,BTC-USD,11553.17929,11553.17929,10707.019,10848.89236
1520380800,07/03/2018,BTC-USD,10848.89236,11034.87536,9675.492996,10030.11734
1520467200,08/03/2018,BTC-USD,10030.11734,10229.10729,9358.600017,9488.931191
1520553600,09/03/2018,BTC-USD,9488.931191,9586.51049,8517.3545,9374.333529
1520640000,10/03/2018,BTC-USD,9374.333529,9643.177328,8890.860634,8957.529584
1520726400,11/03/2018,BTC-USD,8957.529584,9848.276354,8681.938826,9673.934108
1520812800,12/03/2018,BTC-USD,9673.934108,10050.92192,8954.343315,9295.678166
1520899200,13/03/2018,BTC-USD,9295.678166,9623.082891,9043.717731,9308.591383
1520985600,14/03/2018,BTC-USD,9308.591383,9505.157592,8126.842926,8398.253771
1521072000,15/03/2018,BTC-USD,8398.253771,8583.33192,7832.49375,8379.267704
1521158400,16/03/2018,BTC-USD,8379.267704,8725.004614,8035.440088,8396.922516
1521244800,17/03/2018,BTC-USD,8396.922516,8471.817156,7893.958898,7991.231925
1521331200,18/03/2018,BTC-USD,7991.231925,8390.829619,7450.203675,8296.676031
1521417600,19/03/2018,BTC-USD,8296.676031,8812.369895,8221.4316,8763.902048
1521504000,20/03/2018,BTC-USD,8763.902048,9144.594522,8440.320338,9035.004809
1521590400,21/03/2018,BTC-USD,9035.004809,9303.211141,8910.95376,9009.962705
1521676800,22/03/2018,BTC-USD,9009.962705,9196.624833,8599.920105,8833.066481
1521763200,23/03/2018,BTC-USD,8833.066481,9026.567543,8429.301764,9026.567543
1521849600,24/03/2018,BTC-USD,9026.567543,9095.870177,8623.090938,8641.705982
1521936000,25/03/2018,BTC-USD,8641.705982,8778.610533,8513.71225,8590.414992
1522022400,26/03/2018,BTC-USD,8590.414992,8631.634199,7988.390726,8256.890606
1522108800,27/03/2018,BTC-USD,8256.890606,8339.966441,7889.569075,7928.230963
1522195200,28/03/2018,BTC-USD,7928.230963,8239.151977,7883.610274,8093.903999
1522281600,29/03/2018,BTC-USD,8093.903999,8113.536409,7043.430647,7191.620212
1522368000,30/03/2018,BTC-USD,7191.620212,7386.089932,6727.579272,6964.062456
1522454400,31/03/2018,BTC-USD,6964.062456,7324.596516,6931.304392,7061.803509
1522540800,01/04/2018,BTC-USD,7061.803509,7167.685976,6577.336477,6929.302116
1522627200,02/04/2018,BTC-USD,6929.302116,7221.985134,6891.705449,7165.640082
1522713600,03/04/2018,BTC-USD,7165.640082,7606.933508,7121.429084,7525.141532
1522800000,04/04/2018,BTC-USD,7525.141532,7531.953363,6814.673658,6894.682072
1522886400,05/04/2018,BTC-USD,6894.682072,7019.808786,6680.800249,6868.758224
1522972800,06/04/2018,BTC-USD,6868.758224,6950.196208,6626.400004,6724.536468
1523059200,07/04/2018,BTC-USD,6724.536468,7128.992081,6709.326888,6976.188055
1523145600,08/04/2018,BTC-USD,6976.188055,7180.78202,6969.763082,7088.787685
1523232000,09/04/2018,BTC-USD,7088.787685,7238.228013,6675.965581,6844.048284
1523318400,10/04/2018,BTC-USD,6844.048284,6953.941859,6734.617661,6914.226617
1523404800,11/04/2018,BTC-USD,6914.226617,7019.78484,6882.827857,6982.129589
1523491200,12/04/2018,BTC-USD,6982.129589,7978.381268,6807.218787,7927.675532
1523577600,13/04/2018,BTC-USD,7927.675532,8248.07575,7743.730778,7911.450322
1523664000,14/04/2018,BTC-USD,7911.450322,8199.068703,7858.203569,8004.402597
1523750400,15/04/2018,BTC-USD,8004.402597,8412.784858,8004.402597,8354.01013
1523836800,16/04/2018,BTC-USD,8354.01013,8421.4848,7928.600061,8113.433323
1523923200,17/04/2018,BTC-USD,8113.433323,8200.355126,7876.785407,7943.602605
1524009600,18/04/2018,BTC-USD,7943.602605,8241.582178,7928.289031,8188.428203
1524096000,19/04/2018,BTC-USD,8188.428203,8334.153229,8132.62689,8317.57498
1524182400,20/04/2018,BTC-USD,8317.57498,8939.456015,8214.218755,8869.672029
1524268800,21/04/2018,BTC-USD,8869.672029,9040.567393,8616.19418,8933.287064
1524355200,22/04/2018,BTC-USD,8933.287064,9016.125374,8775.186503,8812.411678
1524441600,23/04/2018,BTC-USD,8812.411678,8997.233244,8773.813084,8958.715794
1524528000,24/04/2018,BTC-USD,8958.715794,9738.17611,8949.052092,9653.752552
1524614400,25/04/2018,BTC-USD,9653.752552,9747.204439,8716.707906,8861.85541
1524700800,26/04/2018,BTC-USD,8861.85541,9284.509202,8650.059782,9271.068114
1524787200,27/04/2018,BTC-USD,9271.068114,9359.297875,8880.992683,8900.242289
1524873600,28/04/2018,BTC-USD,8900.242289,9386.497428,8861.050975,9289.091434
1524960000,29/04/2018,BTC-USD,9289.091434,9490.900121,9166.761696,9408.140572
1525046400,30/04/2018,BTC-USD,9408.140572,9439.912317,9150.921456,9278.195412
1525132800,01/05/2018,BTC-USD,9278.195412,9278.195412,8879.452426,9070.550266
1525219200,02/05/2018,BTC-USD,9070.550266,9237.966087,8979.558361,9207.883974
1525305600,03/05/2018,BTC-USD,9207.883974,9745.643581,9157.173796,9676.479544
1525392000,04/05/2018,BTC-USD,9676.479544,9736.22577,9483.733506,9641.568345
1525478400,05/05/2018,BTC-USD,9641.568345,9878.776389,9622.243082,9762.214302
1525564800,06/05/2018,BTC-USD,9762.214302,9842.991862,9387.868702,9622.064685
1525651200,07/05/2018,BTC-USD,9622.064685,9642.059196,9228.11567,9423.063831
1525737600,08/05/2018,BTC-USD,9423.063831,9506.204071,9092.642489,9212.522892
1525824000,09/05/2018,BTC-USD,9212.522892,9392.027158,8999.540819,9312.06067
1525910400,10/05/2018,BTC-USD,9312.06067,9407.038664,9017.779634,9049.74263
1525996800,11/05/2018,BTC-USD,9049.74263,9061.23276,8423.801368,8475.90394
1526083200,12/05/2018,BTC-USD,8475.90394,8763.98675,8271.808484,8576.453268
1526169600,13/05/2018,BTC-USD,8576.453268,8852.39422,8433.57406,8774.463906
1526256000,14/05/2018,BTC-USD,8774.463906,8904.56702,8376.601177,8695.857954
1526342400,15/05/2018,BTC-USD,8695.857954,8854.896436,8460.76672,8492.556784
1526428800,16/05/2018,BTC-USD,8492.556784,8519.56378,8153.854829,8364.648278
1526515200,17/05/2018,BTC-USD,8364.648278,8453.808146,8043.86996,8089.036621
1526601600,18/05/2018,BTC-USD,8089.036621,8293.248595,7957.474194,8253.644913
1526688000,19/05/2018,BTC-USD,8253.644913,8387.211801,8151.720737,8240.083939
1526774400,20/05/2018,BTC-USD,8240.083939,8544.472502,8172.405607,8492.599173
1526860800,21/05/2018,BTC-USD,8492.599173,8559.903961,8341.03923,8410.815483
1526947200,22/05/2018,BTC-USD,8410.815483,8434.214656,8003.70939,8042.653422
1527033600,23/05/2018,BTC-USD,8042.653422,8089.788516,7495.668116,7549.01578
1527120000,24/05/2018,BTC-USD,7549.01578,7784.333362,7327.417773,7610.496912
1527206400,25/05/2018,BTC-USD,7610.496912,7674.195247,7387.873881,7518.587892
1527292800,26/05/2018,BTC-USD,7518.587892,7631.943142,7364.877714,7394.961488
1527379200,27/05/2018,BTC-USD,7394.961488,7450.407562,7288.235945,7428.639384
1527465600,28/05/2018,BTC-USD,7428.639384,7514.092752,7162.654771,7207.748399
1527552000,29/05/2018,BTC-USD,7207.748399,7545.285912,7135.935306,7476.125404
1527638400,30/05/2018,BTC-USD,7476.125404,7581.65892,7285.063649,7409.158476
1527724800,31/05/2018,BTC-USD,7409.158476,7604.819409,7339.966551,7477.845034
1527811200,01/06/2018,BTC-USD,7477.845034,7592.68027,7373.732474,7535.528313
1527897600,02/06/2018,BTC-USD,7535.528313,7731.207793,7485.151753,7658.008921
1527984000,03/06/2018,BTC-USD,7658.008921,7805.926835,7604.646822,7689.387821
1528070400,04/06/2018,BTC-USD,7689.387821,7734.072751,7453.995544,7503.548658
1528156800,05/06/2018,BTC-USD,7503.548658,7662.538362,7378.385004,7624.111836
1528243200,06/06/2018,BTC-USD,7624.111836,7667.643843,7472.404808,7628.549438
1528329600,07/06/2018,BTC-USD,7628.549438,7724.303014,7621.48125,7642.085216
1528416000,08/06/2018,BTC-USD,7642.085216,7707.913161,7524.876929,7629.043928
1528502400,09/06/2018,BTC-USD,7629.043928,7680.190184,7508.992641,7532.444586
1528588800,10/06/2018,BTC-USD,7532.444586,7532.444586,6702.351316,6838.029567
1528675200,11/06/2018,BTC-USD,6838.029567,6958.944918,6700.307197,6940.648333
1528761600,12/06/2018,BTC-USD,6940.648333,6940.648333,6533.576247,6629.033679
1528848000,13/06/2018,BTC-USD,6629.033679,6696.389693,6225.18974,6349.870199
1528934400,14/06/2018,BTC-USD,6349.870199,6756.02391,6316.880362,6696.817351
1529020800,15/06/2018,BTC-USD,6696.817351,6711.951963,6490.069986,6500.376748
1529107200,16/06/2018,BTC-USD,6500.376748,6644.191222,6446.65655,6587.554017
1529193600,17/06/2018,BTC-USD,6587.554017,6659.51945,6534.129725,6569.986266
1529280000,18/06/2018,BTC-USD,6569.986266,6840.930525,6485.903547,6760.788709
1529366400,19/06/2018,BTC-USD,6760.788709,6869.063007,6700.010731,6779.118592
1529452800,20/06/2018,BTC-USD,6779.118592,6808.125676,6582.146877,6763.874497
1529539200,21/06/2018,BTC-USD,6763.874497,6787.989723,6687.947444,6729.158402
1529625600,22/06/2018,BTC-USD,6729.158402,6741.179084,6027.806845,6138.419682
1529712000,23/06/2018,BTC-USD,6138.419682,6347.022883,6101.60016,6253.520734
1529798400,24/06/2018,BTC-USD,6253.520734,6329.770978,5871.819049,6218.620817
1529884800,25/06/2018,BTC-USD,6218.620817,6375.361002,6137.551909,6307.380616
1529971200,26/06/2018,BTC-USD,6307.380616,6310.420032,6102.288608,6117.775743
1530057600,27/06/2018,BTC-USD,6117.775743,6202.98887,6042.336298,6160.258571
1530144000,28/06/2018,BTC-USD,6160.258571,6175.529148,5894.607161,5914.135886
1530230400,29/06/2018,BTC-USD,5914.135886,6322.414886,5860.216189,6244.926216
1530316800,30/06/2018,BTC-USD,6244.926216,6550.631528,6230.493711,6402.30729
1530403200,01/07/2018,BTC-USD,6402.30729,6440.479927,6257.909992,6340.066023
1530489600,02/07/2018,BTC-USD,6340.066023,6668.098626,6262.039989,6604.482845
1530576000,03/07/2018,BTC-USD,6604.482845,6657.333535,6485.958783,6530.288928
1530662400,04/07/2018,BTC-USD,6530.288928,6783.761902,6442.04077,6605.474197
1530748800,05/07/2018,BTC-USD,6605.474197,6691.551485,6496.872766,6584.386083
1530835200,06/07/2018,BTC-USD,6584.386083,6667.202669,6496.748178,6648.609088
1530921600,07/07/2018,BTC-USD,6648.609088,6804.390538,6551.667929,6790.70251
1531008000,08/07/2018,BTC-USD,6790.70251,6801.48816,6711.362077,6721.517972
1531094400,09/07/2018,BTC-USD,6721.517972,6798.71779,6672.059632,6683.859233
1531180800,10/07/2018,BTC-USD,6683.859233,6718.905293,6337.047028,6355.120969
1531267200,11/07/2018,BTC-USD,6355.120969,6523.599903,6336.416784,6440.718968
1531353600,12/07/2018,BTC-USD,6440.718968,6444.371951,6140.663907,6281.504372
1531440000,13/07/2018,BTC-USD,6281.504372,6378.930311,6196.56306,6284.671259
1531526400,14/07/2018,BTC-USD,6284.671259,6375.843797,6229.9678,6274.531027
1531612800,15/07/2018,BTC-USD,6274.531027,6434.302948,6259.764994,6390.753179
1531699200,16/07/2018,BTC-USD,6390.753179,6733.236232,6382.587845,6717.712483
1531785600,17/07/2018,BTC-USD,6717.712483,7422.869542,6648.139921,7288.634401
1531872000,18/07/2018,BTC-USD,7288.634401,7532.005323,7215.189567,7353.443894
1531958400,19/07/2018,BTC-USD,7353.443894,7522.4264,7265.358607,7457.433557
1532044800,20/07/2018,BTC-USD,7457.433557,7660.907648,7301.384592,7341.00186
1532131200,21/07/2018,BTC-USD,7341.00186,7444.624186,7241.836262,7403.906879
1532217600,22/07/2018,BTC-USD,7403.906879,7561.637227,7348.497882,7401.747233
1532304000,23/07/2018,BTC-USD,7401.747233,7785.820847,7376.99533,7720.93615
1532390400,24/07/2018,BTC-USD,7720.93615,8444.4359,7695.448481,8385.183824
1532476800,25/07/2018,BTC-USD,8385.183824,8464.775118,8040.042312,8144.224958
1532563200,26/07/2018,BTC-USD,8144.224958,8273.461623,7859.41865,7935.196332
1532649600,27/07/2018,BTC-USD,7935.196332,8275.892506,7817.714487,8172.685981
1532736000,28/07/2018,BTC-USD,8172.685981,8234.015822,8083.993251,8217.524787
1532822400,29/07/2018,BTC-USD,8217.524787,8272.405335,8104.140558,8191.769047
1532908800,30/07/2018,BTC-USD,8191.769047,8257.657312,7873.850996,8173.766267
1532995200,31/07/2018,BTC-USD,8173.766267,8173.766267,7672.135359,7745.643604
1533081600,01/08/2018,BTC-USD,7745.643604,7774.390573,7476.142432,7633.785282
1533168000,02/08/2018,BTC-USD,7633.785282,7710.634948,7501.49836,7559.857212
1533254400,03/08/2018,BTC-USD,7559.857212,7566.930455,7322.773785,7436.904414
1533340800,04/08/2018,BTC-USD,7436.904414,7515.064833,6953.577133,7024.460085
1533427200,05/08/2018,BTC-USD,7024.460085,7105.512827,6897.688702,7054.602252
1533513600,06/08/2018,BTC-USD,7054.602252,7177.040985,6859.029798,6946.763592
1533600000,07/08/2018,BTC-USD,6946.763592,7159.674335,6711.777373,6744.026178
1533686400,08/08/2018,BTC-USD,6744.026178,6749.4524,6177.72744,6302.069706
1533772800,09/08/2018,BTC-USD,6302.069706,6644.991038,6224.114937,6554.772694
1533859200,10/08/2018,BTC-USD,6554.772694,6599.062984,6068.441341,6178.791157
1533945600,11/08/2018,BTC-USD,6178.791157,6550.304114,6050.837797,6286.160067
1534032000,12/08/2018,BTC-USD,6286.160067,6502.443816,6231.363429,6361.38457
1534118400,13/08/2018,BTC-USD,6361.38457,6558.483175,6214.621441,6329.83688
1534204800,14/08/2018,BTC-USD,6329.83688,6329.83688,5969.899419,6231.170594
1534291200,15/08/2018,BTC-USD,6231.170594,6615.905728,6231.170594,6278.66886
1534377600,16/08/2018,BTC-USD,6278.66886,6477.968314,6224.556908,6323.821701
1534464000,17/08/2018,BTC-USD,6323.821701,6587.986667,6317.726668,6587.986667
1534550400,18/08/2018,BTC-USD,6587.986667,6618.154156,6328.920644,6403.747798
1534636800,19/08/2018,BTC-USD,6403.747798,6550.68973,6327.864341,6500.397251
1534723200,20/08/2018,BTC-USD,6500.397251,6548.301543,6276.009951,6290.044186
1534809600,21/08/2018,BTC-USD,6290.044186,6514.463158,6274.569102,6494.767731
1534896000,22/08/2018,BTC-USD,6494.767731,6859.524196,6304.517989,6400.676403
1534982400,23/08/2018,BTC-USD,6400.676403,6575.541614,6385.042346,6534.113454
1535068800,24/08/2018,BTC-USD,6534.113454,6741.635444,6496.510736,6707.787008
1535155200,25/08/2018,BTC-USD,6707.787008,6803.051741,6675.095933,6755.970715
1535241600,26/08/2018,BTC-USD,6755.970715,6783.581241,6595.60011,6718.466047
1535328000,27/08/2018,BTC-USD,6718.466047,6909.563446,6676.919739,6903.108016
1535414400,28/08/2018,BTC-USD,6903.108016,7122.958165,6870.168126,7074.042153
1535500800,29/08/2018,BTC-USD,7074.042153,7121.705471,6948.604111,7039.792392
1535587200,30/08/2018,BTC-USD,7039.792392,7066.792778,6820.998541,7006.274658
1535673600,31/08/2018,BTC-USD,7006.274658,7104.163082,6912.754168,7029.236215
1535760000,01/09/2018,BTC-USD,7029.236215,7249.397187,7029.236215,7184.451331
1535846400,02/09/2018,BTC-USD,7184.451331,7331.570009,7119.501911,7300.076127
1535932800,03/09/2018,BTC-USD,7300.076127,7344.214572,7198.974019,7266.172241
1536019200,04/09/2018,BTC-USD,7266.172241,7417.80506,7251.254116,7364.034728
1536105600,05/09/2018,BTC-USD,7364.034728,7402.227854,6708.860038,6722.312839
1536192000,06/09/2018,BTC-USD,6722.312839,6742.056731,6342.097875,6542.351187
1536278400,07/09/2018,BTC-USD,6542.351187,6577.060932,6390.042495,6458.786187
1536364800,08/09/2018,BTC-USD,6458.786187,6538.460717,6213.986417,6283.039059
1536451200,09/09/2018,BTC-USD,6283.039059,6520.557887,6245.0231,6314.816382
1536537600,10/09/2018,BTC-USD,6314.816382,6413.908266,6309.165765,6374.574933
1536624000,11/09/2018,BTC-USD,6374.574933,6460.21074,6253.543181,6353.409104
1536710400,12/09/2018,BTC-USD,6353.409104,6401.192515,6261.38,6389.146506
1536796800,13/09/2018,BTC-USD,6389.146506,6578.38021,6380.423686,6510.881572
1536883200,14/09/2018,BTC-USD,6510.881572,6606.747434,6426.462786,6513.904892
1536969600,15/09/2018,BTC-USD,6513.904892,6586.801538,6492.119521,6545.608612
1537056000,16/09/2018,BTC-USD,6545.608612,6550.525494,6427.989394,6522.162505
1537142400,17/09/2018,BTC-USD,6522.162505,6562.59085,6247.471302,6294.639269
1537228800,18/09/2018,BTC-USD,6294.639269,6418.271363,6269.623181,6379.194612
1537315200,19/09/2018,BTC-USD,6379.194612,6522.99148,6163.3774,6408.392403
1537401600,20/09/2018,BTC-USD,6408.392403,6560.679174,6378.978519,6516.714435
1537488000,21/09/2018,BTC-USD,6516.714435,6845.664425,6513.407808,6750.461957
1537574400,22/09/2018,BTC-USD,6750.461957,6823.536651,6627.799106,6722.080578
1537660800,23/09/2018,BTC-USD,6722.080578,6780.423542,6665.629591,6707.720248
1537747200,24/09/2018,BTC-USD,6707.720248,6726.591309,6574.621083,6597.757485
1537833600,25/09/2018,BTC-USD,6597.757485,6597.757485,6367.663908,6453.050138
1537920000,26/09/2018,BTC-USD,6453.050138,6576.909659,6403.040725,6475.695446
1538006400,27/09/2018,BTC-USD,6475.695446,6738.811373,6451.792088,6687.788448
1538092800,28/09/2018,BTC-USD,6687.788448,6803.437553,6549.181068,6644.023938
1538179200,29/09/2018,BTC-USD,6644.023938,6644.023938,6500.313046,6599.272677
1538265600,30/09/2018,BTC-USD,6599.272677,6653.641854,6555.472263,6626.311358
1538352000,01/10/2018,BTC-USD,6626.311358,6661.099896,6537.04279,6610.036175
1538438400,02/10/2018,BTC-USD,6610.036175,6633.428548,6513.953665,6537.663512
1538524800,03/10/2018,BTC-USD,6537.663512,6547.964281,6441.568076,6522.589056
1538611200,04/10/2018,BTC-USD,6522.589056,6666.475173,6515.960169,6590.982922
1538697600,05/10/2018,BTC-USD,6590.982922,6665.512365,6576.651311,6628.573998
1538784000,06/10/2018,BTC-USD,6628.573998,6641.792265,6568.169617,6598.094706
1538870400,07/10/2018,BTC-USD,6598.094706,6647.444434,6550.741225,6629.083034
1538956800,08/10/2018,BTC-USD,6629.083034,6694.881471,6599.971851,6658.164136
1539043200,09/10/2018,BTC-USD,6658.164136,6663.033216,6605.430294,6642.073986
1539129600,10/10/2018,BTC-USD,6642.073986,6642.073986,6507.151251,6572.979385
1539216000,11/10/2018,BTC-USD,6572.979385,6585.703086,6204.400587,6254.62242
1539302400,12/10/2018,BTC-USD,6254.62242,6360.80643,6224.396206,6322.822622
1539388800,13/10/2018,BTC-USD,6322.822622,6361.989873,6316.570331,6354.354038
1539475200,14/10/2018,BTC-USD,6354.354038,6409.003457,6330.500373,6350.628081
1539561600,15/10/2018,BTC-USD,6350.628081,7141.849684,6316.996895,6574.227349
1539648000,16/10/2018,BTC-USD,6574.227349,6676.339765,6536.66453,6582.979075
1539734400,17/10/2018,BTC-USD,6582.979075,6582.979075,6504.859319,6569.793754
1539820800,18/10/2018,BTC-USD,6569.793754,6599.674704,6486.667473,6517.064261
1539907200,19/10/2018,BTC-USD,6517.064261,6541.562971,6457.681709,6478.916863
1539993600,20/10/2018,BTC-USD,6478.916863,6525.20969,6455.459665,6508.875637
1540080000,21/10/2018,BTC-USD,6508.875637,6550.89319,6501.605965,6505.157824
1540166400,22/10/2018,BTC-USD,6505.157824,6527.106039,6465.878845,6491.434177
1540252800,23/10/2018,BTC-USD,6491.434177,6496.391181,6444.705433,6449.47858
1540339200,24/10/2018,BTC-USD,6449.47858,6507.29655,6449.47858,6462.655652
1540425600,25/10/2018,BTC-USD,6462.655652,6484.671693,6431.990111,6461.371641
1540512000,26/10/2018,BTC-USD,6461.371641,6493.111037,6432.215311,6459.065854
1540598400,27/10/2018,BTC-USD,6459.065854,6475.260653,6428.112419,6457.222854
1540684800,28/10/2018,BTC-USD,6457.222854,6530.009712,6430.213874,6462.44936
1540771200,29/10/2018,BTC-USD,6462.44936,6463.40938,6282.76861,6296.782615
1540857600,30/10/2018,BTC-USD,6296.782615,6340.991227,6296.782615,6319.991183
1540944000,31/10/2018,BTC-USD,6319.991183,6380.771484,6258.674152,6333.513684
1541030400,01/11/2018,BTC-USD,6333.513684,6411.965706,6333.513684,6394.632933
1541116800,02/11/2018,BTC-USD,6394.632933,6475.219448,6394.632933,6435.34999
1541203200,03/11/2018,BTC-USD,6435.34999,6438.926057,6375.662123,6408.316337
1541289600,04/11/2018,BTC-USD,6408.316337,6504.859198,6390.242564,6472.639398
1541376000,05/11/2018,BTC-USD,6472.639398,6472.639398,6414.393989,6432.492266
1541462400,06/11/2018,BTC-USD,6432.492266,6481.156845,6424.41882,6477.479576
1541548800,07/11/2018,BTC-USD,6477.479576,6583.710384,6477.479576,6550.067297
1541635200,08/11/2018,BTC-USD,6550.067297,6550.067297,6475.00213,6488.111111
1541721600,09/11/2018,BTC-USD,6488.111111,6488.111111,6379.019362,6414.792036
1541808000,10/11/2018,BTC-USD,6414.792036,6465.450959,6410.334892,6428.302236
1541894400,11/11/2018,BTC-USD,6428.302236,6457.355202,6378.100981,6453.84471
1541980800,12/11/2018,BTC-USD,6453.84471,6483.349987,6412.901702,6439.725941
1542067200,13/11/2018,BTC-USD,6439.725941,6450.416286,6387.559443,6404.352673
1542153600,14/11/2018,BTC-USD,6404.352673,6438.926913,5555.292172,5809.087371
1542240000,15/11/2018,BTC-USD,5809.087371,5832.616491,5385.88975,5729.281851
1542326400,16/11/2018,BTC-USD,5729.281851,5767.979571,5608.131993,5709.721451
1542412800,17/11/2018,BTC-USD,5709.721451,5726.181167,5621.509935,5704.365202
1542499200,18/11/2018,BTC-USD,5704.365202,5799.295833,5686.547585,5733.698238
1542585600,19/11/2018,BTC-USD,5733.698238,5734.257831,4813.233664,4861.87927
1542672000,20/11/2018,BTC-USD,4861.87927,4989.604217,4227.052223,4487.06751
1542758400,21/11/2018,BTC-USD,4487.06751,4717.486454,4349.511617,4647.795461
1542844800,22/11/2018,BTC-USD,4647.795461,4680.453511,4358.574694,4368.669247
1542931200,23/11/2018,BTC-USD,4368.669247,4464.5474,4222.891,4404.209601
1543017600,24/11/2018,BTC-USD,4404.209601,4484.153249,3828.746176,3918.87139
1543104000,25/11/2018,BTC-USD,3918.87139,4182.459003,3602.631685,4033.133374
1543190400,26/11/2018,BTC-USD,4033.133374,4147.825337,3649.308469,3828.184634
1543276800,27/11/2018,BTC-USD,3828.184634,3916.718851,3671.66745,3871.996021
1543363200,28/11/2018,BTC-USD,3871.996021,4430.704842,3864.361935,4304.536525
1543449600,29/11/2018,BTC-USD,4304.536525,4477.307631,4162.796603,4336.4558
1543536000,30/11/2018,BTC-USD,4336.4558,4383.401798,3938.919862,4031.00473
1543622400,01/12/2018,BTC-USD,4031.00473,4360.905743,3959.97343,4238.140113
1543708800,02/12/2018,BTC-USD,4238.140113,4339.443757,4093.861016,4189.096211
1543795200,03/12/2018,BTC-USD,4189.096211,4205.944214,3843.308887,3909.339685
1543881600,04/12/2018,BTC-USD,3909.339685,4106.220553,3818.189434,4006.55138
1543968000,05/12/2018,BTC-USD,4006.55138,4018.231329,3769.948256,3777.307439
1544054400,06/12/2018,BTC-USD,3777.307439,3930.848502,3497.324139,3497.324139
1544140800,07/12/2018,BTC-USD,3497.324139,3576.501864,3277.702854,3445.452679
1544227200,08/12/2018,BTC-USD,3445.452679,3587.587417,3346.945871,3522.503929
1544313600,09/12/2018,BTC-USD,3522.503929,3753.606734,3492.43638,3635.345092
1544400000,10/12/2018,BTC-USD,3635.345092,3697.572528,3477.296886,3524.520288
1544486400,11/12/2018,BTC-USD,3524.520288,3572.780875,3402.544304,3440.734499
1544572800,12/12/2018,BTC-USD,3440.734499,3586.377928,3421.040198,3532.643748
1544659200,13/12/2018,BTC-USD,3532.643748,3552.358184,3320.016682,3374.598106
1544745600,14/12/2018,BTC-USD,3374.598106,3403.76329,3221.01554,3281.057186
1544832000,15/12/2018,BTC-USD,3281.057186,3343.00157,3213.389871,3290.852225
1544918400,16/12/2018,BTC-USD,3290.852225,3355.941232,3263.184702,3303.161554
1545004800,17/12/2018,BTC-USD,3303.161554,3682.47649,3298.704022,3579.862238
1545091200,18/12/2018,BTC-USD,3579.862238,3785.868941,3505.200251,3771.172226
1545177600,19/12/2018,BTC-USD,3771.172226,4012.524456,3732.884721,3761.701816
1545264000,20/12/2018,BTC-USD,3761.701816,4256.713019,3749.168263,4156.439906
1545350400,21/12/2018,BTC-USD,4156.439906,4238.305767,3849.462435,3913.391166
1545436800,22/12/2018,BTC-USD,3913.391166,4082.892248,3860.94403,4058.5439
1545523200,23/12/2018,BTC-USD,4058.5439,4129.284201,3985.716954,4032.162539
1545609600,24/12/2018,BTC-USD,4032.162539,4327.40714,4029.557512,4112.566448
1545696000,25/12/2018,BTC-USD,4112.566448,4112.751328,3784.382923,3871.701838
1545782400,26/12/2018,BTC-USD,3871.701838,3955.193849,3781.474902,3914.612859
1545868800,27/12/2018,BTC-USD,3914.612859,3932.151829,3667.892059,3705.721224
1545955200,28/12/2018,BTC-USD,3705.721224,4032.839763,3677.101599,3975.659866
1546041600,29/12/2018,BTC-USD,3975.659866,4012.785436,3801.342549,3806.722002
1546128000,30/12/2018,BTC-USD,3806.722002,3946.797443,3779.329607,3920.34774
1546214400,31/12/2018,BTC-USD,3920.34774,3935.666492,3746.622544,3808.505613
1546300800,01/01/2019,BTC-USD,3808.505613,3926.589776,3754.724876,3921.896464
1546387200,02/01/2019,BTC-USD,3921.896464,3996.632076,3880.709683,3980.719665
1546473600,03/01/2019,BTC-USD,3980.719665,3982.44015,3841.946061,3859.526841
1546560000,04/01/2019,BTC-USD,3859.526841,3926.370767,3806.128125,3901.674512
1546646400,05/01/2019,BTC-USD,3901.674512,3949.474191,3855.499159,3872.161199
1546732800,06/01/2019,BTC-USD,3872.161199,4137.5163,3858.22555,4103.788525
1546819200,07/01/2019,BTC-USD,4103.788525,4125.350672,4033.706579,4079.500863
1546905600,08/01/2019,BTC-USD,4079.500863,4153.228457,4029.302247,4050.601025
1546992000,09/01/2019,BTC-USD,4050.601025,4103.099715,4041.193864,4068.133072
1547078400,10/01/2019,BTC-USD,4068.133072,4094.10695,3667.101948,3698.761228
1547164800,11/01/2019,BTC-USD,3698.761228,3755.733157,3606.797593,3717.102968
1547251200,12/01/2019,BTC-USD,3717.102968,3844.536798,3608.934057,3709.978354
1547337600,13/01/2019,BTC-USD,3709.978354,3717.751271,3505.072645,3587.73395
1547424000,14/01/2019,BTC-USD,3587.73395,3760.879645,3515.74198,3743.291203
1547510400,15/01/2019,BTC-USD,3743.291203,3762.393703,3572.434343,3587.754936
1547596800,16/01/2019,BTC-USD,3587.754936,3716.803904,3582.323097,3674.974112
1547683200,17/01/2019,BTC-USD,3674.974112,3725.222905,3563.29542,3713.933491
1547769600,18/01/2019,BTC-USD,3713.933491,3724.391161,3593.98093,3692.20708
1547856000,19/01/2019,BTC-USD,3692.20708,3808.817745,3612.880483,3772.884641
1547942400,20/01/2019,BTC-USD,3772.884641,3793.615628,3521.065922,3608.519184
1548028800,21/01/2019,BTC-USD,3608.519184,3642.611277,3519.794736,3619.410592
1548115200,22/01/2019,BTC-USD,3619.410592,3679.260039,3460.998525,3653.498672
1548201600,23/01/2019,BTC-USD,3653.498672,3696.933052,3534.358503,3639.579455
1548288000,24/01/2019,BTC-USD,3639.579455,3677.422877,3535.411558,3658.371937
1548374400,25/01/2019,BTC-USD,3658.371937,3674.274936,3531.567225,3649.615902
1548460800,26/01/2019,BTC-USD,3649.615902,3721.648967,3545.871979,3644.63684
1548547200,27/01/2019,BTC-USD,3644.63684,3678.811302,3515.945381,3631.867198
1548633600,28/01/2019,BTC-USD,3631.867198,3634.925664,3382.713595,3505.990897
1548720000,29/01/2019,BTC-USD,3505.990897,3514.643798,3366.864005,3466.688961
1548806400,30/01/2019,BTC-USD,3466.688961,3543.73046,3383.316737,3510.097217
1548892800,31/01/2019,BTC-USD,3510.097217,3541.554276,3394.540103,3477.93959
1548979200,01/02/2019,BTC-USD,3477.93959,3530.818341,3382.079876,3498.072426
1549065600,02/02/2019,BTC-USD,3498.072426,3539.027435,3466.239482,3528.388973
1549152000,03/02/2019,BTC-USD,3528.388973,3532.331481,3452.445993,3481.846068
1549238400,04/02/2019,BTC-USD,3481.846068,3503.596696,3455.558518,3489.240137
1549324800,05/02/2019,BTC-USD,3489.240137,3517.195431,3473.99832,3508.795955
1549411200,06/02/2019,BTC-USD,3508.795955,3515.928716,3362.867095,3438.822691
1549497600,07/02/2019,BTC-USD,3438.822691,3458.75772,3366.626191,3431.007558
1549584000,08/02/2019,BTC-USD,3431.007558,3765.628021,3391.999964,3672.567891
1549670400,09/02/2019,BTC-USD,3672.567891,3696.085354,3647.677538,3686.769754
1549756800,10/02/2019,BTC-USD,3686.769754,3712.609628,3600.068299,3712.261424
1549843200,11/02/2019,BTC-USD,3712.261424,3712.261424,3584.746541,3648.803129
1549929600,12/02/2019,BTC-USD,3648.803129,3676.76213,3567.732986,3648.036889
1550016000,13/02/2019,BTC-USD,3648.036889,3681.753252,3564.395531,3643.916886
1550102400,14/02/2019,BTC-USD,3643.916886,3658.581119,3555.370671,3634.143735
1550188800,15/02/2019,BTC-USD,3634.143735,3668.381822,3551.254383,3653.165097
1550275200,16/02/2019,BTC-USD,3653.165097,3677.362583,3575.66792,3584.126599
1550361600,17/02/2019,BTC-USD,3584.126599,3728.665358,3573.947706,3708.349225
1550448000,18/02/2019,BTC-USD,3708.349225,3955.303942,3641.350195,3926.332759
1550534400,19/02/2019,BTC-USD,3926.332759,4025.683851,3850.235023,3877.936335
1550620800,20/02/2019,BTC-USD,3877.936335,4015.624679,3844.370785,4005.552685
1550707200,21/02/2019,BTC-USD,4005.552685,4040.302417,3882.008294,3921.670751
1550793600,22/02/2019,BTC-USD,3921.670751,4018.761632,3919.272369,3942.932853
1550880000,23/02/2019,BTC-USD,3942.932853,4183.739704,3913.445241,4153.601256
1550966400,24/02/2019,BTC-USD,4153.601256,4223.897908,3743.390002,3831.083944
1551052800,25/02/2019,BTC-USD,3831.083944,3950.163345,3751.863402,3899.085662
1551139200,26/02/2019,BTC-USD,3899.085662,3916.761356,3769.85593,3878.900976
1551225600,27/02/2019,BTC-USD,3878.900976,3905.86409,3683.684714,3898.831908
1551312000,28/02/2019,BTC-USD,3898.831908,3949.889512,3785.531962,3792.993066
1551398400,01/03/2019,BTC-USD,3792.993066,3924.440432,3789.5608,3897.878543
1551484800,02/03/2019,BTC-USD,3897.878543,3914.488967,3762.760254,3895.549571
1551571200,03/03/2019,BTC-USD,3895.549571,3911.886358,3769.364436,3877.167714
1551657600,04/03/2019,BTC-USD,3877.167714,3901.959506,3664.483589,3796.478936
1551744000,05/03/2019,BTC-USD,3796.478936,3930.481562,3693.049384,3920.315794
1551830400,06/03/2019,BTC-USD,3920.315794,3935.413456,3811.467144,3916.471018
1551916800,07/03/2019,BTC-USD,3916.471018,3959.131435,3826.140271,3923.116473
1552003200,08/03/2019,BTC-USD,3923.116473,3980.317615,3798.782793,3910.992407
1552089600,09/03/2019,BTC-USD,3910.992407,4008.605119,3843.378285,3985.935961
1552176000,10/03/2019,BTC-USD,3985.935961,3986.5402,3871.383655,3962.291964
1552262400,11/03/2019,BTC-USD,3962.291964,3991.645566,3824.566785,3877.831459
1552348800,12/03/2019,BTC-USD,3877.831459,3961.159907,3801.612604,3942.771593
1552435200,13/03/2019,BTC-USD,3942.771593,3956.283628,3830.596326,3932.117569
1552521600,14/03/2019,BTC-USD,3932.117569,3954.740926,3815.015029,3937.380172
1552608000,15/03/2019,BTC-USD,3937.380172,3991.49342,3853.90277,3898.86244
1552694400,16/03/2019,BTC-USD,3898.86244,4104.441973,3897.092836,4060.93854
1552780800,17/03/2019,BTC-USD,4060.93854,4060.93854,3937.846999,3961.805053
1552867200,18/03/2019,BTC-USD,3961.805053,4085.293928,3939.398607,4040.150918
1552953600,19/03/2019,BTC-USD,4040.150918,4075.506353,3951.280569,4067.517837
1553040000,20/03/2019,BTC-USD,4067.517837,4110.571763,3974.206094,4108.244442
1553126400,21/03/2019,BTC-USD,4108.244442,4118.201724,3931.615969,4038.803287
1553212800,22/03/2019,BTC-USD,4038.803287,4083.539177,3963.598832,3978.692859
1553299200,23/03/2019,BTC-USD,3978.692859,4073.301073,3962.990897,4008.886852
1553385600,24/03/2019,BTC-USD,4008.886852,4059.886509,3950.043458,4043.510662
1553472000,25/03/2019,BTC-USD,4043.510662,4058.660255,3877.796653,3975.246853
1553558400,26/03/2019,BTC-USD,3975.246853,3993.063456,3882.933456,3926.155877
1553644800,27/03/2019,BTC-USD,3926.155877,4075.16707,3914.8078,4032.624368
1553731200,28/03/2019,BTC-USD,4032.624368,4087.452348,3989.349785,4074.564854
1553817600,29/03/2019,BTC-USD,4074.564854,4155.512283,4007.755443,4087.508827
1553904000,30/03/2019,BTC-USD,4087.508827,4171.546733,4047.859101,4148.417549
1553990400,31/03/2019,BTC-USD,4148.417549,4162.505195,4068.929307,4085.564415
1554076800,01/04/2019,BTC-USD,4085.564415,4186.862294,4066.82513,4130.322669
1554163200,02/04/2019,BTC-USD,4130.322669,4935.075994,4128.486498,4896.338477
1554249600,03/04/2019,BTC-USD,4896.338477,5314.358023,4834.506424,4970.892197
1554336000,04/04/2019,BTC-USD,4970.892197,5069.203577,4802.678332,4905.393107
1554422400,05/04/2019,BTC-USD,4905.393107,5065.067453,4888.27776,5029.168354
1554508800,06/04/2019,BTC-USD,5029.168354,5229.381306,4938.25773,5043.01876
1554595200,07/04/2019,BTC-USD,5043.01876,5246.257158,5033.485739,5195.371301
1554681600,08/04/2019,BTC-USD,5195.371301,5328.107677,5085.3133,5296.402615
1554768000,09/04/2019,BTC-USD,5296.402615,5297.212919,5147.374772,5192.196633
1554854400,10/04/2019,BTC-USD,5192.196633,5464.823861,5175.669266,5317.975011
1554940800,11/04/2019,BTC-USD,5317.975011,5370.625655,4983.487588,5077.523408
1555027200,12/04/2019,BTC-USD,5077.523408,5143.40275,4926.026809,5123.072842
1555113600,13/04/2019,BTC-USD,5123.072842,5171.641673,5038.649448,5119.504
1555200000,14/04/2019,BTC-USD,5119.504,5219.641896,5025.719274,5201.13177
1555286400,15/04/2019,BTC-USD,5201.13177,5224.886071,4985.665172,5039.227207
1555372800,16/04/2019,BTC-USD,5039.227207,5249.355887,5016.597257,5221.812092
1555459200,17/04/2019,BTC-USD,5221.812092,5285.400884,5191.413548,5248.345584
1555545600,18/04/2019,BTC-USD,5248.345584,5330.344166,5223.726305,5302.375295
1555632000,19/04/2019,BTC-USD,5302.375295,5345.830702,5209.260799,5313.852105
1555718400,20/04/2019,BTC-USD,5313.852105,5372.87267,5266.126229,5329.371723
1555804800,21/04/2019,BTC-USD,5329.371723,5367.576081,5222.361598,5337.609141
1555891200,22/04/2019,BTC-USD,5337.609141,5453.65242,5253.938438,5400.053508
1555977600,23/04/2019,BTC-USD,5400.053508,5644.258077,5376.958346,5531.470244
1556064000,24/04/2019,BTC-USD,5531.470244,5655.86512,5383.398007,5483.760468
1556150400,25/04/2019,BTC-USD,5483.760468,5559.294515,5073.333212,5249.189294
1556236800,26/04/2019,BTC-USD,5249.189294,5424.611542,5116.043822,5322.297795
1556323200,27/04/2019,BTC-USD,5322.297795,5387.163958,5146.594936,5340.897869
1556409600,28/04/2019,BTC-USD,5340.897869,5388.135758,5154.507319,5337.703899
1556496000,29/04/2019,BTC-USD,5337.703899,5366.686145,5124.769987,5291.10886
1556582400,30/04/2019,BTC-USD,5291.10886,5361.444323,5120.254331,5344.858347
1556668800,01/05/2019,BTC-USD,5344.858347,5382.867008,5269.734662,5375.464911
1556755200,02/05/2019,BTC-USD,5375.464911,5498.153536,5334.312081,5456.810426
1556841600,03/05/2019,BTC-USD,5456.810426,5792.668809,5374.444971,5667.702364
1556928000,04/05/2019,BTC-USD,5667.702364,5822.355137,5560.77878,5776.107183
1557014400,05/05/2019,BTC-USD,5776.107183,5793.990045,5649.362531,5722.094856
1557100800,06/05/2019,BTC-USD,5722.094856,5755.503088,5581.564944,5658.92002
1557187200,07/05/2019,BTC-USD,5658.92002,5949.367826,5658.92002,5778.246684
1557273600,08/05/2019,BTC-USD,5778.246684,5972.657736,5709.602642,5908.272779
1557360000,09/05/2019,BTC-USD,5908.272779,6206.163187,5908.272779,6190.460874
1557446400,10/05/2019,BTC-USD,6190.460874,6462.532065,6113.811204,6406.06909
1557532800,11/05/2019,BTC-USD,6406.06909,7432.737651,6357.866096,7213.535637
1557619200,12/05/2019,BTC-USD,7213.535637,7538.933067,6777.62408,6974.96389
1557705600,13/05/2019,BTC-USD,6974.96389,8094.828661,6882.254828,7812.052492
1557792000,14/05/2019,BTC-USD,7812.052492,8308.178906,7628.984221,7940.899162
1557878400,15/05/2019,BTC-USD,7940.899162,8263.023528,7801.417022,8185.612078
1557964800,16/05/2019,BTC-USD,8185.612078,8346.026248,7675.199072,7880.781624
1558051200,17/05/2019,BTC-USD,7880.781624,7932.472075,6852.047663,7346.50338
1558137600,18/05/2019,BTC-USD,7346.50338,7466.621008,7222.766447,7274.875299
1558224000,19/05/2019,BTC-USD,7274.875299,8237.678966,7259.256861,8064.340598
1558310400,20/05/2019,BTC-USD,8064.340598,8127.357525,7605.340363,7970.348839
1558396800,21/05/2019,BTC-USD,7970.348839,8088.630137,7789.111074,7954.649924
1558483200,22/05/2019,BTC-USD,7954.649924,8012.7711,7565.796636,7632.904681
1558569600,23/05/2019,BTC-USD,7632.904681,7960.308828,7500.229133,7863.49009
1558656000,24/05/2019,BTC-USD,7863.49009,8118.804734,7795.142763,7902.010803
1558742400,25/05/2019,BTC-USD,7902.010803,8126.312063,7824.502357,7922.652991
1558828800,26/05/2019,BTC-USD,7922.652991,8767.724784,7768.204919,8745.391968
1558915200,27/05/2019,BTC-USD,8745.391968,8929.97112,8410.49194,8775.941359
1559001600,28/05/2019,BTC-USD,8775.941359,8818.425582,8415.785242,8720.391371
1559088000,29/05/2019,BTC-USD,8720.391371,8748.315511,8376.276566,8665.455114
1559174400,30/05/2019,BTC-USD,8665.455114,9046.080835,8041.829214,8255.303445
1559260800,31/05/2019,BTC-USD,8255.303445,8582.664206,8115.808964,8566.915649
1559347200,01/06/2019,BTC-USD,8566.915649,8620.160106,8402.052264,8557.185357
1559433600,02/06/2019,BTC-USD,8557.185357,8811.872139,8492.938272,8742.947165
1559520000,03/06/2019,BTC-USD,8742.947165,8742.947165,8118.634767,8146.496425
1559606400,04/06/2019,BTC-USD,8146.496425,8146.496425,7490.128192,7715.952221
1559692800,05/06/2019,BTC-USD,7715.952221,7933.920426,7594.585022,7788.591654
1559779200,06/06/2019,BTC-USD,7788.591654,7885.439775,7454.728694,7788.355115
1559865600,07/06/2019,BTC-USD,7788.355115,8121.426434,7762.287122,8011.882099
1559952000,08/06/2019,BTC-USD,8011.882099,8077.175874,7818.128618,7960.659911
1560038400,09/06/2019,BTC-USD,7960.659911,7994.50214,7536.917164,7650.829785
1560124800,10/06/2019,BTC-USD,7650.829785,8042.936623,7541.577652,8016.602487
1560211200,11/06/2019,BTC-USD,8016.602487,8020.778419,7753.680008,7913.172495
1560297600,12/06/2019,BTC-USD,7913.172495,8216.286698,7790.746292,8160.343597
1560384000,13/06/2019,BTC-USD,8160.343597,8315.872298,8023.199212,8236.963341
1560470400,14/06/2019,BTC-USD,8236.963341,8727.428182,8116.215463,8699.4012
1560556800,15/06/2019,BTC-USD,8699.4012,8874.563865,8565.702102,8768.835788
1560643200,16/06/2019,BTC-USD,8768.835788,9358.877803,8739.403536,8993.014353
1560729600,17/06/2019,BTC-USD,8993.014353,9440.195791,8896.64311,9186.392252
1560816000,18/06/2019,BTC-USD,9186.392252,9323.666787,8935.155485,9060.001504
1560902400,19/06/2019,BTC-USD,9060.001504,9305.097108,9008.934045,9266.552516
1560988800,20/06/2019,BTC-USD,9266.552516,9577.652942,9170.216888,9496.702343
1561075200,21/06/2019,BTC-USD,9496.702343,10157.04027,9496.702343,10102.65721
1561161600,22/06/2019,BTC-USD,10102.65721,11159.3591,9986.013421,10463.8961
1561248000,23/06/2019,BTC-USD,10463.8961,11260.67596,10365.84647,10704.97717
1561334400,24/06/2019,BTC-USD,10704.97717,11089.13714,10502.14933,10898.89954
1561420800,25/06/2019,BTC-USD,10898.89954,11780.25653,10897.44218,11528.01818
1561507200,26/06/2019,BTC-USD,11528.01818,13901.67652,11519.53685,12830.41129
1561593600,27/06/2019,BTC-USD,12830.41129,13276.45013,10364.4323,11186.61629
1561680000,28/06/2019,BTC-USD,11186.61629,12473.54444,10832.18626,12416.33855
1561766400,29/06/2019,BTC-USD,12416.33855,12435.5521,11450.7625,11913.51091
1561852800,30/06/2019,BTC-USD,11913.51091,12210.32698,10759.0566,10777.53041
1561939200,01/07/2019,BTC-USD,10777.53041,11269.87478,10008.60636,10535.95268
1562025600,02/07/2019,BTC-USD,10535.95268,10936.93746,9720.317808,10836.73915
1562112000,03/07/2019,BTC-USD,10836.73915,11982.70791,10836.73915,11981.90641
1562198400,04/07/2019,BTC-USD,11981.90641,12034.74706,11118.53254,11220.32177
1562284800,05/07/2019,BTC-USD,11220.32177,11412.28648,10832.83435,10996.6485
1562371200,06/07/2019,BTC-USD,10996.6485,11680.25295,10996.6485,11294.24873
1562457600,07/07/2019,BTC-USD,11294.24873,11551.13397,11130.02154,11440.71061
1562544000,08/07/2019,BTC-USD,11440.71061,12387.16372,11298.99846,12177.26233
1562630400,09/07/2019,BTC-USD,12177.26233,12781.8156,12077.88957,12486.23957
1562716800,10/07/2019,BTC-USD,12486.23957,13158.07799,11626.53417,12125.03405
1562803200,11/07/2019,BTC-USD,12125.03405,12125.03405,11061.2359,11379.41187
1562889600,12/07/2019,BTC-USD,11379.41187,11927.7414,11147.91818,11849.0088
1562976000,13/07/2019,BTC-USD,11849.0088,11866.35727,10895.96248,11402.15602
1563062400,14/07/2019,BTC-USD,11402.15602,11528.9339,10171.91211,10219.49594
1563148800,15/07/2019,BTC-USD,10219.49594,11184.84348,9911.078722,10883.17351
1563235200,16/07/2019,BTC-USD,10883.17351,11135.46706,9406.599508,9540.264117
1563321600,17/07/2019,BTC-USD,9540.264117,10006.38801,9117.902805,9696.800023
1563408000,18/07/2019,BTC-USD,9696.800023,10804.1426,9339.033045,10665.03143
1563494400,19/07/2019,BTC-USD,10665.03143,10817.68239,10191.7042,10568.21166
1563580800,20/07/2019,BTC-USD,10568.21166,11680.53278,10433.84272,10759.58879
1563667200,21/07/2019,BTC-USD,10759.58879,10843.08255,10343.66658,10626.52843
1563753600,22/07/2019,BTC-USD,10626.52843,10700.09873,10127.72445,10335.20337
1563840000,23/07/2019,BTC-USD,10335.20337,10361.82025,9842.973069,9842.973069
1563926400,24/07/2019,BTC-USD,9842.973069,10012.42495,9579.958394,9844.373754
1564012800,25/07/2019,BTC-USD,9844.373754,10285.97077,9738.112917,9955.179593
1564099200,26/07/2019,BTC-USD,9955.179593,9988.196409,9673.524894,9934.520057
1564185600,27/07/2019,BTC-USD,9934.520057,10275.34993,9359.513754,9625.531642
1564272000,28/07/2019,BTC-USD,9625.531642,9742.732866,9179.006203,9714.702639
1564358400,29/07/2019,BTC-USD,9714.702639,9831.512727,9435.646999,9640.972223
1564444800,30/07/2019,BTC-USD,9640.972223,9806.910462,9407.033638,9584.623722
1564531200,31/07/2019,BTC-USD,9584.623722,10141.84301,9572.511921,10134.57458
1564617600,01/08/2019,BTC-USD,10134.57458,10502.79636,9913.703619,10382.08322
1564704000,02/08/2019,BTC-USD,10382.08322,10702.36374,10335.32515,10549.75547
1564790400,03/08/2019,BTC-USD,10549.75547,11010.13871,10522.65992,10836.65555
1564876800,04/08/2019,BTC-USD,10836.65555,11025.06715,10570.74311,10944.88736
1564963200,05/08/2019,BTC-USD,10944.88736,11939.92884,10944.88736,11810.16539
1565049600,06/08/2019,BTC-USD,11810.16539,12282.09539,11252.63356,11486.81703
1565136000,07/08/2019,BTC-USD,11486.81703,12103.65935,11394.73451,11993.55345
1565222400,08/08/2019,BTC-USD,11993.55345,12044.81886,11528.24787,11993.99193
1565308800,09/08/2019,BTC-USD,11993.99193,12020.87456,11674.0767,11891.12475
1565395200,10/08/2019,BTC-USD,11891.12475,11963.45251,11246.36418,11307.28471
1565481600,11/08/2019,BTC-USD,11307.28471,11590.45272,11164.41255,11546.00492
1565568000,12/08/2019,BTC-USD,11546.00492,11546.00492,11260.44969,11383.82449
1565654400,13/08/2019,BTC-USD,11383.82449,11442.85685,10789.01719,10901.82913
1565740800,14/08/2019,BTC-USD,10901.82913,10908.05427,9968.731144,10115.09092
1565827200,15/08/2019,BTC-USD,10115.09092,10575.05276,9536.416479,10440.00253
1565913600,16/08/2019,BTC-USD,10440.00253,10659.87293,9809.209856,10482.34141
1566000000,17/08/2019,BTC-USD,10482.34141,10654.24496,10131.0075,10394.03015
1566086400,18/08/2019,BTC-USD,10394.03015,10599.61856,10119.84978,10431.55929
1566172800,19/08/2019,BTC-USD,10431.55929,10973.22323,10332.95113,10947.97035
1566259200,20/08/2019,BTC-USD,10947.97035,10994.95993,10597.92225,10820.88776
1566345600,21/08/2019,BTC-USD,10820.88776,10874.48977,9908.092244,10281.47141
1566432000,22/08/2019,BTC-USD,10281.47141,10401.27864,9834.108437,10265.86093
1566518400,23/08/2019,BTC-USD,10265.86093,10629.14926,10061.07002,10513.77252
1566604800,24/08/2019,BTC-USD,10513.77252,10544.8422,9934.663331,10292.73247
1566691200,25/08/2019,BTC-USD,10292.73247,10450.72957,9974.704086,10291.94495
1566777600,26/08/2019,BTC-USD,10291.94495,10649.59436,10133.546,10435.40773
1566864000,27/08/2019,BTC-USD,10435.40773,10455.08964,10061.61816,10280.45956
1566950400,28/08/2019,BTC-USD,10280.45956,10387.00599,9644.980962,9940.702261
1567036800,29/08/2019,BTC-USD,9940.702261,9940.702261,9366.735952,9697.341688
1567123200,30/08/2019,BTC-USD,9697.341688,9840.03379,9440.353914,9781.789831
1567209600,31/08/2019,BTC-USD,9781.789831,9848.222834,9472.524188,9800.089304
1567296000,01/09/2019,BTC-USD,9800.089304,9967.566862,9542.226653,9739.396099
1567382400,02/09/2019,BTC-USD,9739.396099,10500.11638,9727.712169,10349.21911
1567468800,03/09/2019,BTC-USD,10349.21911,10751.33895,10310.12913,10631.15122
1567555200,04/09/2019,BTC-USD,10631.15122,10871.2687,10336.77883,10647.04408
1567641600,05/09/2019,BTC-USD,10647.04408,10723.77749,10468.05745,10650.43809
1567728000,06/09/2019,BTC-USD,10650.43809,10961.34509,10235.82586,10419.26052
1567814400,07/09/2019,BTC-USD,10419.26052,10675.17047,10330.17814,10582.71767
1567900800,08/09/2019,BTC-USD,10582.71767,10691.62419,10296.35195,10506.91278
1567987200,09/09/2019,BTC-USD,10506.91278,10570.27205,10087.38473,10405.07092
1568073600,10/09/2019,BTC-USD,10405.07092,10478.60979,9989.379956,10242.23439
1568160000,11/09/2019,BTC-USD,10242.23439,10683.6253,9918.80274,10194.8001
1568246400,12/09/2019,BTC-USD,10194.8001,10555.28741,10069.79263,10536.52526
1568332800,13/09/2019,BTC-USD,10536.52526,10571.10154,10267.70628,10385.10226
1568419200,14/09/2019,BTC-USD,10385.10226,10513.93709,10282.51585,10341.60917
1568505600,15/09/2019,BTC-USD,10341.60917,10450.79631,10271.57201,10419.01323
1568592000,16/09/2019,BTC-USD,10419.01323,10459.89614,10098.82425,10304.5882
1568678400,17/09/2019,BTC-USD,10304.5882,10385.33838,10168.38184,10210.69672
1568764800,18/09/2019,BTC-USD,10210.69672,10404.13173,10138.1507,10235.68607
1568851200,19/09/2019,BTC-USD,10235.68607,10407.49556,9693.194258,10284.68104
1568937600,20/09/2019,BTC-USD,10284.68104,10392.79279,10050.75211,10296.94984
1569024000,21/09/2019,BTC-USD,10296.94984,10317.03933,9962.131658,10125.0649
1569110400,22/09/2019,BTC-USD,10125.0649,10241.64745,9862.938285,10085.13306
1569196800,23/09/2019,BTC-USD,10085.13306,10188.33296,9676.923476,9865.874609
1569283200,24/09/2019,BTC-USD,9865.874609,9948.632829,8067.901613,8772.433914
1569369600,25/09/2019,BTC-USD,8772.433914,8950.825588,8265.462922,8593.334565
1569456000,26/09/2019,BTC-USD,8593.334565,8690.455809,7820.119523,8219.824035
1569542400,27/09/2019,BTC-USD,8219.824035,8467.454878,7881.141577,8375.178468
1569628800,28/09/2019,BTC-USD,8375.178468,8487.859342,8042.731427,8395.212964
1569715200,29/09/2019,BTC-USD,8395.212964,8423.654329,7945.670316,8181.093115
1569801600,30/09/2019,BTC-USD,8181.093115,8520.120047,7737.337771,8313.719792
1569888000,01/10/2019,BTC-USD,8313.719792,8680.415477,8207.101268,8399.891345
1569974400,02/10/2019,BTC-USD,8399.891345,8590.686546,8199.781715,8579.791857
1570060800,03/10/2019,BTC-USD,8579.791857,8602.890858,8094.621235,8421.936439
1570147200,04/10/2019,BTC-USD,8421.936439,8421.936439,8068.437535,8328.358835
1570233600,05/10/2019,BTC-USD,8328.358835,8376.499386,8030.927895,8340.828205
1570320000,06/10/2019,BTC-USD,8340.828205,8683.237086,7854.81546,8095.533353
1570406400,07/10/2019,BTC-USD,8095.533353,8467.94621,7802.352772,8334.296358
1570492800,08/10/2019,BTC-USD,8334.296358,8482.022335,8129.761237,8288.866171
1570579200,09/10/2019,BTC-USD,8288.866171,8697.268735,8122.212838,8599.857424
1570665600,10/10/2019,BTC-USD,8599.857424,8672.083458,8467.927712,8650.273242
1570752000,11/10/2019,BTC-USD,8650.273242,8803.632959,8271.457213,8276.357138
1570838400,12/10/2019,BTC-USD,8276.357138,8554.722735,8276.357138,8347.462624
1570924800,13/10/2019,BTC-USD,8347.462624,8625.398822,8227.47792,8297.349724
1571011200,14/10/2019,BTC-USD,8297.349724,8530.497098,8228.324718,8377.123917
1571097600,15/10/2019,BTC-USD,8377.123917,8536.402603,8134.201257,8356.774778
1571184000,16/10/2019,BTC-USD,8356.774778,8361.55848,7942.432492,8007.768953
1571270400,17/10/2019,BTC-USD,8007.768953,8279.721062,7952.845095,8176.30448
1571356800,18/10/2019,BTC-USD,8176.30448,8300.682891,7855.521295,7980.233327
1571443200,19/10/2019,BTC-USD,7980.233327,8241.994216,7899.38675,8122.391785
1571529600,20/10/2019,BTC-USD,8122.391785,8424.666619,7900.205112,8232.435226
1571616000,21/10/2019,BTC-USD,8232.435226,8497.042609,8165.268343,8225.773679
1571702400,22/10/2019,BTC-USD,8225.773679,8454.916765,8019.433087,8055.683308
1571788800,23/10/2019,BTC-USD,8055.683308,8234.176972,7370.214145,7564.286429
1571875200,24/10/2019,BTC-USD,7564.286429,7747.15501,7376.306374,7454.826925
1571961600,25/10/2019,BTC-USD,7454.826925,8827.014742,7424.194548,8820.184625
1572048000,26/10/2019,BTC-USD,8820.184625,10316.84042,8657.967019,9246.956112
1572134400,27/10/2019,BTC-USD,9246.956112,9781.776957,9093.1041,9543.713811
1572220800,28/10/2019,BTC-USD,9543.713811,9855.911366,9209.94844,9238.818996
1572307200,29/10/2019,BTC-USD,9238.818996,9523.061989,9146.018209,9423.815491
1572393600,30/10/2019,BTC-USD,9423.815491,9432.315444,9024.38296,9196.110337
1572480000,31/10/2019,BTC-USD,9196.110337,9409.050132,8974.232055,9220.16964
1572566400,01/11/2019,BTC-USD,9220.16964,9348.662977,9071.049423,9315.300075
1572652800,02/11/2019,BTC-USD,9315.300075,9425.422831,9195.447655,9360.413909
1572739200,03/11/2019,BTC-USD,9360.413909,9429.237377,9103.269592,9327.008128
1572825600,04/11/2019,BTC-USD,9327.008128,9532.239457,9127.351411,9435.212446
1572912000,05/11/2019,BTC-USD,9435.212446,9488.383446,9200.229242,9310.790759
1572998400,06/11/2019,BTC-USD,9310.790759,9461.052405,9248.155046,9318.962257
1573084800,07/11/2019,BTC-USD,9318.962257,9571.979803,9132.863273,9308.776927
1573171200,08/11/2019,BTC-USD,9308.776927,9338.910626,8719.61088,8906.686754
1573257600,09/11/2019,BTC-USD,8906.686754,9041.331271,8725.658771,8861.476673
1573344000,10/11/2019,BTC-USD,8861.476673,9239.572036,8763.160983,9192.160822
1573430400,11/11/2019,BTC-USD,9192.160822,9212.719739,8640.998219,8802.805436
1573516800,12/11/2019,BTC-USD,8802.805436,9012.652589,8631.269527,8980.777353
1573603200,13/11/2019,BTC-USD,8980.777353,9011.418803,8711.391715,8781.663042
1573689600,14/11/2019,BTC-USD,8781.663042,8983.02079,8612.193075,8758.302097
1573776000,15/11/2019,BTC-USD,8758.302097,8935.967515,8411.489738,8694.247627
1573862400,16/11/2019,BTC-USD,8694.247627,8763.299389,8445.318038,8724.866243
1573948800,17/11/2019,BTC-USD,8724.866243,8812.896911,8406.643183,8736.230502
1574035200,18/11/2019,BTC-USD,8736.230502,8739.85153,8121.736823,8183.522501
1574121600,19/11/2019,BTC-USD,8183.522501,8464.736582,8014.324392,8116.933784
1574208000,20/11/2019,BTC-USD,8116.933784,8406.948019,8061.506365,8320.626921
1574294400,21/11/2019,BTC-USD,8320.626921,8361.083061,7506.426419,7848.085252
1574380800,22/11/2019,BTC-USD,7848.085252,7960.274137,6844.72884,7448.212072
1574467200,23/11/2019,BTC-USD,7448.212072,7724.650266,7117.658125,7321.424425
1574553600,24/11/2019,BTC-USD,7321.424425,7734.794713,6886.420676,7057.93999
1574640000,25/11/2019,BTC-USD,7057.93999,7576.721364,6542.53638,7186.683478
1574726400,26/11/2019,BTC-USD,7186.683478,7593.121404,7049.093388,7165.705282
1574812800,27/11/2019,BTC-USD,7165.705282,7831.968675,6863.076347,7733.725448
1574899200,28/11/2019,BTC-USD,7733.725448,7889.624407,7387.829288,7666.295111
1574985600,29/11/2019,BTC-USD,7666.295111,8098.379667,7437.534257,7779.627985
1575072000,30/11/2019,BTC-USD,7779.627985,8025.403846,7480.100578,7787.011488
1575158400,01/12/2019,BTC-USD,7787.011488,7787.011488,7270.923073,7574.126344
1575244800,02/12/2019,BTC-USD,7574.126344,7674.614623,7198.759839,7305.574925
1575331200,03/12/2019,BTC-USD,7305.574925,7641.136446,7269.644314,7545.410832
1575417600,04/12/2019,BTC-USD,7545.410832,7741.577437,7108.636641,7193.980713
1575504000,05/12/2019,BTC-USD,7193.980713,7668.266285,7179.406758,7608.629427
1575590400,06/12/2019,BTC-USD,7608.629427,7744.018957,7337.195923,7735.396322
1575676800,07/12/2019,BTC-USD,7735.396322,7793.991818,7488.975142,7502.35129
1575763200,08/12/2019,BTC-USD,7502.35129,7766.907115,7396.36251,7733.876217
1575849600,09/12/2019,BTC-USD,7733.876217,7779.209429,7317.655123,7344.561202
1575936000,10/12/2019,BTC-USD,7344.561202,7603.72615,7189.239293,7440.812418
1576022400,11/12/2019,BTC-USD,7440.812418,7512.812436,7148.999121,7424.422903
1576108800,12/12/2019,BTC-USD,7424.422903,7510.734807,7115.44821,7427.698583
1576195200,13/12/2019,BTC-USD,7427.698583,7542.4206,7193.953755,7483.458054
1576281600,14/12/2019,BTC-USD,7483.458054,7509.069953,7013.024272,7136.727698
1576368000,15/12/2019,BTC-USD,7136.727698,7464.414599,7037.619754,7376.475089
1576454400,16/12/2019,BTC-USD,7376.475089,7419.638977,6864.471523,7129.418668
1576540800,17/12/2019,BTC-USD,7129.418668,7247.995221,6579.961387,6854.123936
1576627200,18/12/2019,BTC-USD,6854.123936,7579.414217,6455.203527,7280.767193
1576713600,19/12/2019,BTC-USD,7280.767193,7637.657146,7047.025285,7452.189052
1576800000,20/12/2019,BTC-USD,7452.189052,7496.318512,7081.999269,7408.178571
1576886400,21/12/2019,BTC-USD,7408.178571,7473.908638,7117.607518,7430.24414
1576972800,22/12/2019,BTC-USD,7430.24414,7757.320524,7131.128956,7510.99925
1577059200,23/12/2019,BTC-USD,7510.99925,7900.480843,7270.889546,7318.881469
1577145600,24/12/2019,BTC-USD,7318.881469,7665.132215,7212.121281,7539.527778
1577232000,25/12/2019,BTC-USD,7539.527778,7568.893253,7132.144764,7196.857136
1577318400,26/12/2019,BTC-USD,7196.857136,7693.809074,7156.406265,7195.358244
1577404800,27/12/2019,BTC-USD,7195.358244,7571.141366,7081.760252,7244.891047
1577491200,28/12/2019,BTC-USD,7244.891047,7643.324731,7234.942503,7296.685316
1577577600,29/12/2019,BTC-USD,7296.685316,7735.741443,7273.006339,7634.772636
1577664000,30/12/2019,BTC-USD,7634.772636,7668.642316,7209.712621,7455.469082
1577750400,31/12/2019,BTC-USD,7455.469082,7549.505168,7124.137617,7441.092621
1577836800,01/01/2020,BTC-USD,7441.092621,7505.115821,7158.886665,7440.91711
1577923200,02/01/2020,BTC-USD,7440.91711,7479.289911,6935.267627,7241.521725
1578009600,03/01/2020,BTC-USD,7241.521725,7657.319312,6865.877437,7509.881663
1578096000,04/01/2020,BTC-USD,7509.881663,7651.442361,7284.928771,7413.573492
1578182400,05/01/2020,BTC-USD,7413.573492,7717.862901,7322.735561,7585.669244
1578268800,06/01/2020,BTC-USD,7585.669244,7964.43822,7341.536611,7953.729027
1578355200,07/01/2020,BTC-USD,7953.729027,8351.606949,7754.767813,8297.711359
1578441600,08/01/2020,BTC-USD,8297.711359,8552.1846,7890.544366,8178.626821
1578528000,09/01/2020,BTC-USD,8178.626821,8227.721768,7779.608322,8080.637063
1578614400,10/01/2020,BTC-USD,8080.637063,8423.925942,7689.995949,8423.925942
1578700800,11/01/2020,BTC-USD,8423.925942,8481.585945,7997.708075,8024.253859
1578787200,12/01/2020,BTC-USD,8024.253859,8309.411216,7964.731266,8247.040629
1578873600,13/01/2020,BTC-USD,8247.040629,8416.502679,8055.524476,8343.473488
1578960000,14/01/2020,BTC-USD,8343.473488,9023.278396,8116.83199,8859.465168
1579046400,15/01/2020,BTC-USD,8859.465168,9038.820407,8557.576725,8973.553653
1579132800,16/01/2020,BTC-USD,8973.553653,9008.024168,8593.627716,8759.518331
1579219200,17/01/2020,BTC-USD,8759.518331,9143.536177,8666.310489,9044.164364
1579305600,18/01/2020,BTC-USD,9044.164364,9123.188894,8807.476638,8931.751907
1579392000,19/01/2020,BTC-USD,8931.751907,9329.850302,8569.510273,8729.457107
1579478400,20/01/2020,BTC-USD,8729.457107,8949.486595,8534.388389,8827.255964
1579564800,21/01/2020,BTC-USD,8827.255964,8948.119234,8518.842917,8924.986715
1579651200,22/01/2020,BTC-USD,8924.986715,8963.437702,8599.182727,8660.327817
1579737600,23/01/2020,BTC-USD,8660.327817,8864.537482,8295.570061,8550.871964
1579824000,24/01/2020,BTC-USD,8550.871964,8726.32852,8231.017427,8587.88922
1579910400,25/01/2020,BTC-USD,8587.88922,8650.494367,8267.848363,8412.778558
1579996800,26/01/2020,BTC-USD,8412.778558,8810.047168,8300.980807,8809.642184
1580083200,27/01/2020,BTC-USD,8809.642184,9089.344875,8569.88131,9038.544697
1580169600,28/01/2020,BTC-USD,9038.544697,9406.764659,8890.758986,9375.977895
1580256000,29/01/2020,BTC-USD,9375.977895,9458.248168,9241.420727,9299.961627
1580342400,30/01/2020,BTC-USD,9299.961627,9725.175974,9191.491061,9493.08554
1580428800,31/01/2020,BTC-USD,9493.08554,9541.008482,9210.369533,9335.051943
1580515200,01/02/2020,BTC-USD,9335.051943,9450.717708,9289.306175,9403.600606
1580601600,02/02/2020,BTC-USD,9403.600606,9520.472445,9190.086584,9323.723226
1580688000,03/02/2020,BTC-USD,9323.723226,9562.658182,9231.609381,9286.36024
1580774400,04/02/2020,BTC-USD,9286.36024,9395.738359,9090.176233,9176.000324
1580860800,05/02/2020,BTC-USD,9176.000324,9720.076179,9160.499638,9612.731293
1580947200,06/02/2020,BTC-USD,9612.731293,9839.915933,9527.448426,9752.83181
1581033600,07/02/2020,BTC-USD,9752.83181,9854.48611,9719.4276,9808.256376
1581120000,08/02/2020,BTC-USD,9808.256376,9927.228917,9658.420828,9893.412667
1581206400,09/02/2020,BTC-USD,9893.412667,10159.84684,9882.069461,10159.84684
1581292800,10/02/2020,BTC-USD,10159.84684,10184.73818,9761.88743,9846.745784
1581379200,11/02/2020,BTC-USD,9846.745784,10318.77938,9716.955627,10237.3082
1581465600,12/02/2020,BTC-USD,10237.3082,10456.39075,10226.95046,10339.46858
1581552000,13/02/2020,BTC-USD,10339.46858,10488.8159,10094.01271,10225.39542
1581638400,14/02/2020,BTC-USD,10225.39542,10378.54365,10099.79999,10347.94121
1581724800,15/02/2020,BTC-USD,10347.94121,10378.85953,9825.821337,9899.929052
1581811200,16/02/2020,BTC-USD,9899.929052,10043.76307,9663.141189,9938.874778
1581897600,17/02/2020,BTC-USD,9938.874778,9949.166159,9470.116724,9705.57264
1581984000,18/02/2020,BTC-USD,9705.57264,10236.53495,9606.500848,10176.91129
1582070400,19/02/2020,BTC-USD,10176.91129,10251.20177,9439.720356,9603.591799
1582156800,20/02/2020,BTC-USD,9603.591799,9823.157271,9452.918984,9753.182067
1582243200,21/02/2020,BTC-USD,9753.182067,9925.239962,9580.561002,9725.824021
1582329600,22/02/2020,BTC-USD,9725.824021,9910.775657,9576.016056,9864.958457
1582416000,23/02/2020,BTC-USD,9864.958457,10094.8521,9667.344466,9976.317293
1582502400,24/02/2020,BTC-USD,9976.317293,10075.83151,9506.821671,9794.024006
1582588800,25/02/2020,BTC-USD,9794.024006,9797.239276,9295.627405,9370.607821
1582675200,26/02/2020,BTC-USD,9370.607821,9545.553009,8661.406953,8805.106015
1582761600,27/02/2020,BTC-USD,8805.106015,9225.278796,8545.688723,8834.232081
1582848000,28/02/2020,BTC-USD,8834.232081,9191.958655,8473.425269,8704.427281
1582934400,29/02/2020,BTC-USD,8704.427281,9028.305676,8523.040385,8523.040385
1583020800,01/03/2020,BTC-USD,8523.040385,8970.208947,8441.219165,8654.737403
1583107200,02/03/2020,BTC-USD,8654.737403,9163.889012,8496.110355,8925.195257
1583193600,03/03/2020,BTC-USD,8925.195257,9125.913299,8671.30603,8762.032295
1583280000,04/03/2020,BTC-USD,8762.032295,9061.186396,8683.813593,8825.740309
1583366400,05/03/2020,BTC-USD,8825.740309,9344.834553,8785.067474,9289.648625
1583452800,06/03/2020,BTC-USD,9289.648625,9394.358986,9012.224128,9201.632366
1583539200,07/03/2020,BTC-USD,9201.632366,9370.372466,8868.899503,9117.727603
1583625600,08/03/2020,BTC-USD,9117.727603,9117.727603,8040.852219,8109.133341
1583712000,09/03/2020,BTC-USD,8109.133341,8465.215504,7649.613811,7934.770877
1583798400,10/03/2020,BTC-USD,7934.770877,8451.428031,7747.889023,8154.086258
1583884800,11/03/2020,BTC-USD,8154.086258,8256.431291,7607.996389,8210.615351
1583971200,12/03/2020,BTC-USD,8210.615351,8232.048707,4618.277011,4837.321276
1584057600,13/03/2020,BTC-USD,4837.321276,6077.620075,3940.206614,5631.97293
1584144000,14/03/2020,BTC-USD,5631.97293,5883.845417,5080.093977,5193.495937
1584230400,15/03/2020,BTC-USD,5193.495937,6079.719814,5144.241685,5382.388783
1584316800,16/03/2020,BTC-USD,5382.388783,5752.377959,4503.925081,5108.45859
1584403200,17/03/2020,BTC-USD,5108.45859,5807.424656,4967.823496,5497.039453
1584489600,18/03/2020,BTC-USD,5497.039453,5727.025563,5036.803101,5474.326226
1584576000,19/03/2020,BTC-USD,5474.326226,6514.256349,5267.095638,6386.206246
1584662400,20/03/2020,BTC-USD,6386.206246,7101.113541,5813.986527,6218.975072
1584748800,21/03/2020,BTC-USD,6218.975072,6608.932663,5916.579376,6373.71211
1584835200,22/03/2020,BTC-USD,6373.71211,6582.15956,5784.363508,5902.943029
1584921600,23/03/2020,BTC-USD,5902.943029,6722.975069,5758.758086,6510.283012
1585008000,24/03/2020,BTC-USD,6510.283012,7041.381828,6423.261287,6764.902357
1585094400,25/03/2020,BTC-USD,6764.902357,7121.629069,6520.741356,6732.135258
1585180800,26/03/2020,BTC-USD,6732.135258,6996.745033,6583.884989,6799.246587
1585267200,27/03/2020,BTC-USD,6799.246587,7044.603925,6352.324779,6608.301907
1585353600,28/03/2020,BTC-USD,6608.301907,6608.301907,6068.769846,6255.711101
1585440000,29/03/2020,BTC-USD,6255.711101,6478.217404,5891.24744,5902.66038
1585526400,30/03/2020,BTC-USD,5902.66038,6771.114883,5891.377573,6604.690282
1585612800,31/03/2020,BTC-USD,6604.690282,6746.24292,6365.221402,6421.358773
1585699200,01/04/2020,BTC-USD,6421.358773,6738.212758,6180.239663,6633.662812
1585785600,02/04/2020,BTC-USD,6633.662812,7161.000062,6577.60137,6945.267802
1585872000,03/04/2020,BTC-USD,6945.267802,7134.614006,6633.345725,6813.686127
1585958400,04/04/2020,BTC-USD,6813.686127,7002.580613,6682.370128,6962.805452
1586044800,05/04/2020,BTC-USD,6962.805452,6980.305536,6707.925839,6899.45809
1586131200,06/04/2020,BTC-USD,6899.45809,7373.721769,6804.050651,7324.714387
1586217600,07/04/2020,BTC-USD,7324.714387,7502.798872,7076.120377,7182.069461
1586304000,08/04/2020,BTC-USD,7182.069461,7478.393861,7158.775396,7419.50679
1586390400,09/04/2020,BTC-USD,7419.50679,7455.602367,7155.665019,7288.370887
1586476800,10/04/2020,BTC-USD,7288.370887,7388.256008,6773.951018,6884.317141
1586563200,11/04/2020,BTC-USD,6884.317141,7074.065942,6746.821234,6876.543544
1586649600,12/04/2020,BTC-USD,6876.543544,7354.979355,6819.197973,6934.917898
1586736000,13/04/2020,BTC-USD,6934.917898,7080.525865,6647.139314,6858.635838
1586822400,14/04/2020,BTC-USD,6858.635838,7180.613024,6785.832605,7092.609846
1586908800,15/04/2020,BTC-USD,7092.609846,7138.462498,6636.753971,6854.771804
1586995200,16/04/2020,BTC-USD,6854.771804,7258.682018,6517.699017,7101.258978
1587081600,17/04/2020,BTC-USD,7101.258978,7243.124671,7007.76843,7044.997504
1587168000,18/04/2020,BTC-USD,7044.997504,7319.233857,7044.997504,7278.674358
1587254400,19/04/2020,BTC-USD,7278.674358,7290.274212,7037.747344,7196.737887
1587340800,20/04/2020,BTC-USD,7196.737887,7272.518613,6791.0521,6956.980704
1587427200,21/04/2020,BTC-USD,6956.980704,7038.291086,6774.986654,6900.317589
1587513600,22/04/2020,BTC-USD,6900.317589,7222.737828,6803.573862,7207.930508
1587600000,23/04/2020,BTC-USD,7207.930508,7640.305178,7007.0763,7496.423002
1587686400,24/04/2020,BTC-USD,7496.423002,7601.657937,7395.103856,7520.885873
1587772800,25/04/2020,BTC-USD,7520.885873,7675.124432,7393.793538,7562.905541
1587859200,26/04/2020,BTC-USD,7562.905541,7690.521234,7438.094668,7677.204845
1587945600,27/04/2020,BTC-USD,7677.204845,7814.636184,7584.649694,7698.025455
1588032000,28/04/2020,BTC-USD,7698.025455,7805.154197,7570.249506,7777.066006
1588118400,29/04/2020,BTC-USD,7777.066006,8893.69328,7704.804355,8796.557158
1588204800,30/04/2020,BTC-USD,8796.557158,9435.424727,8443.007375,8646.093466
1588291200,01/05/2020,BTC-USD,8646.093466,9039.136871,8625.620943,8849.408178
1588377600,02/05/2020,BTC-USD,8849.408178,9009.537235,8758.810873,8982.090576
1588464000,03/05/2020,BTC-USD,8982.090576,9151.55606,8736.988854,8934.844633
1588550400,04/05/2020,BTC-USD,8934.844633,8976.673704,8561.40773,8908.786299
1588636800,05/05/2020,BTC-USD,8908.786299,9068.549309,8776.608784,9017.980162
1588723200,06/05/2020,BTC-USD,9017.980162,9446.060364,8913.356466,9161.258841
1588809600,07/05/2020,BTC-USD,9161.258841,10009.94692,9073.690381,9971.231319
1588896000,08/05/2020,BTC-USD,9971.231319,10002.86736,9703.861536,9801.653908
1588982400,09/05/2020,BTC-USD,9801.653908,9912.570843,9542.421009,9548.628212
1589068800,10/05/2020,BTC-USD,9548.628212,9548.628212,8223.677762,8740.417933
1589155200,11/05/2020,BTC-USD,8740.417933,9130.719802,8249.65254,8641.002206
1589241600,12/05/2020,BTC-USD,8641.002206,8989.319673,8565.622804,8875.799173
1589328000,13/05/2020,BTC-USD,8875.799173,9382.663864,8810.046001,9297.385962
1589414400,14/05/2020,BTC-USD,9297.385962,9870.913978,9246.179041,9758.495013
1589500800,15/05/2020,BTC-USD,9758.495013,9809.78983,9215.932542,9314.745022
1589587200,16/05/2020,BTC-USD,9314.745022,9567.588989,9221.89444,9387.041465
1589673600,17/05/2020,BTC-USD,9387.041465,9861.899514,9328.795971,9671.064698
1589760000,18/05/2020,BTC-USD,9671.064698,9926.218357,9520.440672,9706.904753
1589846400,19/05/2020,BTC-USD,9706.904753,9865.664409,9487.01203,9772.151115
1589932800,20/05/2020,BTC-USD,9772.151115,9823.816394,9363.715952,9513.986973
1590019200,21/05/2020,BTC-USD,9513.986973,9563.160227,8828.864818,9065.880292
1590105600,22/05/2020,BTC-USD,9065.880292,9260.062832,8938.61023,9174.221147
1590192000,23/05/2020,BTC-USD,9174.221147,9316.735884,9091.835974,9178.121707
1590278400,24/05/2020,BTC-USD,9178.121707,9332.77032,8732.6571,8733.043528
1590364800,25/05/2020,BTC-USD,8733.043528,9028.585866,8665.427082,8976.299645
1590451200,26/05/2020,BTC-USD,8976.299645,9087.549429,8723.223961,8836.162717
1590537600,27/05/2020,BTC-USD,8836.162717,9240.195064,8826.300039,9239.294812
1590624000,28/05/2020,BTC-USD,9239.294812,9607.645389,9120.693911,9567.998183
1590710400,29/05/2020,BTC-USD,9567.998183,9588.685139,9341.330888,9423.869305
1590796800,30/05/2020,BTC-USD,9423.869305,9720.489012,9339.164359,9696.464411
1590883200,31/05/2020,BTC-USD,9696.464411,9696.464411,9402.785183,9450.951513
1590969600,01/06/2020,BTC-USD,9450.951513,10327.20208,9413.51956,10189.97902
1591056000,02/06/2020,BTC-USD,10189.97902,10195.19061,9331.710208,9532.849382
1591142400,03/06/2020,BTC-USD,9532.849382,9669.593798,9416.556526,9663.70697
1591228800,04/06/2020,BTC-USD,9663.70697,9870.760816,9473.064992,9795.622691
1591315200,05/06/2020,BTC-USD,9795.622691,9838.645225,9619.984336,9626.477955
1591401600,06/06/2020,BTC-USD,9626.477955,9737.355595,9546.408342,9677.231422
1591488000,07/06/2020,BTC-USD,9677.231422,9795.235624,9416.791322,9751.280641
1591574400,08/06/2020,BTC-USD,9751.280641,9794.814577,9659.209682,9780.996197
1591660800,09/06/2020,BTC-USD,9780.996197,9868.779298,9627.834646,9777.322822
1591747200,10/06/2020,BTC-USD,9777.322822,9974.788091,9716.584677,9883.857764
1591833600,11/06/2020,BTC-USD,9883.857764,9955.999156,9159.672112,9272.367643
1591920000,12/06/2020,BTC-USD,9272.367643,9558.808037,9240.076109,9465.316434
1592006400,13/06/2020,BTC-USD,9465.316434,9510.728182,9374.087562,9474.177852
1592092800,14/06/2020,BTC-USD,9474.177852,9505.584483,9261.683608,9335.648071
1592179200,15/06/2020,BTC-USD,9335.648071,9572.934643,8924.128398,9500.63565
1592265600,16/06/2020,BTC-USD,9500.63565,9635.570094,9379.701699,9530.477081
1592352000,17/06/2020,BTC-USD,9530.477081,9570.625756,9258.3044,9457.673671
1592438400,18/06/2020,BTC-USD,9457.673671,9487.40007,9277.706906,9379.761798
1592524800,19/06/2020,BTC-USD,9379.761798,9441.595951,9237.17188,9300.307261
1592611200,20/06/2020,BTC-USD,9300.307261,9435.753913,9193.54639,9350.036818
1592697600,21/06/2020,BTC-USD,9350.036818,9500.512576,9281.44035,9286.005929
1592784000,22/06/2020,BTC-USD,9286.005929,9751.276872,9271.732636,9691.18891
1592870400,23/06/2020,BTC-USD,9691.18891,9736.238219,9584.267409,9623.627386
1592956800,24/06/2020,BTC-USD,9623.627386,9671.279097,9209.447134,9290.900012
1593043200,25/06/2020,BTC-USD,9290.900012,9374.953214,9037.345624,9261.126612
1593129600,26/06/2020,BTC-USD,9261.126612,9348.588445,9046.434485,9158.202198
1593216000,27/06/2020,BTC-USD,9158.202198,9279.93276,8863.642994,9014.3795
1593302400,28/06/2020,BTC-USD,9014.3795,9310.530603,8952.039869,9122.155835
1593388800,29/06/2020,BTC-USD,9122.155835,9297.488402,9025.065075,9187.707726
1593475200,30/06/2020,BTC-USD,9187.707726,9257.556865,9072.580427,9151.480596
1593561600,01/07/2020,BTC-USD,9151.480596,9335.038895,9102.438844,9238.687963
1593648000,02/07/2020,BTC-USD,9238.687963,9365.835298,8960.734509,9090.716849
1593734400,03/07/2020,BTC-USD,9090.716849,9193.536546,9054.700335,9077.569344
1593820800,04/07/2020,BTC-USD,9077.569344,9231.035151,9054.613509,9199.483748
1593907200,05/07/2020,BTC-USD,9199.483748,9205.636898,8942.091256,9084.224995
1593993600,06/07/2020,BTC-USD,9084.224995,9376.191231,9070.101195,9342.210694
1594080000,07/07/2020,BTC-USD,9342.210694,9371.036345,9210.909014,9258.702677
1594166400,08/07/2020,BTC-USD,9258.702677,9468.344973,9240.432089,9434.093239
1594252800,09/07/2020,BTC-USD,9434.093239,9439.072206,9179.978794,9237.951814
1594339200,10/07/2020,BTC-USD,9237.951814,9314.255147,9133.144695,9292.765557
1594425600,11/07/2020,BTC-USD,9292.765557,9310.986744,9186.490804,9237.055587
1594512000,12/07/2020,BTC-USD,9237.055587,9334.766412,9170.165876,9301.436481
1594598400,13/07/2020,BTC-USD,9301.436481,9349.208721,9203.060881,9238.917038
1594684800,14/07/2020,BTC-USD,9238.917038,9286.292115,9127.893627,9249.507657
1594771200,15/07/2020,BTC-USD,9249.507657,9310.959373,9165.936212,9196.225181
1594857600,16/07/2020,BTC-USD,9196.225181,9221.113619,9040.623318,9133.221024
1594944000,17/07/2020,BTC-USD,9133.221024,9202.497626,9090.049457,9190.164022
1595030400,18/07/2020,BTC-USD,9190.164022,9223.080164,9128.255603,9199.704586
1595116800,19/07/2020,BTC-USD,9199.704586,9236.221095,9108.698055,9208.640129
1595203200,20/07/2020,BTC-USD,9208.640129,9289.381289,9141.377728,9191.367889
1595289600,21/07/2020,BTC-USD,9191.367889,9438.261028,9167.469634,9393.469275
1595376000,22/07/2020,BTC-USD,9393.469275,9542.072094,9299.548521,9531.85161
1595462400,23/07/2020,BTC-USD,9531.85161,9656.75101,9467.32657,9608.220073
1595548800,24/07/2020,BTC-USD,9608.220073,9650.196961,9484.539516,9549.51963
1595635200,25/07/2020,BTC-USD,9549.51963,9740.886653,9542.590228,9706.501546
1595721600,26/07/2020,BTC-USD,9706.501546,10111.81794,9648.590765,9942.714013
1595808000,27/07/2020,BTC-USD,9942.714013,11378.19018,9938.035081,11036.73931
1595894400,28/07/2020,BTC-USD,11036.73931,11241.10421,10603.64172,10919.85566
1595980800,29/07/2020,BTC-USD,10919.85566,11335.98597,10856.9371,11113.97704
1596067200,30/07/2020,BTC-USD,11113.97704,11180.88937,10873.21688,11114.46101
1596153600,31/07/2020,BTC-USD,11114.46101,11447.5395,10964.15336,11351.54302
1596240000,01/08/2020,BTC-USD,11351.54302,11868.25693,11245.28654,11814.94569
1596326400,02/08/2020,BTC-USD,11814.94569,12099.98388,10735.79419,11067.95977
1596412800,03/08/2020,BTC-USD,11067.95977,11477.097,10971.18191,11231.25384
1596499200,04/08/2020,BTC-USD,11231.25384,11420.92954,11060.32022,11195.86082
1596585600,05/08/2020,BTC-USD,11195.86082,11790.09785,11123.16872,11758.05337
1596672000,06/08/2020,BTC-USD,11758.05337,11910.87583,11586.69016,11771.18819
1596758400,07/08/2020,BTC-USD,11771.18819,11899.98867,11356.24529,11614.72186
1596844800,08/08/2020,BTC-USD,11614.72186,11823.28535,11542.74149,11777.10261
1596931200,09/08/2020,BTC-USD,11777.10261,11812.99234,11538.96882,11694.46121
1597017600,10/08/2020,BTC-USD,11694.46121,12065.89926,11562.09931,11897.75011
1597104000,11/08/2020,BTC-USD,11897.75011,11936.80891,11154.43387,11396.74389
1597190400,12/08/2020,BTC-USD,11396.74389,11626.658,11201.05467,11579.231
1597276800,13/08/2020,BTC-USD,11579.231,11792.47092,11295.78405,11780.90293
1597363200,14/08/2020,BTC-USD,11780.90293,11852.56578,11662.35139,11776.64949
1597449600,15/08/2020,BTC-USD,11776.64949,11977.90541,11734.09746,11859.36328
1597536000,16/08/2020,BTC-USD,11859.36328,11931.74129,11709.37309,11915.55127
1597622400,17/08/2020,BTC-USD,11915.55127,12446.375,11793.38336,12289.41625
1597708800,18/08/2020,BTC-USD,12289.41625,12411.2381,11872.45817,11978.09463
1597795200,19/08/2020,BTC-USD,11978.09463,12011.89129,11612.69474,11753.6074
1597881600,20/08/2020,BTC-USD,11753.6074,11921.06319,11687.03178,11872.44596
1597968000,21/08/2020,BTC-USD,11872.44596,11895.5416,11501.08293,11529.13264
1598054400,22/08/2020,BTC-USD,11529.13264,11765.60291,11380.91171,11678.14635
1598140800,23/08/2020,BTC-USD,11678.14635,11732.82664,11528.76713,11652.69657
1598227200,24/08/2020,BTC-USD,11652.69657,11833.35592,11600.54681,11771.98875
1598313600,25/08/2020,BTC-USD,11771.98875,11790.15034,11144.14435,11334.25213
1598400000,26/08/2020,BTC-USD,11334.25213,11539.95076,11267.96506,11462.8624
1598486400,27/08/2020,BTC-USD,11462.8624,11569.51978,11139.1101,11321.49278
1598572800,28/08/2020,BTC-USD,11321.49278,11583.91507,11302.54656,11533.10501
1598659200,29/08/2020,BTC-USD,11533.10501,11657.35296,11436.44444,11474.83634
1598745600,30/08/2020,BTC-USD,11474.83634,11741.25898,11468.28351,11712.49009
1598832000,31/08/2020,BTC-USD,11712.49009,11809.16555,11574.79124,11680.03343
1598918400,01/09/2020,BTC-USD,11680.03343,12050.40962,11560.11438,11922.64692
1599004800,02/09/2020,BTC-USD,11922.64692,11964.9999,11222.2096,11403.7637
1599091200,03/09/2020,BTC-USD,11403.7637,11456.00635,10057.17014,10173.14013
1599177600,04/09/2020,BTC-USD,10173.14013,10626.83587,10005.02899,10484.64592
1599264000,05/09/2020,BTC-USD,10484.64592,10574.69328,9906.747043,10173.43836
1599350400,06/09/2020,BTC-USD,10173.43836,10350.12799,10014.27325,10259.02525
1599436800,07/09/2020,BTC-USD,10259.02525,10401.73143,9900.18703,10374.85154
1599523200,08/09/2020,BTC-USD,10374.85154,10431.95587,9875.782429,10126.78407
1599609600,09/09/2020,BTC-USD,10126.78407,10343.36509,9991.956519,10225.08758
1599696000,10/09/2020,BTC-USD,10225.08758,10475.20585,10225.08758,10341.94308
1599782400,11/09/2020,BTC-USD,10341.94308,10397.69251,10217.03769,10390.89001
1599868800,12/09/2020,BTC-USD,10390.89001,10473.69337,10277.2776,10444.82901
1599955200,13/09/2020,BTC-USD,10444.82901,10573.13812,10227.6218,10331.44651
1600041600,14/09/2020,BTC-USD,10331.44651,10744.68651,10269.38246,10671.59891
1600128000,15/09/2020,BTC-USD,10671.59891,10932.14688,10634.0558,10790.53055
1600214400,16/09/2020,BTC-USD,10790.53055,11090.94406,10674.15364,10954.63832
1600300800,17/09/2020,BTC-USD,10954.63832,11046.17674,10763.38092,10942.49702
1600387200,18/09/2020,BTC-USD,10942.49702,11029.98743,10821.06645,10937.61408
1600473600,19/09/2020,BTC-USD,10937.61408,11162.79046,10898.10984,11083.74604
1600560000,20/09/2020,BTC-USD,11083.74604,11083.74604,10777.88949,10922.77888
1600646400,21/09/2020,BTC-USD,10922.77888,10983.26656,10337.57093,10421.82149
1600732800,22/09/2020,BTC-USD,10421.82149,10569.93641,10363.68478,10535.00455
1600819200,23/09/2020,BTC-USD,10535.00455,10535.00455,10150.79199,10231.63075
1600905600,24/09/2020,BTC-USD,10231.63075,10779.73741,10206.7984,10736.46531
1600992000,25/09/2020,BTC-USD,10736.46531,10763.75817,10561.82807,10692.6356
1601078400,26/09/2020,BTC-USD,10692.6356,10796.97751,10657.20106,10730.86369
1601164800,27/09/2020,BTC-USD,10730.86369,10807.08679,10616.31842,10774.40863
1601251200,28/09/2020,BTC-USD,10774.40863,10947.38507,10677.92285,10695.81332
1601337600,29/09/2020,BTC-USD,10695.81332,10855.82844,10645.81887,10848.5659
1601424000,30/09/2020,BTC-USD,10848.5659,10851.68139,10672.70824,10784.26602
1601510400,01/10/2020,BTC-USD,10784.26602,10915.53133,10467.2627,10623.22606
1601596800,02/10/2020,BTC-USD,10623.22606,10668.74927,10396.84354,10580.42114
1601683200,03/10/2020,BTC-USD,10580.42114,10605.30884,10514.02828,10556.55554
1601769600,04/10/2020,BTC-USD,10556.55554,10694.64404,10533.20531,10682.76386
1601856000,05/10/2020,BTC-USD,10682.76386,10794.91371,10633.41441,10794.91371
1601942400,06/10/2020,BTC-USD,10794.91371,10845.67693,10538.07489,10607.00286
1602028800,07/10/2020,BTC-USD,10607.00286,10681.51395,10557.6277,10675.52998
1602115200,08/10/2020,BTC-USD,10675.52998,10949.16578,10552.04646,10927.99462
1602201600,09/10/2020,BTC-USD,10927.99462,11106.98859,10847.70631,11060.67676
1602288000,10/10/2020,BTC-USD,11060.67676,11455.66205,11060.62731,11300.59144
1602374400,11/10/2020,BTC-USD,11300.59144,11436.7976,11279.7895,11373.52219
1602460800,12/10/2020,BTC-USD,11373.52219,11718.23876,11233.47343,11539.30475
1602547200,13/10/2020,BTC-USD,11539.30475,11555.9873,11319.82543,11427.27505
1602633600,14/10/2020,BTC-USD,11427.27505,11542.47522,11301.71887,11424.93244
1602720000,15/10/2020,BTC-USD,11424.93244,11600.3521,11282.89947,11514.68582
1602806400,16/10/2020,BTC-USD,11514.68582,11578.63489,11185.46767,11330.20041
1602892800,17/10/2020,BTC-USD,11330.20041,11407.2066,11283.64766,11370.87214
1602979200,18/10/2020,BTC-USD,11370.87214,11514.75986,11362.22154,11514.75986
1603065600,19/10/2020,BTC-USD,11514.75986,11813.93285,11423.91849,11764.77973
1603152000,20/10/2020,BTC-USD,11764.77973,12032.18046,11662.02161,11929.12579
1603238400,21/10/2020,BTC-USD,11929.12579,13210.02724,11919.97969,12818.17796
1603324800,22/10/2020,BTC-USD,12818.17796,13182.904,12700.35927,12975.80803
1603411200,23/10/2020,BTC-USD,12975.80803,13030.63266,12750.09919,12938.77524
1603497600,24/10/2020,BTC-USD,12938.77524,13168.44456,12889.4734,13127.46395
1603584000,25/10/2020,BTC-USD,13127.46395,13344.76954,12916.21626,13038.29908
1603670400,26/10/2020,BTC-USD,13038.29908,13231.62328,12804.45539,13069.5503
1603756800,27/10/2020,BTC-USD,13069.5503,13783.0527,13067.83739,13646.54585
1603843200,28/10/2020,BTC-USD,13646.54585,13846.31557,12915.85761,13281.84427
1603929600,29/10/2020,BTC-USD,13281.84427,13635.90579,12986.40746,13458.99596
1604016000,30/10/2020,BTC-USD,13458.99596,13676.76612,13138.04106,13567.5568
1604102400,31/10/2020,BTC-USD,13567.5568,14020.82568,13445.08313,13801.3835
1604188800,01/11/2020,BTC-USD,13801.3835,13884.61806,13629.40473,13762.22352
1604275200,02/11/2020,BTC-USD,13762.22352,13825.87377,13228.77593,13565.48579
1604361600,03/11/2020,BTC-USD,13565.48579,14060.372,13312.33287,14018.33085
1604448000,04/11/2020,BTC-USD,14018.33085,14249.41482,13570.36015,14155.04713
1604534400,05/11/2020,BTC-USD,14155.04713,15726.76777,14122.28711,15595.77188
1604620800,06/11/2020,BTC-USD,15595.77188,15953.64744,15232.81681,15585.52054
1604707200,07/11/2020,BTC-USD,15585.52054,15760.01133,14428.62547,14844.07261
1604793600,08/11/2020,BTC-USD,14844.07261,15654.44994,14747.40448,15488.71806
1604880000,09/11/2020,BTC-USD,15488.71806,15795.18665,14856.83365,15330.35394
1604966400,10/11/2020,BTC-USD,15330.35394,15458.68625,15105.67277,15314.27329
1605052800,11/11/2020,BTC-USD,15314.27329,15962.71662,15290.46415,15704.88066
1605139200,12/11/2020,BTC-USD,15704.88066,16333.75431,15504.26535,16297.3567
1605225600,13/11/2020,BTC-USD,16297.3567,16494.64545,15987.81791,16328.26721
1605312000,14/11/2020,BTC-USD,16328.26721,16330.14275,15733.24085,16077.9657
1605398400,15/11/2020,BTC-USD,16077.9657,16148.5529,15795.5015,15962.11156
1605484800,16/11/2020,BTC-USD,15962.11156,16875.44549,15883.8515,16708.29905
1605571200,17/11/2020,BTC-USD,16708.29905,17831.67489,16577.29615,17668.90833
1605657600,18/11/2020,BTC-USD,17668.90833,18468.82842,17316.87037,17835.70873
1605744000,19/11/2020,BTC-USD,17835.70873,18179.36001,17397.45606,17817.76212
1605830400,20/11/2020,BTC-USD,17817.76212,18802.17559,17779.31286,18675.54626
1605916800,21/11/2020,BTC-USD,18675.54626,18970.40208,18406.76153,18683.83827
1606003200,22/11/2020,BTC-USD,18683.83827,18727.51967,17642.08936,18423.44826
1606089600,23/11/2020,BTC-USD,18423.44826,18725.28124,17997.55557,18365.94723
1606176000,24/11/2020,BTC-USD,18365.94723,19366.53739,18103.04665,19118.12123
1606262400,25/11/2020,BTC-USD,19118.12123,19441.55807,18554.10925,18716.59769
1606348800,26/11/2020,BTC-USD,18716.59769,18901.72653,16284.9769,17170.16299
1606435200,27/11/2020,BTC-USD,17170.16299,17469.14256,16499.99662,17139.94075
1606521600,28/11/2020,BTC-USD,17139.94075,17881.12239,16901.1795,17747.72302
1606608000,29/11/2020,BTC-USD,17747.72302,18336.97902,17561.28102,18200.83708
1606694400,30/11/2020,BTC-USD,18200.83708,19794.09703,18200.83708,19667.50073
1606780800,01/12/2020,BTC-USD,19667.50073,19894.35896,18231.13053,18789.9257
1606867200,02/12/2020,BTC-USD,18789.9257,19337.26592,18364.21277,19224.13055
1606953600,03/12/2020,BTC-USD,19224.13055,19594.19614,18933.64158,19448.86074
1607040000,04/12/2020,BTC-USD,19448.86074,19526.6879,18656.53572,18674.35181
1607126400,05/12/2020,BTC-USD,18674.35181,19187.57131,18551.68226,19165.8439
1607212800,06/12/2020,BTC-USD,19165.8439,19406.6538,18904.05642,19381.43588
1607299200,07/12/2020,BTC-USD,19381.43588,19424.49931,18925.80223,19187.76316
1607385600,08/12/2020,BTC-USD,19187.76316,19286.95389,18253.64986,18324.97691
1607472000,09/12/2020,BTC-USD,18324.97691,18644.56555,17658.62816,18562.22482
1607558400,10/12/2020,BTC-USD,18562.22482,18564.56049,17930.22199,18253.18665
1607644800,11/12/2020,BTC-USD,18253.18665,18291.99898,17613.39339,18039.78025
1607731200,12/12/2020,BTC-USD,18039.78025,18931.17323,18039.78025,18796.21282
1607817600,13/12/2020,BTC-USD,18796.21282,19418.63672,18743.31477,19173.81443
1607904000,14/12/2020,BTC-USD,19173.81443,19338.01774,19005.81652,19261.70113
1607990400,15/12/2020,BTC-USD,19261.70113,19553.45809,19083.05474,19438.86015
1608076800,16/12/2020,BTC-USD,19438.86015,21491.37885,18741.16944,21354.40808
1608163200,17/12/2020,BTC-USD,21354.40808,23665.52372,21253.05248,22819.84561
1608249600,18/12/2020,BTC-USD,22819.84561,23255.19621,22377.11429,23135.75608
1608336000,19/12/2020,BTC-USD,23135.75608,24106.26902,22817.2104,23861.67719
1608422400,20/12/2020,BTC-USD,23861.67719,24251.29311,23122.57711,23488.77478
1608508800,21/12/2020,BTC-USD,23488.77478,24108.95174,22112.0838,22743.64649
1608595200,22/12/2020,BTC-USD,22743.64649,23834.67573,22403.11183,23827.43128
1608681600,23/12/2020,BTC-USD,23827.43128,24056.79301,22723.46172,23275.91815
1608768000,24/12/2020,BTC-USD,23275.91815,23794.33699,22760.3707,23739.9969
1608854400,25/12/2020,BTC-USD,23739.9969,24748.88347,23450.63661,24684.01772
1608940800,26/12/2020,BTC-USD,24684.01772,26786.46038,24519.45216,26472.30486
1609027200,27/12/2020,BTC-USD,26472.30486,28365.19552,25846.19515,26244.39798
1609113600,28/12/2020,BTC-USD,26244.39798,27420.23734,26131.75373,27055.8676
1609200000,29/12/2020,BTC-USD,27055.8676,27391.2363,25933.80742,27381.81207
1609286400,30/12/2020,BTC-USD,27381.81207,28966.77834,27381.81207,28878.74916
1609372800,31/12/2020,BTC-USD,28878.74916,29271.43259,28059.98273,28979.32226
1609459200,01/01/2021,BTC-USD,28979.32226,29645.42828,28771.09883,29389.32135
1609545600,02/01/2021,BTC-USD,29389.32135,33220.69854,29067.50176,32204.40609
1609632000,03/01/2021,BTC-USD,32204.40609,34767.41351,32071.72396,33050.03734
1609718400,04/01/2021,BTC-USD,33050.03734,33668.56297,28339.03243,32074.31155
1609804800,05/01/2021,BTC-USD,32074.31155,34465.9649,30116.61942,34035.59815
1609891200,06/01/2021,BTC-USD,34035.59815,36989.06709,33467.07628,36893.4241
1609977600,07/01/2021,BTC-USD,36893.4241,40339.42934,36445.85475,39519.77366
1610064000,08/01/2021,BTC-USD,39519.77366,41979.9568,36788.85999,40736.15425
1610150400,09/01/2021,BTC-USD,40736.15425,41430.75852,38931.82726,40308.73042
1610236800,10/01/2021,BTC-USD,40308.73042,41464.08142,35258.34731,38290.51585
1610323200,11/01/2021,BTC-USD,38290.51585,38309.39365,30374.13494,35550.79907
1610409600,12/01/2021,BTC-USD,35550.79907,36634.9015,32631.53271,34095.16215
1610496000,13/01/2021,BTC-USD,34095.16215,37669.71228,32481.08309,37400.43088
1610582400,14/01/2021,BTC-USD,37400.43088,40088.0164,36838.25929,39185.31089
1610668800,15/01/2021,BTC-USD,39185.31089,39623.92286,34525.50804,36839.63054
1610755200,16/01/2021,BTC-USD,36839.63054,37911.343,35474.24405,36081.16021
1610841600,17/01/2021,BTC-USD,36081.16021,36788.48361,33921.04885,35826.23647
1610928000,18/01/2021,BTC-USD,35826.23647,37402.72052,34828.53845,36637.69664
1611014400,19/01/2021,BTC-USD,36637.69664,37809.92057,35983.29573,35983.29573
1611100800,20/01/2021,BTC-USD,35983.29573,36416.91961,33524.22142,35538.13642
1611187200,21/01/2021,BTC-USD,35538.13642,35630.05699,30132.99714,30825.69809
1611273600,22/01/2021,BTC-USD,30825.69809,33846.0647,28866.31671,33024.83295
1611360000,23/01/2021,BTC-USD,33024.83295,33447.40744,31471.22403,32119.98931
1611446400,24/01/2021,BTC-USD,32119.98931,33029.63962,31027.05416,32271.9649
1611532800,25/01/2021,BTC-USD,32271.9649,34857.21546,32027.62597,32288.53705
1611619200,26/01/2021,BTC-USD,32288.53705,32886.64115,30935.81801,32537.85755
1611705600,27/01/2021,BTC-USD,32537.85755,32537.85755,29340.73868,30458.07116
1611792000,28/01/2021,BTC-USD,30458.07116,33793.73589,29974.50283,33397.91665
1611878400,29/01/2021,BTC-USD,33397.91665,38474.27976,31992.64484,34284.67418
1611964800,30/01/2021,BTC-USD,34284.67418,34869.8306,32907.40046,34277.81286
1612051200,31/01/2021,BTC-USD,34277.81286,34304.34785,32237.17905,33112.70659
1612137600,01/02/2021,BTC-USD,33112.70659,34644.7729,32356.09348,33512.64168
1612224000,02/02/2021,BTC-USD,33512.64168,35930.02742,33444.45037,35472.60972
1612310400,03/02/2021,BTC-USD,35472.60972,37613.749,35394.31282,37613.749
1612396800,04/02/2021,BTC-USD,37613.749,38625.21201,36205.91211,36967.84119
1612483200,05/02/2021,BTC-USD,36967.84119,38298.88154,36669.38298,38248.04278
1612569600,06/02/2021,BTC-USD,38248.04278,40892.16848,38238.32754,39220.95737
1612656000,07/02/2021,BTC-USD,39220.95737,39663.52587,37429.70476,38861.99014
1612742400,08/02/2021,BTC-USD,38861.99014,46480.44361,38073.96094,46342.70167
1612828800,09/02/2021,BTC-USD,46342.70167,48088.62042,45084.4157,46479.41035
1612915200,10/02/2021,BTC-USD,46479.41035,47255.16996,43837.78386,44846.07236
1613001600,11/02/2021,BTC-USD,44846.07236,48553.46622,44082.5506,47992.88333
1613088000,12/02/2021,BTC-USD,47992.88333,48768.7171,46358.81617,47396.74669
1613174400,13/02/2021,BTC-USD,47396.74669,48096.19399,46366.87914,47160.72961
1613260800,14/02/2021,BTC-USD,47160.72961,49591.58633,47069.4429,48654.49572
1613347200,15/02/2021,BTC-USD,48654.49572,48944.745,46117.79019,47935.50779
1613433600,16/02/2021,BTC-USD,47935.50779,50314.96828,47080.50283,49166.66722
1613520000,17/02/2021,BTC-USD,49166.66722,52586.31331,49008.67692,52126.99119
1613606400,18/02/2021,BTC-USD,52126.99119,52536.88213,50980.92343,51632.43082
1613692800,19/02/2021,BTC-USD,51632.43082,56223.6108,50884.2289,55971.87114
1613779200,20/02/2021,BTC-USD,55971.87114,57554.01709,54453.16224,56052.49006
1613865600,21/02/2021,BTC-USD,56052.49006,58376.92679,55699.91809,57550.82276
1613952000,22/02/2021,BTC-USD,57550.82276,57607.44041,48579.37508,54186.92445
1614038400,23/02/2021,BTC-USD,54186.92445,54197.36183,45100.60476,48960.80779
1614124800,24/02/2021,BTC-USD,48960.80779,51394.24046,47121.86744,49771.31287
1614211200,25/02/2021,BTC-USD,49771.31287,51950.40101,46871.58099,47054.55463
1614297600,26/02/2021,BTC-USD,47054.55463,48442.76373,44325.72119,46387.79724
1614384000,27/02/2021,BTC-USD,46387.79724,48332.78798,45178.00122,46238.19155
1614470400,28/02/2021,BTC-USD,46238.19155,46696.05612,43207.29511,45234.82365
1614556800,01/03/2021,BTC-USD,45234.82365,49838.18997,45135.32578,49682.09261
1614643200,02/03/2021,BTC-USD,49682.09261,50249.92808,47171.43931,48488.17581
1614729600,03/03/2021,BTC-USD,48488.17581,52541.75534,48247.32882,50432.82999
1614816000,04/03/2021,BTC-USD,50432.82999,51697.44417,47599.65675,48410.67193
1614902400,05/03/2021,BTC-USD,48410.67193,49441.97659,46435.60548,48837.32352
1614988800,06/03/2021,BTC-USD,48837.32352,49202.18638,47182.83501,48897.17206
1615075200,07/03/2021,BTC-USD,48897.17206,51433.50919,48897.17206,50982.17192
1615161600,08/03/2021,BTC-USD,50982.17192,52349.58413,49393.18984,52315.43771
1615248000,09/03/2021,BTC-USD,52315.43771,54904.39215,51976.88882,54904.39215
1615334400,10/03/2021,BTC-USD,54904.39215,57332.73937,53218.09062,55927.39885
1615420800,11/03/2021,BTC-USD,55927.39885,58109.9462,54422.51907,57799.60679
1615507200,12/03/2021,BTC-USD,57799.60679,58008.64131,55231.38895,57272.14696
1615593600,13/03/2021,BTC-USD,57272.14696,61700.35541,56171.30028,61186.27108
1615680000,14/03/2021,BTC-USD,61186.27108,61624.64373,59106.53505,59106.53505
1615766400,15/03/2021,BTC-USD,59106.53505,60570.72655,55131.9401,55681.45203
1615852800,16/03/2021,BTC-USD,55681.45203,56945.851,53402.72649,56945.851
1615939200,17/03/2021,BTC-USD,56945.851,58977.70715,54405.73733,58965.64921
1616025600,18/03/2021,BTC-USD,58965.64921,60076.81998,57151.76434,57701.04703
1616112000,19/03/2021,BTC-USD,57701.04703,59469.38618,56430.07934,58143.02438
1616198400,20/03/2021,BTC-USD,58143.02438,59915.30336,57932.9646,58145.97974
1616284800,21/03/2021,BTC-USD,58145.97974,58594.36884,55799.73126,57377.06728
1616371200,22/03/2021,BTC-USD,57377.06728,58433.95487,53944.36671,54220.38427
1616457600,23/03/2021,BTC-USD,54220.38427,55871.39896,53109.27969,54453.61751
1616544000,24/03/2021,BTC-USD,54453.61751,57178.76556,52035.68039,52499.57581
1616630400,25/03/2021,BTC-USD,52499.57581,53260.49275,50587.83405,51454.67143
1616716800,26/03/2021,BTC-USD,51454.67143,55120.76764,51397.24163,55120.76764
1616803200,27/03/2021,BTC-USD,55120.76764,56577.52563,54076.91692,55913.07227
1616889600,28/03/2021,BTC-USD,55913.07227,56529.0753,54796.26848,55808.41007
1616976000,29/03/2021,BTC-USD,55808.41007,58356.75468,54986.07277,57649.10861
1617062400,30/03/2021,BTC-USD,57649.10861,59444.13386,57092.27381,58825.64416
1617148800,31/03/2021,BTC-USD,58825.64416,59829.86312,57219.3191,58888.90677
1617235200,01/04/2021,BTC-USD,58888.90677,59525.72595,58152.52173,58854.2642
1617321600,02/04/2021,BTC-USD,58854.2642,60195.95539,58634.76895,58999.42909
1617408000,03/04/2021,BTC-USD,58999.42909,59716.47699,57043.65411,57099.81546
1617494400,04/04/2021,BTC-USD,57099.81546,58469.0933,56525.47279,58224.89041
1617580800,05/04/2021,BTC-USD,58224.89041,59190.73515,56883.25355,59081.65439
1617667200,06/04/2021,BTC-USD,59081.65439,59467.8988,57489.13901,58006.9873
1617753600,07/04/2021,BTC-USD,58006.9873,58594.68011,55528.43108,55950.23435
1617840000,08/04/2021,BTC-USD,55950.23435,58133.04209,55817.65826,58087.9902
1617926400,09/04/2021,BTC-USD,58087.9902,58939.76679,57718.03671,58108.40053
1618012800,10/04/2021,BTC-USD,58108.40053,61137.12924,57909.75108,59760.62619
1618099200,11/04/2021,BTC-USD,59760.62619,60617.33991,59218.41506,59949.71111
1618185600,12/04/2021,BTC-USD,59949.71111,61208.77738,59558.78465,59871.84863
1618272000,13/04/2021,BTC-USD,59871.84863,63679.18233,59871.62671,63551.32653
1618358400,14/04/2021,BTC-USD,63551.32653,64815.88921,61418.53827,63006.7042
1618444800,15/04/2021,BTC-USD,63006.7042,63758.68183,62113.13261,63270.32521
1618531200,16/04/2021,BTC-USD,63270.32521,63558.05054,60134.44256,61455.01029
1618617600,17/04/2021,BTC-USD,61455.01029,62516.16847,59758.55271,60114.80856
1618704000,18/04/2021,BTC-USD,60114.80856,60410.117,53034.83609,56338.25498
1618790400,19/04/2021,BTC-USD,56338.25498,57610.05653,54392.74438,55694.57297
1618876800,20/04/2021,BTC-USD,55694.57297,57065.70796,53539.35986,56501.90145
1618963200,21/04/2021,BTC-USD,56501.90145,56780.94268,53704.68086,53837.9146
1619049600,22/04/2021,BTC-USD,53837.9146,55553.22632,50692.52042,51787.80247
1619136000,23/04/2021,BTC-USD,51787.80247,52148.9232,47814.01597,51244.54968
1619222400,24/04/2021,BTC-USD,51244.54968,51290.1111,48943.04787,50226.40337
1619308800,25/04/2021,BTC-USD,50226.40337,50692.12417,47298.4836,49216.16966
1619395200,26/04/2021,BTC-USD,49216.16966,54431.45274,49030.58231,54140.74068
1619481600,27/04/2021,BTC-USD,54140.74068,55553.3035,53471.32719,55177.24711
1619568000,28/04/2021,BTC-USD,55177.24711,56427.26355,54044.44809,54971.46341
1619654400,29/04/2021,BTC-USD,54971.46341,55243.1012,52569.22013,53713.15321
1619740800,30/04/2021,BTC-USD,53713.15321,58028.65361,53180.88489,57853.06636
1619827200,01/05/2021,BTC-USD,57853.06636,58567.15071,57187.22855,57935.85785
1619913600,02/05/2021,BTC-USD,57935.85785,57998.38354,56259.58817,56755.47214
1620000000,03/05/2021,BTC-USD,56755.47214,59085.45661,56699.23297,57311.61308
1620086400,04/05/2021,BTC-USD,57311.61308,57311.61308,53242.33318,53309.55973
1620172800,05/05/2021,BTC-USD,53309.55973,58003.75296,53069.68197,57578.45906
1620259200,06/05/2021,BTC-USD,57578.45906,58525.85783,55559.98495,56620.7024
1620345600,07/05/2021,BTC-USD,56620.7024,58761.50984,55570.18155,57573.93774
1620432000,08/05/2021,BTC-USD,57573.93774,59626.84377,57213.62876,59074.08014
1620518400,09/05/2021,BTC-USD,59074.08014,59401.60761,56552.38268,58481.30832
1620604800,10/05/2021,BTC-USD,58481.30832,59703.84598,54449.8435,55909.84918
1620691200,11/05/2021,BTC-USD,55909.84918,57115.89811,54625.47658,56951.08329
1620777600,12/05/2021,BTC-USD,56951.08329,58098.01392,49425.24094,49425.24094
1620864000,13/05/2021,BTC-USD,49425.24094,51453.06651,47170.31655,49723.01055
1620950400,14/05/2021,BTC-USD,49723.01055,51606.34609,48992.56234,50038.47924
1621036800,15/05/2021,BTC-USD,50038.47924,50778.05789,46754.42473,46754.42473
1621123200,16/05/2021,BTC-USD,46754.42473,49878.25861,43994.26588,46561.93242
1621209600,17/05/2021,BTC-USD,46561.93242,46628.48018,42294.83208,43673.10687
1621296000,18/05/2021,BTC-USD,43673.10687,45817.8747,42383.71602,43006.17214
1621382400,19/05/2021,BTC-USD,43006.17214,43585.10118,30350.60031,36799.65229
1621468800,20/05/2021,BTC-USD,36799.65229,42553.23156,35158.69337,40740.18204
1621555200,21/05/2021,BTC-USD,40740.18204,42163.8964,33808.51381,37358.84223
1621641600,22/05/2021,BTC-USD,37358.84223,38797.0982,35414.37742,37524.9033
1621728000,23/05/2021,BTC-USD,37524.9033,38266.74269,31301.81301,34762.44479
1621814400,24/05/2021,BTC-USD,34762.44479,39888.5366,34578.36908,38847.56794
1621900800,25/05/2021,BTC-USD,38847.56794,39882.83496,36694.79009,38471.18578
1621987200,26/05/2021,BTC-USD,38471.18578,40814.53097,37948.51879,39328.27133
1622073600,27/05/2021,BTC-USD,39328.27133,40370.35177,37281.64888,38539.40403
1622160000,28/05/2021,BTC-USD,38539.40403,38933.45364,34789.42995,35754.81214
1622246400,29/05/2021,BTC-USD,35754.81214,37250.75708,33701.76961,34612.89805
1622332800,30/05/2021,BTC-USD,34612.89805,36473.86363,33563.65992,35748.57822
1622419200,31/05/2021,BTC-USD,35748.57822,37509.78053,34327.71614,37352.64703
1622505600,01/06/2021,BTC-USD,37352.64703,37904.41516,35833.20234,36717.10129
1622592000,02/06/2021,BTC-USD,36717.10129,38234.13581,36042.91773,37601.10341
1622678400,03/06/2021,BTC-USD,37601.10341,39463.02089,37235.00262,39209.80379
1622764800,04/06/2021,BTC-USD,39209.80379,39301.25292,35839.37866,36926.13434
1622851200,05/06/2021,BTC-USD,36926.13434,37923.82225,34926.20609,35571.34558
1622937600,06/06/2021,BTC-USD,35571.34558,36529.79832,35334.80696,35859.00025
1623024000,07/06/2021,BTC-USD,35859.00025,36780.60092,33443.90865,33606.01678
1623110400,08/06/2021,BTC-USD,33606.01678,34048.31049,31138.92574,33441.55938
1623196800,09/06/2021,BTC-USD,33441.55938,37550.56112,32468.03045,37385.48277
1623283200,10/06/2021,BTC-USD,37385.48277,38381.44271,35893.4491,36703.7224
1623369600,11/06/2021,BTC-USD,36703.7224,37604.96604,36005.52518,37351.93235
1623456000,12/06/2021,BTC-USD,37351.93235,37443.52284,34732.17985,35538.9513
1623542400,13/06/2021,BTC-USD,35538.9513,39314.69203,34867.67057,39082.75864
1623628800,14/06/2021,BTC-USD,39082.75864,40989.09739,38806.03787,40545.7724
1623715200,15/06/2021,BTC-USD,40545.7724,41286.29935,39633.88852,40182.94203
1623801600,16/06/2021,BTC-USD,40182.94203,40421.52954,38162.08201,38381.71405
1623888000,17/06/2021,BTC-USD,38381.71405,39515.39847,37449.48123,38075.32148
1623974400,18/06/2021,BTC-USD,38075.32148,38164.59356,35211.31931,35771.77588
1624060800,19/06/2021,BTC-USD,35771.77588,36381.78728,34929.75882,35555.28591
1624147200,20/06/2021,BTC-USD,35555.28591,36095.33664,33412.64185,35619.33146
1624233600,21/06/2021,BTC-USD,35619.33146,35746.86734,31316.9665,31682.30452
1624320000,22/06/2021,BTC-USD,31682.30452,33279.09996,28967.53632,32517.46566
1624406400,23/06/2021,BTC-USD,32517.46566,34756.47792,31801.23461,33684.87991
1624492800,24/06/2021,BTC-USD,33684.87991,35181.16756,32381.36168,34675.90751
1624579200,25/06/2021,BTC-USD,34675.90751,35458.77679,31365.62484,31630.85928
1624665600,26/06/2021,BTC-USD,31630.85928,32662.76827,30257.03483,32269.02012
1624752000,27/06/2021,BTC-USD,32269.02012,34702.55902,32062.62546,34702.55902
1624838400,28/06/2021,BTC-USD,34702.55902,35238.81036,33978.97327,34467.26971
1624924800,29/06/2021,BTC-USD,34467.26971,36555.64278,34256.11232,35887.82514
1625011200,30/06/2021,BTC-USD,35887.82514,36076.71307,34089.17997,35045.57768
1625097600,01/07/2021,BTC-USD,35045.57768,35045.57768,32806.17648,33566.3828
1625184000,02/07/2021,BTC-USD,33566.3828,33974.47029,32788.64791,33829.26272
1625270400,03/07/2021,BTC-USD,33829.26272,34900.50675,33375.07303,34685.08792
1625356800,04/07/2021,BTC-USD,34685.08792,35952.90595,34414.9553,35318.68113
1625443200,05/07/2021,BTC-USD,35318.68113,35318.68113,33219.65761,33733.4281
1625529600,06/07/2021,BTC-USD,33733.4281,35019.4741,33599.82039,34249.43177
1625616000,07/07/2021,BTC-USD,34249.43177,34985.17982,33809.47295,33877.78109
1625702400,08/07/2021,BTC-USD,33877.78109,33907.71255,32172.09509,32921.40518
1625788800,09/07/2021,BTC-USD,32921.40518,34108.41108,32340.61336,33806.11569
1625875200,10/07/2021,BTC-USD,33806.11569,34251.98773,33153.72656,33537.60915
1625961600,11/07/2021,BTC-USD,33537.60915,34577.21282,33347.58069,34231.31385
1626048000,12/07/2021,BTC-USD,34231.31385,34628.54446,32694.24474,33164.26312
1626134400,13/07/2021,BTC-USD,33164.26312,33472.18236,32254.19544,32733.83501
1626220800,14/07/2021,BTC-USD,32733.83501,33152.38454,31665.13267,32852.11734
1626307200,15/07/2021,BTC-USD,32852.11734,33211.0511,31198.49452,31879.33174
1626393600,16/07/2021,BTC-USD,31879.33174,32259.71544,31094.27567,31416.80513
1626480000,17/07/2021,BTC-USD,31416.80513,32235.32554,31230.772,31766.49918
1626566400,18/07/2021,BTC-USD,31766.49918,32546.46179,31266.84503,31827.03087
1626652800,19/07/2021,BTC-USD,31827.03087,32252.78709,30547.9772,30844.65045
1626739200,20/07/2021,BTC-USD,30844.65045,31176.36417,29379.04191,29837.18404
1626825600,21/07/2021,BTC-USD,29837.18404,32754.50907,29568.98835,32145.45271
1626912000,22/07/2021,BTC-USD,32145.45271,32648.20695,31764.1801,32279.94172
1626998400,23/07/2021,BTC-USD,32279.94172,33619.02688,32055.55029,33619.02688
1627084800,24/07/2021,BTC-USD,33619.02688,34494.04464,33445.28497,34283.91913
1627171200,25/07/2021,BTC-USD,34283.91913,35390.32062,33906.58646,35390.32062
1627257600,26/07/2021,BTC-USD,35390.32062,40466.00731,35296.23062,37288.01492
1627344000,27/07/2021,BTC-USD,37288.01492,39485.82181,36451.27549,39485.82181
1627430400,28/07/2021,BTC-USD,39485.82181,40858.64831,38912.45224,40007.93939
1627516800,29/07/2021,BTC-USD,40007.93939,40612.76485,39365.51383,40008.55095
1627603200,30/07/2021,BTC-USD,40008.55095,42243.2227,38365.95766,42243.2227
1627689600,31/07/2021,BTC-USD,42243.2227,42274.28483,41103.61616,41507.93919
1627776000,01/08/2021,BTC-USD,41507.93919,42529.96698,39622.2619,39926.79921
1627862400,02/08/2021,BTC-USD,39926.79921,40415.37733,38759.4655,39186.09367
1627948800,03/08/2021,BTC-USD,39186.09367,39746.71293,37807.35385,38193.93954
1628035200,04/08/2021,BTC-USD,38193.93954,39966.87927,37564.75778,39736.80637
1628121600,05/08/2021,BTC-USD,39736.80637,41354.04626,37438.24251,40859.10288
1628208000,06/08/2021,BTC-USD,40859.10288,43241.50517,39915.70367,42802.81679
1628294400,07/08/2021,BTC-USD,42802.81679,44701.45869,42613.17896,44594.84577
1628380800,08/08/2021,BTC-USD,44594.84577,45279.20223,43348.59967,43830.30699
1628467200,09/08/2021,BTC-USD,43830.30699,46440.68592,42875.95238,46290.69745
1628553600,10/08/2021,BTC-USD,46290.69745,46604.60459,44708.58246,45595.1894
1628640000,11/08/2021,BTC-USD,45595.1894,46717.38918,45405.58362,45590.28284
1628726400,12/08/2021,BTC-USD,45590.28284,46211.19388,43881.11154,44432.95199
1628812800,13/08/2021,BTC-USD,44432.95199,47819.45027,44337.92074,47800.34073
1628899200,14/08/2021,BTC-USD,47800.34073,48065.38521,46129.8963,47100.49736
1628985600,15/08/2021,BTC-USD,47100.49736,47360.97474,45606.233,47034.44066
1629072000,16/08/2021,BTC-USD,47034.44066,47974.60129,45717.77395,45948.24629
1629158400,17/08/2021,BTC-USD,45948.24629,47081.81359,44474.89312,44691.78203
1629244800,18/08/2021,BTC-USD,44691.78203,45954.65625,44298.52642,44744.85879
1629331200,19/08/2021,BTC-USD,44744.85879,46966.35524,43991.2303,46749.10921
1629417600,20/08/2021,BTC-USD,46749.10921,49299.88763,46626.06631,49297.75254
1629504000,21/08/2021,BTC-USD,49297.75254,49754.1802,48333.1943,48892.17357
1629590400,22/08/2021,BTC-USD,48892.17357,49462.64731,48164.26951,49273.71128
1629676800,23/08/2021,BTC-USD,49273.71128,50450.74825,49183.26946,49529.224
1629763200,24/08/2021,BTC-USD,49529.224,49846.56789,47658.81455,47721.63546
1629849600,25/08/2021,BTC-USD,47721.63546,49184.75396,47169.65659,48992.54713
1629936000,26/08/2021,BTC-USD,48992.54713,49304.03807,46437.12517,46893.16612
1630022400,27/08/2021,BTC-USD,46893.16612,49134.50502,46444.81643,49083.81199
1630108800,28/08/2021,BTC-USD,49083.81199,49296.23261,48432.86029,48917.35501
1630195200,29/08/2021,BTC-USD,48917.35501,49610.06691,47930.38523,48782.91816
1630281600,30/08/2021,BTC-USD,48782.91816,48889.16192,46907.84177,47009.03407
1630368000,31/08/2021,BTC-USD,47009.03407,48157.59205,46751.45078,47154.09762
1630454400,01/09/2021,BTC-USD,47154.09762,49018.9992,46568.58623,48836.78354
1630540800,02/09/2021,BTC-USD,48836.78354,50327.20276,48680.94187,49294.65858
1630627200,03/09/2021,BTC-USD,49294.65858,50983.60856,48431.60711,50018.66854
1630713600,04/09/2021,BTC-USD,50018.66854,50520.23314,49484.25855,49925.05092
1630800000,05/09/2021,BTC-USD,49925.05092,51844.73751,49514.03187,51744.06115
1630886400,06/09/2021,BTC-USD,51744.06115,52703.48863,51077.80617,52662.343
1630972800,07/09/2021,BTC-USD,52662.343,52835.3642,43919.84961,46862.20805
1631059200,08/09/2021,BTC-USD,46862.20805,47329.64214,44550.35578,46092.69533
1631145600,09/09/2021,BTC-USD,46092.69533,47338.78162,45681.70824,46405.4898
1631232000,10/09/2021,BTC-USD,46405.4898,47038.34153,44324.74879,44896.39802
1631318400,11/09/2021,BTC-USD,44896.39802,45994.16356,44845.87921,45177.29537
1631404800,12/09/2021,BTC-USD,45177.29537,46397.37223,44790.65129,46077.38111
1631491200,13/09/2021,BTC-USD,46077.38111,46760.58859,43696.20352,44974.16712
1631577600,14/09/2021,BTC-USD,44974.16712,47247.84415,44807.66889,47102.63903
1631664000,15/09/2021,BTC-USD,47102.63903,48455.26586,46785.25906,48156.57897
1631750400,16/09/2021,BTC-USD,48156.57897,48464.18503,47112.21293,47782.97175
1631836800,17/09/2021,BTC-USD,47782.97175,48141.0586,46851.13532,47316.8981
1631923200,18/09/2021,BTC-USD,47316.8981,48799.06618,47105.36442,48309.87204
1632009600,19/09/2021,BTC-USD,48309.87204,48364.92058,46909.08471,47268.16519
1632096000,20/09/2021,BTC-USD,47268.16519,47326.96048,42613.09445,42974.17076
1632182400,21/09/2021,BTC-USD,42974.17076,43618.43964,39854.07773,40706.9704
1632268800,22/09/2021,BTC-USD,40706.9704,43968.79054,40630.88071,43599.04991
1632355200,23/09/2021,BTC-USD,43599.04991,45007.82972,43158.42521,44888.70185
1632441600,24/09/2021,BTC-USD,44888.70185,45111.83006,40964.79232,42834.04189
1632528000,25/09/2021,BTC-USD,42834.04189,43350.85476,41722.99552,42722.36493
1632614400,26/09/2021,BTC-USD,42722.36493,43901.0168,40890.91043,43217.37392
1632700800,27/09/2021,BTC-USD,43217.37392,44333.35871,42181.0949,42190.16194
1632787200,28/09/2021,BTC-USD,42190.16194,42890.62878,40940.51437,41037.39979
1632873600,29/09/2021,BTC-USD,41037.39979,42847.33897,40785.33081,41546.364
1632960000,30/09/2021,BTC-USD,41546.364,44100.57794,41453.01753,43890.04724
1633046400,01/10/2021,BTC-USD,43890.04724,48437.61631,43369.38248,48143.83353
1633132800,02/10/2021,BTC-USD,48143.83353,48380.2885,47474.56438,47683.84191
1633219200,03/10/2021,BTC-USD,47683.84191,49145.04314,47198.79711,48193.58381
1633305600,04/10/2021,BTC-USD,48193.58381,49504.4018,47158.43426,49288.55922
1633392000,05/10/2021,BTC-USD,49288.55922,51890.02142,48958.6672,51518.93082
1633478400,06/10/2021,BTC-USD,51518.93082,55672.77178,50502.47098,55347.50265
1633564800,07/10/2021,BTC-USD,55347.50265,55347.50265,53548.11186,53804.75073
1633651200,08/10/2021,BTC-USD,53804.75073,55536.72507,53708.42407,53945.61442
1633737600,09/10/2021,BTC-USD,53945.61442,55410.31138,53749.79153,54908.85387
1633824000,10/10/2021,BTC-USD,54908.85387,56375.62369,54171.03099,54694.73847
1633910400,11/10/2021,BTC-USD,54694.73847,57805.20906,54519.23422,57500.05583
1633996800,12/10/2021,BTC-USD,57500.05583,57620.77484,54201.08408,55981.44989
1634083200,13/10/2021,BTC-USD,55981.44989,57701.0634,54386.25967,57403.09972
1634169600,14/10/2021,BTC-USD,57403.09972,58505.19356,56912.41125,57326.64578
1634256000,15/10/2021,BTC-USD,57326.64578,62760.40779,56862.25813,61695.51004
1634342400,16/10/2021,BTC-USD,61695.51004,62316.50529,60213.38992,60874.69213
1634428800,17/10/2021,BTC-USD,60874.69213,61745.11972,59222.73134,61585.6142
1634515200,18/10/2021,BTC-USD,61585.6142,62535.86288,60043.87814,62056.90635
1634601600,19/10/2021,BTC-USD,62056.90635,64502.68178,61537.99097,64300.7801
1634688000,20/10/2021,BTC-USD,64300.7801,67006.89683,63659.24515,66026.70134
1634774400,21/10/2021,BTC-USD,66026.70134,66638.55867,62196.35076,62249.06427
1634860800,22/10/2021,BTC-USD,62249.06427,63742.26723,60174.25036,60755.9662
1634947200,23/10/2021,BTC-USD,60755.9662,61747.94964,59793.34433,61366.50411
1635033600,24/10/2021,BTC-USD,61366.50411,61532.71129,59632.72568,60911.35154
1635120000,25/10/2021,BTC-USD,60911.35154,63740.13313,60729.4169,63121.84033
1635206400,26/10/2021,BTC-USD,63121.84033,63290.64909,60034.13819,60366.71375
1635292800,27/10/2021,BTC-USD,60366.71375,61484.98489,58329.24893,58543.87807
1635379200,28/10/2021,BTC-USD,58543.87807,62251.91827,58303.5376,60652.76522
1635465600,29/10/2021,BTC-USD,60652.76522,62960.57383,60319.62921,62274.78331
1635552000,30/10/2021,BTC-USD,62274.78331,62325.39635,60900.09194,61878.04619
1635638400,31/10/2021,BTC-USD,61878.04619,62384.25855,60070.90458,61343.2062
1635724800,01/11/2021,BTC-USD,61343.2062,62410.75122,59671.81418,60946.08302
1635811200,02/11/2021,BTC-USD,60946.08302,64213.66057,60676.29739,63215.7814
1635897600,03/11/2021,BTC-USD,63215.7814,63506.00625,61269.67419,62926.61454
1635984000,04/11/2021,BTC-USD,62926.61454,63054.88017,60814.96658,61474.58504
1636070400,05/11/2021,BTC-USD,61474.58504,62605.67418,60832.37948,61060.68004
1636156800,06/11/2021,BTC-USD,61060.68004,61585.9326,60183.75743,61520.39499
1636243200,07/11/2021,BTC-USD,61520.39499,63317.45773,61408.97014,63317.45773
1636329600,08/11/2021,BTC-USD,63317.45773,67691.26467,63317.45773,67524.69595
1636416000,09/11/2021,BTC-USD,67524.69595,68508.65119,66378.4072,66963.11616
1636502400,10/11/2021,BTC-USD,66963.11616,68834.99763,63500.11695,65025.46716
1636588800,11/11/2021,BTC-USD,65025.46716,65644.30385,64183.20435,64877.00819
1636675200,12/11/2021,BTC-USD,64877.00819,65481.72152,62382.78406,64188.64371
1636761600,13/11/2021,BTC-USD,64188.64371,64930.49626,63429.97053,64413.4218
1636848000,14/11/2021,BTC-USD,64413.4218,65534.65462,63655.66996,65523.85847
1636934400,15/11/2021,BTC-USD,65523.85847,66283.67801,63510.58432,63617.10916
1637020800,16/11/2021,BTC-USD,63617.10916,63617.10916,58912.73056,60152.98332
1637107200,17/11/2021,BTC-USD,60152.98332,61460.02555,58602.98131,60403.01151
1637193600,18/11/2021,BTC-USD,60403.01151,60922.54321,56602.90956,57110.15666
1637280000,19/11/2021,BTC-USD,57110.15666,58422.2323,55733.46016,58157.60027
1637366400,20/11/2021,BTC-USD,58157.60027,59930.27333,57537.69228,59771.63151
1637452800,21/11/2021,BTC-USD,59771.63151,60074.8502,58655.38266,58807.71759
1637539200,22/11/2021,BTC-USD,58807.71759,59192.7981,55804.18853,56346.03769
1637625600,23/11/2021,BTC-USD,56346.03769,57888.32506,55598.90961,57592.74749
1637712000,24/11/2021,BTC-USD,57592.74749,57760.51556,55984.10593,57266.23461
1637798400,25/11/2021,BTC-USD,57266.23461,59457.53892,57098.85439,59000.58559
1637884800,26/11/2021,BTC-USD,59000.58559,59285.88795,53690.01815,53719.06037
1637971200,27/11/2021,BTC-USD,53719.06037,55416.05052,53719.06037,54974.15489
1638057600,28/11/2021,BTC-USD,54974.15489,57491.29658,53614.09117,57335.83858
1638144000,29/11/2021,BTC-USD,57335.83858,58921.3414,56839.1196,57847.29192
1638230400,30/11/2021,BTC-USD,57847.29192,59183.47624,56064.23825,56995.38576
1638316800,01/12/2021,BTC-USD,56995.38576,59057.98389,56603.17149,57273.66119
1638403200,02/12/2021,BTC-USD,57273.66119,57446.77686,55936.65314,56560.2267
1638489600,03/12/2021,BTC-USD,56560.2267,57549.99109,52265.51507,53761.80161
1638576000,04/12/2021,BTC-USD,53761.80161,53922.03486,43876.60976,49364.29072
1638662400,05/12/2021,BTC-USD,49364.29072,49969.29391,47918.81506,49452.18896
1638748800,06/12/2021,BTC-USD,49452.18896,50958.4129,47311.41521,50615.05328
1638835200,07/12/2021,BTC-USD,50615.05328,52240.63541,50198.39665,50668.0033
1638921600,08/12/2021,BTC-USD,50668.0033,51957.24332,48847.53009,50553.38234
1639008000,09/12/2021,BTC-USD,50553.38234,51040.59092,47427.28987,47671.2506
1639094400,10/12/2021,BTC-USD,47671.2506,49996.79048,47134.84381,47215.69681
1639180800,11/12/2021,BTC-USD,47215.69681,50252.85994,46919.66791,49388.15393
1639267200,12/12/2021,BTC-USD,49388.15393,51121.06948,48783.53639,50143.91279
1639353600,13/12/2021,BTC-USD,50143.91279,50233.78127,45934.39605,46800.50885
1639440000,14/12/2021,BTC-USD,46800.50885,48726.47826,46391.95212,48414.65716
1639526400,15/12/2021,BTC-USD,48414.65716,49573.20438,46680.19159,48927.1003
1639612800,16/12/2021,BTC-USD,48927.1003,49450.03526,47573.46675,47669.19428
1639699200,17/12/2021,BTC-USD,47669.19428,47990.59757,45572.58763,46191.76025
1639785600,18/12/2021,BTC-USD,46191.76025,47334.69704,45581.80362,46875.25896
1639872000,19/12/2021,BTC-USD,46875.25896,48166.32605,46492.97262,46716.58195
1639958400,20/12/2021,BTC-USD,46716.58195,47457.4258,45594.08441,46919.84428
1640044800,21/12/2021,BTC-USD,46919.84428,49332.29435,46678.22695,48950.77547
1640131200,22/12/2021,BTC-USD,48950.77547,49579.75075,48478.78474,48613.17186
1640217600,23/12/2021,BTC-USD,48613.17186,51361.78553,48063.86515,50811.34122
1640304000,24/12/2021,BTC-USD,50811.34122,51823.48701,50509.2915,50823.36146
1640390400,25/12/2021,BTC-USD,50823.36146,51165.27672,50266.59099,50453.32519
1640476800,26/12/2021,BTC-USD,50453.32519,51236.32815,49584.8438,50797.31967
1640563200,27/12/2021,BTC-USD,50797.31967,52030.98588,50483.34173,50698.86742
1640649600,28/12/2021,BTC-USD,50698.86742,50698.86742,47385.16006,47614.49059
1640736000,29/12/2021,BTC-USD,47614.49059,48146.33868,46202.81143,46491.21405
1640822400,30/12/2021,BTC-USD,46491.21405,47921.80564,46046.91515,47158.09204
1640908800,31/12/2021,BTC-USD,47158.09204,48566.23577,45716.90913,46233.80733
1640995200,01/01/2022,BTC-USD,46233.80733,47923.2516,46233.80733,47713.48008
1641081600,02/01/2022,BTC-USD,47713.48008,47939.28076,46732.19167,47319.89225
1641168000,03/01/2022,BTC-USD,47319.89225,47535.89515,45754.64843,46453.30841
1641254400,04/01/2022,BTC-USD,46453.30841,47506.11446,45675.48853,45862.81558
1641340800,05/01/2022,BTC-USD,45862.81558,46982.84382,42565.72523,43468.66973
1641427200,06/01/2022,BTC-USD,43468.66973,43808.15202,42554.05278,43136.38967
1641513600,07/01/2022,BTC-USD,43136.38967,43150.97709,40899.64512,41552.74854
1641600000,08/01/2022,BTC-USD,41552.74854,42518.66024,40657.78635,41746.26506
1641686400,09/01/2022,BTC-USD,41746.26506,42783.25773,41314.83261,41884.56688
1641772800,10/01/2022,BTC-USD,41884.56688,42302.76421,39760.15612,41852.77974
1641859200,11/01/2022,BTC-USD,41852.77974,43095.36744,41343.07131,42765.27808
1641945600,12/01/2022,BTC-USD,42765.27808,44267.58475,42535.36447,43935.00137
1642032000,13/01/2022,BTC-USD,43935.00137,44416.81052,42395.13045,42585.41928
1642118400,14/01/2022,BTC-USD,42585.41928,43454.82125,41875.26631,43106.5573
1642204800,15/01/2022,BTC-USD,43106.5573,43789.70284,42664.60945,43124.46593
1642291200,16/01/2022,BTC-USD,43124.46593,43531.56905,42698.4561,43106.91119
1642377600,17/01/2022,BTC-USD,43106.91119,43195.0336,41642.73374,42270.41462
1642464000,18/01/2022,BTC-USD,42270.41462,42612.91687,41344.76866,42391.07492
1642550400,19/01/2022,BTC-USD,42391.07492,42565.7462,41207.85437,41707.96183
1642636800,20/01/2022,BTC-USD,41707.96183,43513.2325,40615.71521,40757.90951
1642723200,21/01/2022,BTC-USD,40757.90951,41116.91407,35624.5293,36528.88351
1642809600,22/01/2022,BTC-USD,36528.88351,36786.90397,34217.48363,35095.70137
1642896000,23/01/2022,BTC-USD,35095.70137,36501.93952,34704.98576,36289.69009
1642982400,24/01/2022,BTC-USD,36289.69009,37422.71872,33117.54818,36695.71418
1643068800,25/01/2022,BTC-USD,36695.71418,37536.34441,35760.15682,36976.59949
1643155200,26/01/2022,BTC-USD,36976.59949,38864.72952,36360.64699,36830.13089
1643241600,27/01/2022,BTC-USD,36830.13089,37223.01191,35566.97016,37174.30397
1643328000,28/01/2022,BTC-USD,37174.30397,38014.32912,36209.38132,37754.53789
1643414400,29/01/2022,BTC-USD,37754.53789,38862.91776,37388.46821,38211.08605
1643500800,30/01/2022,BTC-USD,38211.08605,38575.48978,37433.37418,37947.49179
1643587200,31/01/2022,BTC-USD,37947.49179,38740.77384,36729.93271,38518.70996
1643673600,01/02/2022,BTC-USD,38518.70996,39263.07449,38067.15433,38760.25668
1643760000,02/02/2022,BTC-USD,38760.25668,39029.5271,36735.46981,36935.20152
1643846400,03/02/2022,BTC-USD,36935.20152,37307.45348,36345.41338,37307.45348
1643932800,04/02/2022,BTC-USD,37307.45348,41715.17498,37062.4984,41581.99237
1644019200,05/02/2022,BTC-USD,41581.99237,41924.31031,41012.66205,41444.70144
1644105600,06/02/2022,BTC-USD,41444.70144,42619.07916,41236.42694,42434.85659
1644192000,07/02/2022,BTC-USD,42434.85659,44496.7008,41747.40632,43888.51719
1644278400,08/02/2022,BTC-USD,43888.51719,45450.02701,42767.48228,44093.22522
1644364800,09/02/2022,BTC-USD,44093.22522,44825.03825,43221.59555,44427.13104
1644451200,10/02/2022,BTC-USD,44427.13104,45731.33011,43333.62739,43585.62231
1644537600,11/02/2022,BTC-USD,43585.62231,43909.36562,42037.34912,42421.38459
1644624000,12/02/2022,BTC-USD,42421.38459,43115.0736,41820.00321,42249.48821
1644710400,13/02/2022,BTC-USD,42249.48821,42826.65109,41925.75946,42088.03855
1644796800,14/02/2022,BTC-USD,42088.03855,42871.80516,41665.70246,42583.707
1644883200,15/02/2022,BTC-USD,42583.707,44771.09026,42496.87151,44567.36241
1644969600,16/02/2022,BTC-USD,44567.36241,44567.36241,43417.22428,43911.78127
1645056000,17/02/2022,BTC-USD,43911.78127,44288.0314,40148.25707,40572.57873
1645142400,18/02/2022,BTC-USD,40572.57873,41411.80055,39566.86751,40033.59937
1645228800,19/02/2022,BTC-USD,40033.59937,40652.5094,39719.0334,40135.90858
1645315200,20/02/2022,BTC-USD,40135.90858,40168.90635,38089.03623,38398.68589
1645401600,21/02/2022,BTC-USD,38398.68589,39616.99264,36915.89398,37065.54633
1645488000,22/02/2022,BTC-USD,37065.54633,38441.37014,36438.20412,38273.75891
1645574400,23/02/2022,BTC-USD,38273.75891,39262.67524,37151.03753,37266.67076
1645660800,24/02/2022,BTC-USD,37266.67076,39243.11736,34381.12547,38373.35673
1645747200,25/02/2022,BTC-USD,38373.35673,39727.19988,38090.15792,39247.06068
1645833600,26/02/2022,BTC-USD,39247.06068,40196.05172,38683.37102,39145.28573
1645920000,27/02/2022,BTC-USD,39145.28573,40293.10495,37121.06969,38000.13207
1646006400,28/02/2022,BTC-USD,38000.13207,44029.82712,37516.51644,43208.30224
1646092800,01/03/2022,BTC-USD,43208.30224,44912.51566,42912.51609,44433.83299
1646179200,02/03/2022,BTC-USD,44433.83299,45202.37752,43394.02443,43938.34739
1646265600,03/03/2022,BTC-USD,43938.34739,44246.74889,41880.09558,42476.34954
1646352000,04/03/2022,BTC-USD,42476.34954,42514.07966,38661.57913,39214.11643
1646438400,05/03/2022,BTC-USD,39214.11643,40403.52609,38675.06162,39404.42904
1646524800,06/03/2022,BTC-USD,39404.42904,39645.02308,38151.97781,38416.11392
1646611200,07/03/2022,BTC-USD,38416.11392,39504.00186,37243.64929,38039.95368
1646697600,08/03/2022,BTC-USD,38039.95368,40611.35849,37924.77559,38755.81241
1646784000,09/03/2022,BTC-USD,38755.81241,42789.34629,38722.33534,41949.25322
1646870400,10/03/2022,BTC-USD,41949.25322,42031.91438,38768.91347,39450.47297
1646956800,11/03/2022,BTC-USD,39450.47297,40349.78685,38266.10777,38751.00348
1647043200,12/03/2022,BTC-USD,38751.00348,39550.5716,38710.58551,38808.91253
1647129600,13/03/2022,BTC-USD,38808.91253,39783.19689,37691.74953,37830.48857
1647216000,14/03/2022,BTC-USD,37830.48857,39853.781,37646.02215,39669.45842
1647302400,15/03/2022,BTC-USD,39669.45842,39951.26179,38275.41733,39298.49506
1647388800,16/03/2022,BTC-USD,39298.49506,41618.43346,38986.70132,41124.79211
1647475200,17/03/2022,BTC-USD,41124.79211,41615.10388,40616.78177,41019.18593
1647561600,18/03/2022,BTC-USD,41019.18593,42371.73267,40255.68667,41788.11589
1647648000,19/03/2022,BTC-USD,41788.11589,42387.04676,41570.55328,42227.18221
1647734400,20/03/2022,BTC-USD,42227.18221,42308.63581,40970.68652,41265.78878
1647820800,21/03/2022,BTC-USD,41265.78878,42038.41719,40558.51127,41072.27574
1647907200,22/03/2022,BTC-USD,41072.27574,43336.68178,40902.3743,42383.42845
1647993600,23/03/2022,BTC-USD,42383.42845,43023.32283,41816.54462,42908.01529
1648080000,24/03/2022,BTC-USD,42908.01529,44198.46052,42698.36087,43995.05446
1648166400,25/03/2022,BTC-USD,43995.05446,45072.89597,43684.61616,44324.14566
1648252800,26/03/2022,BTC-USD,44324.14566,44863.6758,44138.9357,44543.26183
1648339200,27/03/2022,BTC-USD,44543.26183,46867.64779,44438.7268,46829.19254
1648425600,28/03/2022,BTC-USD,46829.19254,48164.77902,46649.04079,47109.59003
1648512000,29/03/2022,BTC-USD,47109.59003,48079.35197,47042.89876,47444.2536
1648598400,30/03/2022,BTC-USD,47444.2536,47677.26585,46696.02244,47046.55887
1648684800,31/03/2022,BTC-USD,47046.55887,47567.90423,45254.42465,45539.30305
1648771200,01/04/2022,BTC-USD,45539.30305,46717.2622,44309.65177,46294.54565
1648857600,02/04/2022,BTC-USD,46294.54565,47153.67428,45705.74409,45820.75744
1648944000,03/04/2022,BTC-USD,45820.75744,47478.18899,45593.8011,46421.89502
1649030400,04/04/2022,BTC-USD,46421.89502,46884.57561,45203.79759,46629.56085
1649116800,05/04/2022,BTC-USD,46629.56085,47297.30023,45500.81181,45518.81145
1649203200,06/04/2022,BTC-USD,45518.81145,45770.74359,43153.9794,43191.67134
1649289600,07/04/2022,BTC-USD,43191.67134,44066.64874,42810.05275,43467.24723
1649376000,08/04/2022,BTC-USD,43467.24723,44739.78298,42152.41595,42332.02473
1649462400,09/04/2022,BTC-USD,42332.02473,43702.17905,42158.48702,42768.68684
1649548800,10/04/2022,BTC-USD,42768.68684,43638.23924,41944.61313,42149.96638
1649635200,11/04/2022,BTC-USD,42149.96638,42681.28828,39284.19424,39547.33142
1649721600,12/04/2022,BTC-USD,39547.33142,41407.859,39325.58547,40094.03901
1649808000,13/04/2022,BTC-USD,40094.03901,41814.39209,39644.84724,41161.53001
1649894400,14/04/2022,BTC-USD,41161.53001,41685.43671,39640.74531,39953.58375
1649980800,15/04/2022,BTC-USD,39953.58375,40898.60036,39811.93024,40584.03261
1650067200,16/04/2022,BTC-USD,40584.03261,41255.20194,40055.65443,40385.83537
1650153600,17/04/2022,BTC-USD,40385.83537,41183.81301,39590.71561,39720.17503
1650240000,18/04/2022,BTC-USD,39720.17503,41116.72738,38688.17262,40810.42662
1650326400,19/04/2022,BTC-USD,40810.42662,42123.91262,40583.45203,41498.84867
1650412800,20/04/2022,BTC-USD,41498.84867,42314.04765,40946.08536,41371.29528
1650499200,21/04/2022,BTC-USD,41371.29528,43012.91551,39931.56825,40490.44768
1650585600,22/04/2022,BTC-USD,40490.44768,41540.93145,39266.13855,39729.91874
1650672000,23/04/2022,BTC-USD,39729.91874,40441.57892,39336.95878,39446.55206
1650758400,24/04/2022,BTC-USD,39446.55206,39929.78427,39106.19602,39465.6448
1650844800,25/04/2022,BTC-USD,39465.6448,40720.22606,38274.26661,40473.13448
1650931200,26/04/2022,BTC-USD,40473.13448,41006.77968,37772.19775,38130.87897
1651017600,27/04/2022,BTC-USD,38130.87897,39432.72832,37900.75504,39240.78434
1651104000,28/04/2022,BTC-USD,39240.78434,40451.37802,38927.94088,39769.02072
1651190400,29/04/2022,BTC-USD,39769.02072,40160.93615,38215.2957,38603.07329
1651276800,30/04/2022,BTC-USD,38603.07329,38842.06179,37654.35069,37690.6156
1651363200,01/05/2022,BTC-USD,37690.6156,38671.15904,37486.09232,38480.68296
1651449600,02/05/2022,BTC-USD,38480.68296,39290.79919,38094.97792,38526.9428
1651536000,03/05/2022,BTC-USD,38526.9428,38828.69694,37551.36387,37736.5824
1651622400,04/05/2022,BTC-USD,37736.5824,39993.35368,37736.5824,39694.62681
1651708800,05/05/2022,BTC-USD,39694.62681,40155.14332,35725.61991,36577.77548
1651795200,06/05/2022,BTC-USD,36577.77548,37016.55032,35384.12868,36010.79971
1651881600,07/05/2022,BTC-USD,36010.79971,36897.9756,34901.17037,35492.27229
1651968000,08/05/2022,BTC-USD,35492.27229,35497.38634,33798.94519,34056.32761
1652054400,09/05/2022,BTC-USD,34056.32761,34220.03698,30115.52992,30115.52992
1652140800,10/05/2022,BTC-USD,30115.52992,32583.90415,29823.50577,31013.0903
1652227200,11/05/2022,BTC-USD,31013.0903,32067.02474,27894.42453,28955.34773
1652313600,12/05/2022,BTC-USD,28955.34773,30035.35966,25773.66535,28948.84687
1652400000,13/05/2022,BTC-USD,28948.84687,30961.90936,28754.1511,29277.01414
1652486400,14/05/2022,BTC-USD,29277.01414,30250.70533,28664.58418,30071.7584
1652572800,15/05/2022,BTC-USD,30071.7584,31359.77008,29511.99331,31306.45662
1652659200,16/05/2022,BTC-USD,31306.45662,31306.45662,29166.85935,29842.36659
1652745600,17/05/2022,BTC-USD,29842.36659,30723.28963,29475.23831,30428.38856
1652832000,18/05/2022,BTC-USD,30428.38856,30652.38078,28652.34376,28675.21587
1652918400,19/05/2022,BTC-USD,28675.21587,30487.06613,28675.21587,30297.31887
1653004800,20/05/2022,BTC-USD,30297.31887,30716.2934,28739.37273,29170.83888
1653091200,21/05/2022,BTC-USD,29170.83888,29607.08929,28983.12711,29427.37023
1653177600,22/05/2022,BTC-USD,29427.37023,30424.13833,29260.9171,30264.45863
1653264000,23/05/2022,BTC-USD,30264.45863,30621.38663,28884.00738,29087.27513
1653350400,24/05/2022,BTC-USD,29087.27513,29788.6425,28711.76953,29627.50688
1653436800,25/05/2022,BTC-USD,29627.50688,30198.88013,29359.466,29526.20953
1653523200,26/05/2022,BTC-USD,29526.20953,29874.44097,28137.44917,29189.80198
1653609600,27/05/2022,BTC-USD,29189.80198,29372.163,28283.06061,28593.64734
1653696000,28/05/2022,BTC-USD,28593.64734,29621.21364,28528.28429,29023.69635
1653782400,29/05/2022,BTC-USD,29023.69635,30212.16194,28841.0387,29453.88237
1653868800,30/05/2022,BTC-USD,29453.88237,32080.67732,29312.04251,31707.04772
1653955200,31/05/2022,BTC-USD,31707.04772,32297.65279,31246.92704,31763.98813
1654041600,01/06/2022,BTC-USD,31763.98813,31940.54143,29412.52588,29780.37873
1654128000,02/06/2022,BTC-USD,29780.37873,30613.88475,29616.55629,30445.67714
1654214400,03/06/2022,BTC-USD,30445.67714,30819.76641,29329.18052,29692.2803
1654300800,04/06/2022,BTC-USD,29692.2803,30127.01876,29481.13584,29851.97318
1654387200,05/06/2022,BTC-USD,29851.97318,30169.68208,29544.70317,29906.70162
1654473600,06/06/2022,BTC-USD,29906.70162,31771.76569,29863.07378,31359.00526
1654560000,07/06/2022,BTC-USD,31359.00526,31551.41662,29255.46723,31119.77781
1654646400,08/06/2022,BTC-USD,31119.77781,31274.65551,29863.16417,30194.16578
1654732800,09/06/2022,BTC-USD,30194.16578,30618.55453,29943.5471,30088.19926
1654819200,10/06/2022,BTC-USD,30088.19926,30441.35182,28905.56259,29066.86086
1654905600,11/06/2022,BTC-USD,29066.86086,29676.20553,28155.55037,28398.21278
1654992000,12/06/2022,BTC-USD,28398.21278,28535.67616,26593.43644,26593.43644
1655078400,13/06/2022,BTC-USD,26593.43644,26813.07394,22003.18687,22445.14364
1655164800,14/06/2022,BTC-USD,22445.14364,23149.84735,20867.62844,22138.96982
1655251200,15/06/2022,BTC-USD,22138.96982,22685.36998,20130.40909,22571.05762
1655337600,16/06/2022,BTC-USD,22571.05762,22931.8223,20230.2912,20380.53258
1655424000,17/06/2022,BTC-USD,20380.53258,21286.73146,20223.93244,20444.84315
1655510400,18/06/2022,BTC-USD,20444.84315,20744.72842,17635.39209,18973.10245
1655596800,19/06/2022,BTC-USD,18973.10245,20751.95601,17977.26682,20559.50509
1655683200,20/06/2022,BTC-USD,20559.50509,20955.44889,19645.34288,20558.62867
1655769600,21/06/2022,BTC-USD,20558.62867,21641.04681,20358.04281,20708.9008
1655856000,22/06/2022,BTC-USD,20708.9008,20855.00472,19783.24893,19960.21867
1655942400,23/06/2022,BTC-USD,19960.21867,21161.56952,19918.24649,21084.09326
1656028800,24/06/2022,BTC-USD,21084.09326,21467.4455,20749.14309,21214.66923
1656115200,25/06/2022,BTC-USD,21214.66923,22067.16424,20926.67171,21486.77953
1656201600,26/06/2022,BTC-USD,21486.77953,21821.89647,20999.84656,21035.963
1656288000,27/06/2022,BTC-USD,21035.963,21919.69632,20562.23098,20707.68869
1656374400,28/06/2022,BTC-USD,20707.68869,21169.95371,20203.92926,20261.32249
1656460800,29/06/2022,BTC-USD,20261.32249,20371.19543,19879.95074,20101.41003
1656547200,30/06/2022,BTC-USD,20101.41003,20140.58377,18680.61377,19908.42083
1656633600,01/07/2022,BTC-USD,19908.42083,20742.18659,19006.15877,19252.16382
1656720000,02/07/2022,BTC-USD,19252.16382,19410.69142,18989.08396,19232.35964
1656806400,03/07/2022,BTC-USD,19232.35964,19597.98448,18828.275,19298.69096
1656892800,04/07/2022,BTC-USD,19298.69096,20288.31999,19047.72228,20208.12585
1656979200,05/07/2022,BTC-USD,20208.12585,20686.84987,19308.27343,20177.87196
1657065600,06/07/2022,BTC-USD,20177.87196,20625.14231,19758.14742,20542.40839
1657152000,07/07/2022,BTC-USD,20542.40839,21809.34782,20264.84238,21632.72644
1657238400,08/07/2022,BTC-USD,21632.72644,22328.42101,21214.67628,21599.31042
1657324800,09/07/2022,BTC-USD,21599.31042,21940.52254,21378.59021,21583.83581
1657411200,10/07/2022,BTC-USD,21583.83581,21587.92731,20696.55923,20841.40203
1657497600,11/07/2022,BTC-USD,20841.40203,20841.40203,19893.17128,19953.64634
1657584000,12/07/2022,BTC-USD,19953.64634,20045.08681,19272.22091,19314.56814
1657670400,13/07/2022,BTC-USD,19314.56814,20239.03255,18945.01501,20239.03255
1657756800,14/07/2022,BTC-USD,20239.03255,20840.12332,19661.49019,20587.82865
1657843200,15/07/2022,BTC-USD,20587.82865,21170.23685,20397.23745,20823.48729
1657929600,16/07/2022,BTC-USD,20823.48729,21558.21726,20487.25054,21209.92515
1658016000,17/07/2022,BTC-USD,21209.92515,21698.12963,20761.0752,20787.27479
1658102400,18/07/2022,BTC-USD,20787.27479,22708.87173,20775.54533,22497.15215
1658188800,19/07/2022,BTC-USD,22497.15215,23752.47666,21620.59289,23407.33496
1658275200,20/07/2022,BTC-USD,23407.33496,24240.41946,22955.14298,23221.32963
1658361600,21/07/2022,BTC-USD,23221.32963,23427.73801,22381.66343,23151.35777
1658448000,22/07/2022,BTC-USD,23151.35777,23786.03179,22538.72079,22701.41809
1658534400,23/07/2022,BTC-USD,22701.41809,23055.17502,21984.61312,22463.2047
1658620800,24/07/2022,BTC-USD,22463.2047,23011.34595,22289.60635,22587.34123
1658707200,25/07/2022,BTC-USD,22587.34123,22679.56292,21291.11107,21316.76999
1658793600,26/07/2022,BTC-USD,21316.76999,21316.76999,20747.44168,21269.87456
1658880000,27/07/2022,BTC-USD,21269.87456,23147.24723,21079.35762,22962.81822
1658966400,28/07/2022,BTC-USD,22962.81822,24166.28545,22649.60192,23858.06629
1659052800,29/07/2022,BTC-USD,23858.06629,24341.7515,23483.53534,23776.60776
1659139200,30/07/2022,BTC-USD,23776.60776,24598.36375,23550.99799,23649.59492
1659225600,31/07/2022,BTC-USD,23649.59492,24174.67128,23259.28417,23313.85279
1659312000,01/08/2022,BTC-USD,23313.85279,23534.73095,22876.94613,23283.72738
1659398400,02/08/2022,BTC-USD,23283.72738,23410.00599,22652.55338,23002.23508
1659484800,03/08/2022,BTC-USD,23002.23508,23602.37785,22713.63651,22845.08541
1659571200,04/08/2022,BTC-USD,22845.08541,23241.84779,22454.24079,22622.43158
1659657600,05/08/2022,BTC-USD,22622.43158,23447.61626,22575.66091,23306.97859
1659744000,06/08/2022,BTC-USD,23306.97859,23388.54377,22935.22971,22953.14568
1659830400,07/08/2022,BTC-USD,22953.14568,23388.95693,22863.5282,23182.48176
1659916800,08/08/2022,BTC-USD,23182.48176,24237.93563,23182.48176,23824.737
1660003200,09/08/2022,BTC-USD,23824.737,23942.76045,22907.97665,23158.79492
1660089600,10/08/2022,BTC-USD,23158.79492,24192.37313,22764.8097,23961.20726
1660176000,11/08/2022,BTC-USD,23961.20726,24862.69524,23888.42378,23949.52049
1660262400,12/08/2022,BTC-USD,23949.52049,24444.52139,23638.81026,24411.32851
1660348800,13/08/2022,BTC-USD,24411.32851,24888.10946,24326.49248,24449.7898
1660435200,14/08/2022,BTC-USD,24449.7898,25092.89039,24181.20037,24313.18327
1660521600,15/08/2022,BTC-USD,24313.18327,25180.37617,23805.2086,24097.68572
1660608000,16/08/2022,BTC-USD,24097.68572,24243.2179,23705.07188,23867.67507
1660694400,17/08/2022,BTC-USD,23867.67507,24482.59721,23198.98759,23346.22523
1660780800,18/08/2022,BTC-USD,23346.22523,23749.30348,23146.97433,23203.13585
1660867200,19/08/2022,BTC-USD,23203.13585,23203.13585,20832.40598,20842.07816
1660953600,20/08/2022,BTC-USD,20842.07816,21388.23278,20808.37213,21143.93699
1661040000,21/08/2022,BTC-USD,21143.93699,21777.20015,21086.89802,21517.76318
1661126400,22/08/2022,BTC-USD,21517.76318,21517.76318,20897.1435,21407.26005
1661212800,23/08/2022,BTC-USD,21407.26005,21652.12185,20937.50638,21519.07656
1661299200,24/08/2022,BTC-USD,21519.07656,21882.72448,21165.63822,21367.5124
1661385600,25/08/2022,BTC-USD,21367.5124,21790.56203,21347.30159,21566.82257
1661472000,26/08/2022,BTC-USD,21566.82257,21784.47569,20128.92551,20252.69531
1661558400,27/08/2022,BTC-USD,20252.69531,20336.78491,19851.91155,20038.938
1661644800,28/08/2022,BTC-USD,20038.938,20134.54358,19557.60677,19558.41028
1661731200,29/08/2022,BTC-USD,19558.41028,20401.13739,19558.41028,20301.36355
1661817600,30/08/2022,BTC-USD,20301.36355,20547.19601,19593.76619,19803.71227
1661904000,31/08/2022,BTC-USD,19803.71227,20434.49947,19803.71227,20050.23068
1661990400,01/09/2022,BTC-USD,20050.23068,20542.38002,19598.53718,20132.43513
1662076800,02/09/2022,BTC-USD,20132.43513,20419.39447,19776.63668,19958.15463
1662163200,03/09/2022,BTC-USD,19958.15463,20041.88405,19671.93434,19839.19573
1662249600,04/09/2022,BTC-USD,19839.19573,20008.69021,19592.99218,19998.24969
1662336000,05/09/2022,BTC-USD,19998.24969,20049.10274,19659.31867,19792.16361
1662422400,06/09/2022,BTC-USD,19792.16361,20117.96323,18723.75832,18790.90692
1662508800,07/09/2022,BTC-USD,18790.90692,19436.83999,18592.02824,19282.78698
1662595200,08/09/2022,BTC-USD,19282.78698,19441.81063,19047.48977,19311.09852
1662681600,09/09/2022,BTC-USD,19311.09852,21539.43959,19311.09852,21508.88547
1662768000,10/09/2022,BTC-USD,21508.88547,21795.73111,21144.55569,21655.63176
1662854400,11/09/2022,BTC-USD,21655.63176,21866.53065,21365.42833,21819.87413
1662940800,12/09/2022,BTC-USD,21819.87413,22469.86151,21599.15033,22397.75563
1663027200,13/09/2022,BTC-USD,22397.75563,22641.17956,19946.86128,20175.35686
1663113600,14/09/2022,BTC-USD,20175.35686,20513.74606,19665.21564,20230.10265
1663200000,15/09/2022,BTC-USD,20230.10265,20324.12798,19545.1797,19703.33009
1663286400,16/09/2022,BTC-USD,19703.33009,19885.9448,19361.57074,19801.21916
1663372800,17/09/2022,BTC-USD,19801.21916,20174.33918,19759.52463,20116.12875
1663459200,18/09/2022,BTC-USD,20116.12875,20119.54875,19359.70692,19419.21145
1663545600,19/09/2022,BTC-USD,19419.21145,19668.63258,18360.24949,19543.35655
1663632000,20/09/2022,BTC-USD,19543.35655,19605.75895,18768.9641,18878.70161
1663718400,21/09/2022,BTC-USD,18878.70161,19712.52998,18266.76515,18490.92947
1663804800,22/09/2022,BTC-USD,18490.92947,19501.21335,18394.47268,19409.75345
1663891200,23/09/2022,BTC-USD,19409.75345,19453.59672,18554.6001,19290.20127
1663977600,24/09/2022,BTC-USD,19290.20127,19306.34619,18823.27699,18923.03961
1664064000,25/09/2022,BTC-USD,18923.03961,19146.12871,18693.04888,18799.59812
1664150400,26/09/2022,BTC-USD,18799.59812,19275.63921,18703.41998,19227.25476
1664236800,27/09/2022,BTC-USD,19227.25476,20344.5193,18854.88436,19091.64127
1664323200,28/09/2022,BTC-USD,19091.64127,19716.69603,18522.39436,19411.55727
1664409600,29/09/2022,BTC-USD,19411.55727,19616.914,18887.5418,19592.38314
1664496000,30/09/2022,BTC-USD,19592.38314,20152.4427,19232.91299,19424.3694
1664582400,01/10/2022,BTC-USD,19424.3694,19477.71457,19211.72062,19309.0114
1664668800,02/10/2022,BTC-USD,19309.0114,19386.5635,18948.24498,19054.68333
1664755200,03/10/2022,BTC-USD,19054.68333,19675.41605,19003.65138,19627.17601
1664841600,04/10/2022,BTC-USD,19627.17601,20417.57905,19526.32533,20344.64897
1664928000,05/10/2022,BTC-USD,20344.64897,20348.49974,19772.12135,20162.22213
1665014400,06/10/2022,BTC-USD,20162.22213,20423.99405,19877.58843,19952.39401
1665100800,07/10/2022,BTC-USD,19952.39401,20036.13189,19351.8368,19533.32863
1665187200,08/10/2022,BTC-USD,19533.32863,19616.67388,19290.58496,19415.96797
1665273600,09/10/2022,BTC-USD,19415.96797,19552.51101,19327.08825,19443.04626
1665360000,10/10/2022,BTC-USD,19443.04626,19514.6436,19082.0948,19133.27668
1665446400,11/10/2022,BTC-USD,19133.27668,19248.11528,18880.99941,19058.15903
1665532800,12/10/2022,BTC-USD,19058.15903,19209.96777,19005.87753,19156.94793
1665619200,13/10/2022,BTC-USD,19156.94793,19821.40192,18263.73464,19379.69334
1665705600,14/10/2022,BTC-USD,19379.69334,19914.40634,19100.92339,19180.01588
1665792000,15/10/2022,BTC-USD,19180.01588,19338.14477,19011.97636,19066.48626
1665878400,16/10/2022,BTC-USD,19066.48626,19578.41856,19066.48626,19262.29562
1665964800,17/10/2022,BTC-USD,19262.29562,19659.47815,19118.10074,19548.61748
1666051200,18/10/2022,BTC-USD,19548.61748,19687.20487,19112.82916,19330.84746
1666137600,19/10/2022,BTC-USD,19330.84746,19335.69923,19103.25434,19126.92203
1666224000,20/10/2022,BTC-USD,19126.92203,19324.68064,18946.13882,19045.46806
1666310400,21/10/2022,BTC-USD,19045.46806,19239.07675,18745.78823,19168.14086
1666396800,22/10/2022,BTC-USD,19168.14086,19261.88192,19117.27648,19207.69636
1666483200,23/10/2022,BTC-USD,19207.69636,19665.38077,19107.11624,19569.73258
1666569600,24/10/2022,BTC-USD,19569.73258,19577.09292,19179.72627,19332.88018
1666656000,25/10/2022,BTC-USD,19332.88018,20393.19741,19261.02822,20086.60133
1666742400,26/10/2022,BTC-USD,20086.60133,20989.5277,20078.52467,20773.42645
1666828800,27/10/2022,BTC-USD,20773.42645,20860.10531,20234.52766,20289.5829
1666915200,28/10/2022,BTC-USD,20289.5829,20741.96437,20059.53484,20596.051
1667001600,29/10/2022,BTC-USD,20596.051,21034.22425,20564.89142,20807.86309
1667088000,30/10/2022,BTC-USD,20807.86309,20913.66554,20524.66056,20625.13576
1667174400,31/10/2022,BTC-USD,20625.13576,20802.51267,20262.7677,20494.92573
1667260800,01/11/2022,BTC-USD,20494.92573,20653.85044,20341.15239,20482.19758
1667347200,02/11/2022,BTC-USD,20482.19758,20721.69127,20068.22715,20153.43758
1667433600,03/11/2022,BTC-USD,20153.43758,20352.66529,20062.91436,20205.20832
1667520000,04/11/2022,BTC-USD,20205.20832,21285.04548,20205.20832,21145.1213
1667606400,05/11/2022,BTC-USD,21145.1213,21464.49781,21090.92682,21300.49733
1667692800,06/11/2022,BTC-USD,21300.49733,21350.84296,20902.45807,20918.72186
1667779200,07/11/2022,BTC-USD,20918.72186,21086.08529,20424.24227,20591.58106
1667865600,08/11/2022,BTC-USD,20591.58106,20695.48188,17347.87173,18549.80961
1667952000,09/11/2022,BTC-USD,18549.80961,18594.77218,15641.6746,15912.8757
1668038400,10/11/2022,BTC-USD,15912.8757,18218.72561,15894.82396,17628.38041
1668124800,11/11/2022,BTC-USD,17628.38041,18165.2524,16495.85681,17054.12627
1668211200,12/11/2022,BTC-USD,17054.12627,17098.33496,16635.63309,16778.37348
1668297600,13/11/2022,BTC-USD,16778.37348,16903.85241,16251.693,16331.08604
1668384000,14/11/2022,BTC-USD,16331.08604,17127.38412,15818.80239,16616.11492
1668470400,15/11/2022,BTC-USD,16616.11492,17080.41269,16554.26198,16887.1041
1668556800,16/11/2022,BTC-USD,16887.1041,16974.23911,16399.28271,16662.25715
1668643200,17/11/2022,BTC-USD,16662.25715,16727.69127,16419.95671,16683.86459
1668729600,18/11/2022,BTC-USD,16683.86459,16967.3005,16548.02136,16690.50616
1668816000,19/11/2022,BTC-USD,16690.50616,16805.64312,16555.20612,16694.01737
1668902400,20/11/2022,BTC-USD,16694.01737,16737.15275,16204.21017,16275.40411
1668988800,21/11/2022,BTC-USD,16275.40411,16275.40411,15502.72952,15774.48324
1669075200,22/11/2022,BTC-USD,15774.48324,16270.56906,15640.3051,16205.82215
1669161600,23/11/2022,BTC-USD,16205.82215,16659.74135,16194.32138,16613.91131
1669248000,24/11/2022,BTC-USD,16613.91131,16790.78648,16473.48372,16596.70805
1669334400,25/11/2022,BTC-USD,16596.70805,16597.48646,16344.0957,16512.91703
1669420800,26/11/2022,BTC-USD,16512.91703,16684.64597,16394.93958,16453.32205
1669507200,27/11/2022,BTC-USD,16453.32205,16586.52233,16412.56201,16419.67939
1669593600,28/11/2022,BTC-USD,16419.67939,16469.33104,16005.85777,16210.77527
1669680000,29/11/2022,BTC-USD,16210.77527,16516.85113,16101.13185,16438.87024
1669766400,30/11/2022,BTC-USD,16438.87024,17218.56747,16438.87024,17172.13723
1669852800,01/12/2022,BTC-USD,17172.13723,17243.83427,16881.49938,16979.05619
1669939200,02/12/2022,BTC-USD,16979.05619,17096.83457,16826.81921,17096.81047
1670025600,03/12/2022,BTC-USD,17096.81047,17125.81066,16874.47142,16888.6496
1670112000,04/12/2022,BTC-USD,16888.6496,17174.76225,16888.6496,17118.46654
1670198400,05/12/2022,BTC-USD,17118.46654,17364.06812,16891.75474,16968.89083
1670284800,06/12/2022,BTC-USD,16968.89083,17101.19252,16919.9495,17089.93339
1670371200,07/12/2022,BTC-USD,17089.93339,17129.75076,16737.3562,16839.07376
1670457600,08/12/2022,BTC-USD,16839.07376,17289.83688,16778.98091,17226.21401
1670544000,09/12/2022,BTC-USD,17226.21401,17331.82543,17087.69491,17129.66012
1670630400,10/12/2022,BTC-USD,17129.66012,17220.69374,17106.5513,17129.18628
1670716800,11/12/2022,BTC-USD,17129.18628,17264.91771,17081.21309,17092.57107
1670803200,12/12/2022,BTC-USD,17092.57107,17235.61772,16886.57949,17208.8356
1670889600,13/12/2022,BTC-USD,17208.8356,17943.61868,17118.83153,17776.86986
1670976000,14/12/2022,BTC-USD,17776.86986,18352.50184,17691.46865,17800.52891
1671062400,15/12/2022,BTC-USD,17800.52891,17820.90882,17300.61384,17358.59997
1671148800,16/12/2022,BTC-USD,17358.59997,17510.83823,16556.25665,16636.30198
1671235200,17/12/2022,BTC-USD,16636.30198,16914.93268,16592.67137,16780.63747
1671321600,18/12/2022,BTC-USD,16780.63747,16819.02722,16673.315,16738.69262
1671408000,19/12/2022,BTC-USD,16738.69262,16810.40626,16335.17406,16441.5654
1671494400,20/12/2022,BTC-USD,16441.5654,17037.50818,16419.53629,16903.9869
1671580800,21/12/2022,BTC-USD,16903.9869,16915.37346,16740.51947,16825.60311
1671667200,22/12/2022,BTC-USD,16825.60311,16904.18393,16570.17227,16819.33979
1671753600,23/12/2022,BTC-USD,16819.33979,16924.96458,16768.7404,16776.57139
1671840000,24/12/2022,BTC-USD,16776.57139,16887.25322,16776.57139,16831.4919
1671926400,25/12/2022,BTC-USD,16831.4919,16914.99346,16737.60277,16832.54369
1672012800,26/12/2022,BTC-USD,16832.54369,16925.02406,16802.68851,16922.02313
1672099200,27/12/2022,BTC-USD,16922.02313,16955.39911,16605.75039,16701.53236
1672185600,28/12/2022,BTC-USD,16701.53236,16760.57507,16471.55067,16541.4723
1672272000,29/12/2022,BTC-USD,16541.4723,17033.60498,16497.58338,16640.12636
1672358400,30/12/2022,BTC-USD,16640.12636,16653.55735,16382.81939,16605.72386
1672444800,31/12/2022,BTC-USD,16605.72386,16630.72102,16491.31012,16537.34935
1672531200,01/01/2023,BTC-USD,16537.34935,16627.05556,16501.93581,16614.79962
1672617600,02/01/2023,BTC-USD,16614.79962,16767.14613,16546.62353,16671.84555
1672704000,03/01/2023,BTC-USD,16671.84555,16759.66618,16604.63055,16668.57474
1672790400,04/01/2023,BTC-USD,16668.57474,16969.68325,16661.0142,16855.15156
1672876800,05/01/2023,BTC-USD,16855.15156,16871.40891,16758.78478,16826.85308
1672963200,06/01/2023,BTC-USD,16826.85308,17018.3419,16738.46384,16950.68535
1673049600,07/01/2023,BTC-USD,16950.68535,17045.95729,16909.70208,16947.97869
1673136000,08/01/2023,BTC-USD,16947.97869,17127.59029,16898.48778,17120.2536
1673222400,09/01/2023,BTC-USD,17120.2536,17389.54595,17120.2536,17185.44263
1673308800,10/01/2023,BTC-USD,17185.44263,17489.87219,17151.96929,17444.3911
1673395200,11/01/2023,BTC-USD,17444.3911,17952.59529,17327.24868,17937.90851
1673481600,12/01/2023,BTC-USD,17937.90851,19050.65564,17930.96397,18853.03423
1673568000,13/01/2023,BTC-USD,18853.03423,20017.85976,18729.92411,19929.29642
1673654400,14/01/2023,BTC-USD,19929.29642,21195.26409,19902.10754,20955.51532
1673740800,15/01/2023,BTC-USD,20955.51532,21021.89121,20585.77042,20876.58327
1673827200,16/01/2023,BTC-USD,20876.58327,21399.22856,20700.66309,21186.60458
1673913600,17/01/2023,BTC-USD,21186.60458,21486.80916,20919.51588,21138.91647
1674000000,18/01/2023,BTC-USD,21138.91647,21573.14895,20458.82579,20678.33488
1674086400,19/01/2023,BTC-USD,20678.33488,21168.90989,20678.33488,21078.4545
1674172800,20/01/2023,BTC-USD,21078.4545,22716.85882,20888.21304,22682.20292
1674259200,21/01/2023,BTC-USD,22682.20292,23304.26314,22485.0656,22779.21381
1674345600,22/01/2023,BTC-USD,22779.21381,23071.23274,22346.76373,22718.13143
1674432000,23/01/2023,BTC-USD,22718.13143,23151.19688,22636.41247,22918.36999
1674518400,24/01/2023,BTC-USD,22918.36999,23363.22783,22509.4825,22638.90159
1674604800,25/01/2023,BTC-USD,22638.90159,23761.33637,22379.74925,23059.38516
1674691200,26/01/2023,BTC-USD,23059.38516,23256.81994,22888.72102,23019.91016
1674777600,27/01/2023,BTC-USD,23019.91016,23475.81185,22617.45377,23079.95579
1674864000,28/01/2023,BTC-USD,23079.95579,23443.52773,22897.60999,23036.01632
1674950400,29/01/2023,BTC-USD,23036.01632,23948.40602,22979.55671,23755.8523
1675036800,30/01/2023,BTC-USD,23755.8523,23784.34976,22592.58624,22836.79941
1675123200,31/01/2023,BTC-USD,22836.79941,23253.94163,22739.49331,23132.63663
1675209600,01/02/2023,BTC-USD,23132.63663,23834.01306,22841.14039,23730.89211
1675296000,02/02/2023,BTC-USD,23730.89211,24198.28063,23452.39678,23472.9379
1675382400,03/02/2023,BTC-USD,23472.9379,23676.92123,23238.38492,23427.29995
1675468800,04/02/2023,BTC-USD,23427.29995,23565.77874,23274.7207,23323.8704
1675555200,05/02/2023,BTC-USD,23323.8704,23409.53066,22796.59885,22939.88734
1675641600,06/02/2023,BTC-USD,22939.88734,23140.30869,22651.72803,22762.1604
1675728000,07/02/2023,BTC-USD,22762.1604,23333.70287,22762.1604,23250.84376
1675814400,08/02/2023,BTC-USD,23250.84376,23384.85345,22702.94803,22965.03537
1675900800,09/02/2023,BTC-USD,22965.03537,23001.09199,21720.73598,21799.44262
1675987200,10/02/2023,BTC-USD,21799.44262,21933.54677,21497.975,21632.21581
1676073600,11/02/2023,BTC-USD,21632.21581,21898.99815,21608.15795,21862.62602
1676160000,12/02/2023,BTC-USD,21862.62602,22073.41777,21645.33329,21790.25455
1676246400,13/02/2023,BTC-USD,21790.25455,21913.287,21426.10347,21792.52235
1676332800,14/02/2023,BTC-USD,21792.52235,22287.61363,21589.09691,22208.91996
1676419200,15/02/2023,BTC-USD,22208.91996,24329.03138,22033.49393,24323.51666
1676505600,16/02/2023,BTC-USD,24323.51666,25190.23645,23533.27695,23533.27695
1676592000,17/02/2023,BTC-USD,23533.27695,24972.68466,23371.87617,24571.61504
1676678400,18/02/2023,BTC-USD,24571.61504,24824.56287,24457.29525,24635.53389
1676764800,19/02/2023,BTC-USD,24635.53389,25095.64872,24254.27789,24279.63434
1676851200,20/02/2023,BTC-USD,24279.63434,25387.55779,23898.31053,24835.75589
1676937600,21/02/2023,BTC-USD,24835.75589,25140.84949,24165.57795,24444.10113
1677024000,22/02/2023,BTC-USD,24444.10113,24449.6667,23577.25854,24186.08858
1677110400,23/02/2023,BTC-USD,24186.08858,24579.1399,23631.66226,23939.66883
1677196800,24/02/2023,BTC-USD,23939.66883,24072.34357,22917.01745,23194.49933
1677283200,25/02/2023,BTC-USD,23194.49933,23213.1157,22798.22907,23163.04935
1677369600,26/02/2023,BTC-USD,23163.04935,23662.37308,23060.17449,23557.22291
1677456000,27/02/2023,BTC-USD,23557.22291,23873.20798,23158.38163,23499.83098
1677542400,28/02/2023,BTC-USD,23499.83098,23569.26391,23024.91562,23131.29846
1677628800,01/03/2023,BTC-USD,23131.29846,23922.0339,23053.78082,23649.48039
1677715200,02/03/2023,BTC-USD,23649.48039,23760.82535,23219.22807,23470.0362
1677801600,03/03/2023,BTC-USD,23470.0362,23511.94599,22118.55825,22361.11917
1677888000,04/03/2023,BTC-USD,22361.11917,22410.7593,22183.03432,22355.83062
1677974400,05/03/2023,BTC-USD,22355.83062,22609.19592,22251.51242,22429.49086
1678060800,06/03/2023,BTC-USD,22429.49086,22588.94006,22326.16545,22412.67053
1678147200,07/03/2023,BTC-USD,22412.67053,22466.48537,21974.22632,22200.25072
1678233600,08/03/2023,BTC-USD,22200.25072,22265.90463,21692.89509,21710.69903
1678320000,09/03/2023,BTC-USD,21710.69903,21819.16301,20153.17265,20375.68347
1678406400,10/03/2023,BTC-USD,20375.68347,20382.18958,19614.28642,20213.76299
1678492800,11/03/2023,BTC-USD,20213.76299,20851.36407,19928.47102,20620.20778
1678579200,12/03/2023,BTC-USD,20620.20778,22165.78283,20435.6409,22145.88443
1678665600,13/03/2023,BTC-USD,22145.88443,24652.06601,21959.10158,24208.7268
1678752000,14/03/2023,BTC-USD,24208.7268,26426.12072,24094.11175,24763.56374
1678838400,15/03/2023,BTC-USD,24763.56374,25199.76226,23990.04212,24380.33669
1678924800,16/03/2023,BTC-USD,24380.33669,25187.53059,24241.23342,25057.72045
1679011200,17/03/2023,BTC-USD,25057.72045,27769.43306,24963.00851,27449.21254
1679097600,18/03/2023,BTC-USD,27449.21254,27719.31726,26784.04873,26990.20991
1679184000,19/03/2023,BTC-USD,26990.20991,28403.3407,26913.39498,28043.86859
1679270400,20/03/2023,BTC-USD,28043.86859,28501.03921,27255.24342,27808.54774
1679356800,21/03/2023,BTC-USD,27808.54774,28481.70135,27429.40642,28200.52896
1679443200,22/03/2023,BTC-USD,28200.52896,28861.14634,26761.10157,27351.06725
1679529600,23/03/2023,BTC-USD,27351.06725,28767.88503,27223.37118,28365.40526
1679616000,24/03/2023,BTC-USD,28365.40526,28430.29812,27088.57102,27508.97787
1679702400,25/03/2023,BTC-USD,27508.97787,27817.76037,27178.33204,27522.85669
1679788800,26/03/2023,BTC-USD,27522.85669,28203.69954,27288.43085,28018.32247
1679875200,27/03/2023,BTC-USD,28018.32247,28060.73519,26639.66659,27176.12063
1679961600,28/03/2023,BTC-USD,27176.12063,27476.9643,26689.60207,27286.65617
1680048000,29/03/2023,BTC-USD,27286.65617,28620.27083,27186.34717,28364.92687
1680134400,30/03/2023,BTC-USD,28364.92687,29168.28069,27751.93304,28063.43944
1680220800,31/03/2023,BTC-USD,28063.43944,28661.52495,27613.97957,28497.20815
1680307200,01/04/2023,BTC-USD,28497.20815,28805.56103,28303.56375,28481.89546
1680393600,02/04/2023,BTC-USD,28481.89546,28539.35945,27898.29467,28215.13724
1680480000,03/04/2023,BTC-USD,28215.13724,28489.57576,27318.64797,27815.07888
1680566400,04/04/2023,BTC-USD,27815.07888,28429.57664,27663.34505,28183.47969
1680652800,05/04/2023,BTC-USD,28183.47969,28740.69916,27862.17132,28183.11274
1680739200,06/04/2023,BTC-USD,28183.11274,28184.66509,27759.64393,28046.59364
1680825600,07/04/2023,BTC-USD,28046.59364,28118.26556,27731.63404,27923.82968
1680912000,08/04/2023,BTC-USD,27923.82968,28159.72633,27885.93273,27964.86027
1680998400,09/04/2023,BTC-USD,27964.86027,28532.87808,27851.91007,28342.28009
1681084800,10/04/2023,BTC-USD,28342.28009,29757.89791,28206.08653,29651.82592
1681171200,11/04/2023,BTC-USD,29651.82592,30511.82462,29605.47766,30230.40279
1681257600,12/04/2023,BTC-USD,30230.40279,30476.12338,29726.87691,29908.96836
1681344000,13/04/2023,BTC-USD,29908.96836,30570.33206,29908.96836,30418.11777
1681430400,14/04/2023,BTC-USD,30418.11777,30992.17115,30043.11834,30495.99365
1681516800,15/04/2023,BTC-USD,30495.99365,30610.36215,30243.86333,30326.25428
1681603200,16/04/2023,BTC-USD,30326.25428,30554.28597,30169.85362,30319.33921
1681689600,17/04/2023,BTC-USD,30319.33921,30319.33921,29287.27582,29454.28861
1681776000,18/04/2023,BTC-USD,29454.28861,30472.07052,29166.30327,30392.17746
1681862400,19/04/2023,BTC-USD,30392.17746,30410.43299,28691.45719,28838.33655
1681948800,20/04/2023,BTC-USD,28838.33655,29091.47679,28047.58491,28256.59325
1682035200,21/04/2023,BTC-USD,28256.59325,28371.49862,27192.63725,27284.24469
1682121600,22/04/2023,BTC-USD,27284.24469,27896.42899,27177.9463,27841.7755
1682208000,23/04/2023,BTC-USD,27841.7755,27841.7755,27407.49949,27607.83474
1682294400,24/04/2023,BTC-USD,27607.83474,27991.53315,27078.82055,27541.58078
1682380800,25/04/2023,BTC-USD,27541.58078,28397.48205,27230.79217,28305.87913
1682467200,26/04/2023,BTC-USD,28305.87913,29994.41068,27423.50126,28527.30216
1682553600,27/04/2023,BTC-USD,28527.30216,29871.16829,28496.07126,29491.44057
1682640000,28/04/2023,BTC-USD,29491.44057,29588.19255,28966.46578,29342.49439
1682726400,29/04/2023,BTC-USD,29342.49439,29461.10323,29109.1034,29279.6789
1682812800,30/04/2023,BTC-USD,29279.6789,29962.79482,29130.21669,29269.32842
1682899200,01/05/2023,BTC-USD,29269.32842,29344.10871,27708.06021,28104.48631
1682985600,02/05/2023,BTC-USD,28104.48631,28891.43589,27915.66088,28696.61917
1683072000,03/05/2023,BTC-USD,28696.61917,29268.1723,28202.72675,29037.99334
1683158400,04/05/2023,BTC-USD,29037.99334,29369.31601,28718.95755,28878.60299
1683244800,05/05/2023,BTC-USD,28878.60299,29882.50713,28871.60912,29563.51997
1683331200,06/05/2023,BTC-USD,29563.51997,29842.69494,28506.02756,28933.29551
1683417600,07/05/2023,BTC-USD,28933.29551,29303.77623,28498.50194,28498.50194
1683504000,08/05/2023,BTC-USD,28498.50194,28927.23806,27365.35712,27736.66731
1683590400,09/05/2023,BTC-USD,27736.66731,27937.84445,27434.72382,27666.16633
1683676800,10/05/2023,BTC-USD,27666.16633,28336.10148,26965.13602,27639.93012
1683763200,11/05/2023,BTC-USD,27639.93012,27640.75596,26797.98157,26999.79518
1683849600,12/05/2023,BTC-USD,26999.79518,27061.39428,25882.70857,26819.54471
1683936000,13/05/2023,BTC-USD,26819.54471,27008.6723,26720.9853,26798.59864
1684022400,14/05/2023,BTC-USD,26798.59864,27165.97064,26671.74177,26933.80206
1684108800,15/05/2023,BTC-USD,26933.80206,27671.26803,26775.57778,27197.70404
1684195200,16/05/2023,BTC-USD,27197.70404,27309.82222,26902.39257,27046.49462
1684281600,17/05/2023,BTC-USD,27046.49462,27468.61714,26611.47006,27408.67455
1684368000,18/05/2023,BTC-USD,27408.67455,27465.37659,26445.50393,26838.96685
1684454400,19/05/2023,BTC-USD,26838.96685,27150.7017,26747.32582,26897.86825
1684540800,20/05/2023,BTC-USD,26897.86825,27164.78875,26783.45195,27132.42535
1684627200,21/05/2023,BTC-USD,27132.42535,27273.44038,26718.21715,26767.97294
1684713600,22/05/2023,BTC-USD,26767.97294,27072.48614,26567.60853,26869.94506
1684800000,23/05/2023,BTC-USD,26869.94506,27457.42555,26825.48911,27232.20678
1684886400,24/05/2023,BTC-USD,27232.20678,27232.20678,26129.62458,26347.40193
1684972800,25/05/2023,BTC-USD,26347.40193,26583.48328,25931.95955,26487.33997
1685059200,26/05/2023,BTC-USD,26487.33997,26906.24189,26347.41904,26723.73982
1685145600,27/05/2023,BTC-USD,26723.73982,26889.7209,26617.81157,26872.13926
1685232000,28/05/2023,BTC-USD,26872.13926,28210.98907,26802.20688,28084.33869
1685318400,29/05/2023,BTC-USD,28084.33869,28427.99554,27561.21113,27748.82499
1685404800,30/05/2023,BTC-USD,27748.82499,28047.58933,27612.92559,27710.97304
1685491200,31/05/2023,BTC-USD,27710.97304,27833.33443,26882.48704,27230.30804
1685577600,01/06/2023,BTC-USD,27230.30804,27444.33415,26678.63274,26829.2996
1685664000,02/06/2023,BTC-USD,26829.2996,27334.01125,26589.20026,27260.12988
1685750400,03/06/2023,BTC-USD,27260.12988,27329.85308,26974.56332,27086.31726
1685836800,04/06/2023,BTC-USD,27086.31726,27425.58544,26979.64493,27135.79041
1685923200,05/06/2023,BTC-USD,27135.79041,27140.59325,25456.34653,25765.79632
1686009600,06/06/2023,BTC-USD,25765.79632,27344.79873,25467.62696,27248.32465
1686096000,07/06/2023,BTC-USD,27248.32465,27525.72617,26194.99074,26613.1698
1686182400,08/06/2023,BTC-USD,26613.1698,26798.39331,26278.09569,26521.15297
1686268800,09/06/2023,BTC-USD,26521.15297,26785.24226,26355.60681,26507.08901
1686355200,10/06/2023,BTC-USD,26507.08901,26535.16264,25539.10708,25881.43067
1686441600,11/06/2023,BTC-USD,25881.43067,26205.59709,25696.41889,25954.46332
1686528000,12/06/2023,BTC-USD,25954.46332,26093.38657,25665.86533,25989.89342
1686614400,13/06/2023,BTC-USD,25989.89342,26389.26728,25776.00884,25954.76121
1686700800,14/06/2023,BTC-USD,25954.76121,26157.77578,24925.94721,25172.51041
1686787200,15/06/2023,BTC-USD,25172.51041,25738.62631,24849.62216,25592.4132
1686873600,16/06/2023,BTC-USD,25592.4132,26462.14602,25290.94459,26346.90894
1686960000,17/06/2023,BTC-USD,26346.90894,26760.67583,26191.67975,26529.29679
1687046400,18/06/2023,BTC-USD,26529.29679,26740.71156,26337.96952,26352.32623
1687132800,19/06/2023,BTC-USD,26352.32623,27011.35681,26319.07587,26852.39217
1687219200,20/06/2023,BTC-USD,26852.39217,28397.59018,26694.45692,28318.36042
1687305600,21/06/2023,BTC-USD,28318.36042,30714.19838,28283.89454,30004.30666
1687392000,22/06/2023,BTC-USD,30004.30666,30459.36472,29688.13994,29903.09513
1687478400,23/06/2023,BTC-USD,29903.09513,31325.14269,29513.97332,30695.03196
1687564800,24/06/2023,BTC-USD,30695.03196,30813.91192,30107.30662,30547.25389
1687651200,25/06/2023,BTC-USD,30547.25389,31046.51611,30037.43662,30468.47547
1687737600,26/06/2023,BTC-USD,30468.47547,30633.50108,29913.69912,30295.2264
1687824000,27/06/2023,BTC-USD,30295.2264,30992.62873,29913.28394,30668.92434
1687910400,28/06/2023,BTC-USD,30668.92434,30709.09242,29948.61312,30101.2259
1687996800,29/06/2023,BTC-USD,30101.2259,30819.86486,29955.3565,30440.10232
1688083200,30/06/2023,BTC-USD,30440.10232,31265.99628,29721.44692,30437.74517
1688169600,01/07/2023,BTC-USD,30437.74517,30654.69848,29703.2145,30533.74618
1688256000,02/07/2023,BTC-USD,30533.74618,30779.43038,29956.73898,30629.06461
1688342400,03/07/2023,BTC-USD,30629.06461,31377.6928,30334.85975,31173.60047
1688428800,04/07/2023,BTC-USD,31173.60047,31315.41755,30268.3915,30804.93149
1688515200,05/07/2023,BTC-USD,30804.93149,30900.09512,29985.56476,30527.09695
1688601600,06/07/2023,BTC-USD,30527.09695,31467.18181,29658.56895,29930.32541
1688688000,07/07/2023,BTC-USD,29930.32541,30465.0776,29084.26303,30382.65232
1688774400,08/07/2023,BTC-USD,30382.65232,30409.31371,30065.26759,30323.01884
1688860800,09/07/2023,BTC-USD,30323.01884,30434.93282,28990.67016,30061.37435
1688947200,10/07/2023,BTC-USD,30061.37435,31027.74907,28926.99273,30414.39353
1689033600,11/07/2023,BTC-USD,30414.39353,30803.59013,30261.3382,30647.21872
1689120000,12/07/2023,BTC-USD,30647.21872,30938.23738,30260.07989,30413.99408
1689206400,13/07/2023,BTC-USD,30413.99408,31759.56457,30298.21147,31481.40814
1689292800,14/07/2023,BTC-USD,31481.40814,31576.37498,29978.24311,30345.7701
1689379200,15/07/2023,BTC-USD,30345.7701,30407.94654,30278.29423,30318.13408
1689465600,16/07/2023,BTC-USD,30318.13408,30447.45767,30136.85212,30254.02849
1689552000,17/07/2023,BTC-USD,30254.02849,30374.70584,29729.18991,30156.58442
1689638400,18/07/2023,BTC-USD,30156.58442,30244.93634,29678.14901,29884.35739
1689724800,19/07/2023,BTC-USD,29884.35739,30202.76509,29816.54666,29935.68912
1689811200,20/07/2023,BTC-USD,29935.68912,30421.35615,29130.51359,29811.48493
1689897600,21/07/2023,BTC-USD,29811.48493,30057.51046,29447.38642,29892.13654
1689984000,22/07/2023,BTC-USD,29892.13654,30034.55643,29683.0747,29804.35007
1690070400,23/07/2023,BTC-USD,29804.35007,30343.3515,29762.36926,30101.26457
1690156800,24/07/2023,BTC-USD,30101.26457,30132.95381,28931.27987,29206.06632
1690243200,25/07/2023,BTC-USD,29206.06632,29376.45392,29082.74152,29256.18758
1690329600,26/07/2023,BTC-USD,29256.18758,29716.77249,29150.69238,29375.30552
1690416000,27/07/2023,BTC-USD,29375.30552,29601.40376,29112.19559,29239.79132
1690502400,28/07/2023,BTC-USD,29239.79132,29535.78927,29057.6524,29335.44704
1690588800,29/07/2023,BTC-USD,29335.44704,29524.7775,29275.99657,29383.33647
1690675200,30/07/2023,BTC-USD,29383.33647,29513.31765,29117.14603,29364.38377
1690761600,31/07/2023,BTC-USD,29364.38377,29503.24257,29139.20041,29258.50769
1690848000,01/08/2023,BTC-USD,29258.50769,29703.81048,28678.80616,29703.81048
1690934400,02/08/2023,BTC-USD,29703.81048,30013.23935,28985.47271,29177.94782
1691020800,03/08/2023,BTC-USD,29177.94782,29388.02337,28980.3714,29184.47299
1691107200,04/08/2023,BTC-USD,29184.47299,29309.36019,28881.11867,29096.07014
1691193600,05/08/2023,BTC-USD,29096.07014,29140.41585,28970.92608,29072.43111
1691280000,06/08/2023,BTC-USD,29072.43111,29208.6558,28994.82131,29079.1216
1691366400,07/08/2023,BTC-USD,29079.1216,29264.3007,28740.15027,29197.98604
1691452800,08/08/2023,BTC-USD,29197.98604,30157.30554,29130.18568,29774.82244
1691539200,09/08/2023,BTC-USD,29774.82244,30098.2813,29377.93085,29579.46931
1691625600,10/08/2023,BTC-USD,29579.46931,29698.68728,29355.07022,29439.06889
1691712000,11/08/2023,BTC-USD,29439.06889,29522.47466,29276.96828,29408.13854
1691798400,12/08/2023,BTC-USD,29408.13854,29485.39278,29363.13884,29431.23912
1691884800,13/08/2023,BTC-USD,29431.23912,29506.66919,29273.43211,29294.0071
1691971200,14/08/2023,BTC-USD,29294.0071,29665.62153,29114.48079,29414.4402
1692057600,15/08/2023,BTC-USD,29414.4402,29451.9996,29104.06752,29181.72715
1692144000,16/08/2023,BTC-USD,29181.72715,29233.22449,28712.35214,28714.361
1692230400,17/08/2023,BTC-USD,28714.361,28770.58469,25416.15886,26668.37588
1692316800,18/08/2023,BTC-USD,26668.37588,26820.27384,25718.05775,26068.75654
1692403200,19/08/2023,BTC-USD,26068.75654,26268.33812,25827.54565,26110.59553
1692489600,20/08/2023,BTC-USD,26110.59553,26390.94706,26023.86769,26203.19564
1692576000,21/08/2023,BTC-USD,26203.19564,26236.15095,25864.63021,26176.50931
1692662400,22/08/2023,BTC-USD,26176.50931,26190.00671,25513.2627,26042.24371
1692748800,23/08/2023,BTC-USD,26042.24371,26790.59074,25819.39946,26442.19897
1692835200,24/08/2023,BTC-USD,26442.19897,26556.31879,25949.05672,26183.96612
1692921600,25/08/2023,BTC-USD,26183.96612,26249.99685,25818.69172,26059.7902
1693008000,26/08/2023,BTC-USD,26059.7902,26228.47047,25996.49686,26033.3825
1693094400,27/08/2023,BTC-USD,26033.3825,26303.27153,25975.95323,26103.66002
1693180800,28/08/2023,BTC-USD,26103.66002,26228.1398,25890.74225,26119.34831
1693267200,29/08/2023,BTC-USD,26119.34831,28053.3056,25928.78421,27740.13264
1693353600,30/08/2023,BTC-USD,27740.13264,27782.73014,27084.38089,27314.11289
1693440000,31/08/2023,BTC-USD,27314.11289,27482.93572,25794.96202,25954.50201
1693526400,01/09/2023,BTC-USD,25954.50201,26157.82989,25389.41317,25927.76249
1693612800,02/09/2023,BTC-USD,25927.76249,26004.18999,25773.11962,25909.57718
1693699200,03/09/2023,BTC-USD,25909.57718,26101.96644,25835.17591,25985.14833
1693785600,04/09/2023,BTC-USD,25985.14833,26095.94112,25674.31651,25829.76077
1693872000,05/09/2023,BTC-USD,25829.76077,25862.16607,25596.39896,25801.38454
1693958400,06/09/2023,BTC-USD,25801.38454,25966.90989,25443.09134,25771.45781
1694044800,07/09/2023,BTC-USD,25771.45781,26413.2788,25631.95306,26251.14936
1694131200,08/09/2023,BTC-USD,26251.14936,26408.52004,25712.73749,25918.68037
1694217600,09/09/2023,BTC-USD,25918.68037,26062.71337,25823.38895,25909.56404
1694304000,10/09/2023,BTC-USD,25909.56404,26053.36342,25655.22904,25837.954
1694390400,11/09/2023,BTC-USD,25837.954,25932.89275,24984.76906,25178.93787
1694476800,12/09/2023,BTC-USD,25178.93787,26471.10897,25148.23646,25849.7665
1694563200,13/09/2023,BTC-USD,25849.7665,26433.01095,25795.52527,26237.42086
1694649600,14/09/2023,BTC-USD,26237.42086,26810.87101,26164.78113,26543.97288
1694736000,15/09/2023,BTC-USD,26543.97288,26851.08092,26252.57628,26614.10972
1694822400,16/09/2023,BTC-USD,26614.10972,26766.98663,26470.33677,26580.16587
1694908800,17/09/2023,BTC-USD,26580.16587,26707.30906,26432.42548,26538.0876
1694995200,18/09/2023,BTC-USD,26538.0876,27422.40003,26442.37896,26789.21959
1695081600,19/09/2023,BTC-USD,26789.21959,27485.61127,26672.37281,27218.85572
1695168000,20/09/2023,BTC-USD,27218.85572,27377.87657,26868.60769,27132.04501
1695254400,21/09/2023,BTC-USD,27132.04501,27157.28849,26385.83301,26571.16558
1695340800,22/09/2023,BTC-USD,26571.16558,26754.36388,26519.00694,26594.45567
1695427200,23/09/2023,BTC-USD,26594.45567,26751.02939,26515.03953,26605.3831
1695513600,24/09/2023,BTC-USD,26605.3831,26762.09149,26207.2436,26265.62437
1695600000,25/09/2023,BTC-USD,26265.62437,26427.33717,26000.04416,26308.02533
1695686400,26/09/2023,BTC-USD,26308.02533,26400.44839,26103.07652,26259.37513
1695772800,27/09/2023,BTC-USD,26259.37513,26826.0176,26114.52553,26363.11552
1695859200,28/09/2023,BTC-USD,26363.11552,27270.56073,26317.04697,27029.25185
1695945600,29/09/2023,BTC-USD,27029.25185,27229.79257,26747.20033,26916.16509
1696032000,30/09/2023,BTC-USD,26916.16509,27110.37803,26857.01824,26987.16763
1696118400,01/10/2023,BTC-USD,26987.16763,28037.42781,26943.95034,27974.34257
1696204800,02/10/2023,BTC-USD,27974.34257,28533.39304,27352.9916,27513.51713
1696291200,03/10/2023,BTC-USD,27513.51713,27675.64054,27213.82482,27434.67432
1696377600,04/10/2023,BTC-USD,27434.67432,27828.81171,27254.7204,27758.23892
1696464000,05/10/2023,BTC-USD,27758.23892,28094.85758,27196.53206,27420.05661
1696550400,06/10/2023,BTC-USD,27420.05661,28196.4688,27229.88077,27954.29747
1696636800,07/10/2023,BTC-USD,27954.29747,28045.02934,27816.69492,27983.65291
1696723200,08/10/2023,BTC-USD,27983.65291,28114.86013,27743.05222,27942.11108
1696809600,09/10/2023,BTC-USD,27942.11108,28005.83479,27334.66048,27597.18246
1696896000,10/10/2023,BTC-USD,27597.18246,27742.7332,27260.82889,27403.90549
1696982400,11/10/2023,BTC-USD,27403.90549,27493.46935,26571.75506,26900.08654
1697068800,12/10/2023,BTC-USD,26900.08654,26937.91671,26523.34815,26767.85322
1697155200,13/10/2023,BTC-USD,26767.85322,27083.63363,26652.00943,26879.15059
1697241600,14/10/2023,BTC-USD,26879.15059,26991.64507,26754.47273,26874.32428
1697328000,15/10/2023,BTC-USD,26874.32428,27295.28392,26761.24176,27165.98015
1697414400,16/10/2023,BTC-USD,27165.98015,29859.82202,27113.45178,28521.05316
1697500800,17/10/2023,BTC-USD,28521.05316,28618.50061,28117.99958,28414.70638
1697587200,18/10/2023,BTC-USD,28414.70638,28881.75385,28125.89906,28337.14433
1697673600,19/10/2023,BTC-USD,28337.14433,28874.49543,28184.40692,28715.8963
1697760000,20/10/2023,BTC-USD,28715.8963,30130.67623,28607.51074,29686.70156
1697846400,21/10/2023,BTC-USD,29686.70156,30285.44999,29442.85083,29926.11345
1697932800,22/10/2023,BTC-USD,29926.11345,30209.34754,29736.68718,29996.40039
1698019200,23/10/2023,BTC-USD,29996.40039,34276.53996,29896.25694,33066.28329
1698105600,24/10/2023,BTC-USD,33066.28329,35113.20605,32884.51836,33921.68658
1698192000,25/10/2023,BTC-USD,33921.68658,35113.84149,33750.23076,34507.40848
1698278400,26/10/2023,BTC-USD,34507.40848,34830.55615,33767.16825,34162.95026
1698364800,27/10/2023,BTC-USD,34162.95026,34234.25941,33413.95364,33948.00958
1698451200,28/10/2023,BTC-USD,33948.00958,34403.39967,33843.68068,34116.3112
1698537600,29/10/2023,BTC-USD,34116.3112,34787.47918,33899.59101,34561.36155
1698624000,30/10/2023,BTC-USD,34561.36155,34839.53332,34143.33733,34467.59724
1698710400,31/10/2023,BTC-USD,34467.59724,34713.21514,34064.26298,34677.69489
1698796800,01/11/2023,BTC-USD,34677.69489,35531.73723,34186.35895,35441.31873
1698883200,02/11/2023,BTC-USD,35441.31873,35938.84633,34380.24888,34968.04037
1698969600,03/11/2023,BTC-USD,34968.04037,34997.44142,34158.66729,34760.10915
1699056000,04/11/2023,BTC-USD,34760.10915,35296.82872,34622.01165,35120.5285
1699142400,05/11/2023,BTC-USD,35120.5285,35370.55354,34620.6838,35113.20549
1699228800,06/11/2023,BTC-USD,35113.20549,35318.36851,34790.22454,35066.72013
1699315200,07/11/2023,BTC-USD,35066.72013,35898.12981,34584.02765,35444.1352
1699401600,08/11/2023,BTC-USD,35444.1352,36047.64792,35166.37211,35665.30881
1699488000,09/11/2023,BTC-USD,35665.30881,37925.02208,35597.61994,36730.36364
1699574400,10/11/2023,BTC-USD,36730.36364,37505.7629,36380.26397,37283.15478
1699660800,11/11/2023,BTC-USD,37283.15478,37445.21807,36777.64462,37160.94904
1699747200,12/11/2023,BTC-USD,37160.94904,37233.42271,36802.9482,37036.83722
1699833600,13/11/2023,BTC-USD,37036.83722,37409.30675,36411.71823,36488.76004
1699920000,14/11/2023,BTC-USD,36488.76004,36800.79414,35125.472,35579.8879
1700006400,15/11/2023,BTC-USD,35579.8879,37982.37928,35364.84887,37906.35194
1700092800,16/11/2023,BTC-USD,37906.35194,37906.35194,35560.23237,36188.26283
1700179200,17/11/2023,BTC-USD,36188.26283,36716.23936,35899.29097,36640.73401
1700265600,18/11/2023,BTC-USD,36640.73401,36854.06469,36233.5301,36605.14693
1700352000,19/11/2023,BTC-USD,36605.14693,37525.7182,36430.66923,37389.20311
1700438400,20/11/2023,BTC-USD,37389.20311,37770.39979,36899.9454,37492.73644
1700524800,21/11/2023,BTC-USD,37492.73644,37678.04262,35805.22311,35805.71148
1700611200,22/11/2023,BTC-USD,35805.71148,37863.97912,35703.68019,37424.65378
1700697600,23/11/2023,BTC-USD,37424.65378,37651.95457,36914.58219,37312.49327
1700784000,24/11/2023,BTC-USD,37312.49327,38408.78847,37273.56102,37750.25729
1700870400,25/11/2023,BTC-USD,37750.25729,37913.6396,37628.30874,37814.67441
1700956800,26/11/2023,BTC-USD,37814.67441,37838.40881,37194.43209,37474.12277
1701043200,27/11/2023,BTC-USD,37474.12277,37582.68056,36778.82291,37264.73091
1701129600,28/11/2023,BTC-USD,37264.73091,38353.01123,36901.22893,37835.24997
1701216000,29/11/2023,BTC-USD,37835.24997,38411.01443,37604.64152,37871.22139
1701302400,30/11/2023,BTC-USD,37871.22139,38153.19063,37534.91909,37742.81369
1701388800,01/12/2023,BTC-USD,37742.81369,38955.48973,37641.53528,38697.81812
1701475200,02/12/2023,BTC-USD,38697.81812,39700.22782,38659.88796,39467.4019
1701561600,03/12/2023,BTC-USD,39467.4019,40181.03707,39301.42664,39991.95479
1701648000,04/12/2023,BTC-USD,39991.95479,42396.30429,39990.40868,41998.49128
1701734400,05/12/2023,BTC-USD,41998.49128,44476.2408,41421.17424,44106.85752
1701820800,06/12/2023,BTC-USD,44106.85752,44293.1796,43483.74853,43781.69108
1701907200,07/12/2023,BTC-USD,43781.69108,44063.28751,42969.42078,43309.29206
1701993600,08/12/2023,BTC-USD,43309.29206,44713.63154,43117.99858,44191.4049
1702080000,09/12/2023,BTC-USD,44191.4049,44373.69757,43628.40984,43731.0428
1702166400,10/12/2023,BTC-USD,43731.0428,44044.40271,43612.50111,43811.76746
1702252800,11/12/2023,BTC-USD,43811.76746,43830.64806,40249.58611,41264.07003
1702339200,12/12/2023,BTC-USD,41264.07003,42066.43318,40673.35903,41482.54748
1702425600,13/12/2023,BTC-USD,41482.54748,43378.93304,40654.62775,42887.63209
1702512000,14/12/2023,BTC-USD,42887.63209,43405.14244,41988.8614,43049.88051
1702598400,15/12/2023,BTC-USD,43049.88051,43093.41119,41684.41407,41947.03888
1702684800,16/12/2023,BTC-USD,41947.03888,42680.21262,41708.23365,42257.2689
1702771200,17/12/2023,BTC-USD,42257.2689,42387.57891,41264.06577,41356.00302
1702857600,18/12/2023,BTC-USD,41356.00302,42744.79972,40588.37127,42674.19902
1702944000,19/12/2023,BTC-USD,42674.19902,43391.40084,41841.25764,42292.51837
1703030400,20/12/2023,BTC-USD,42292.51837,44275.83642,42238.03509,43681.53988
1703116800,21/12/2023,BTC-USD,43681.53988,44253.14277,43325.88707,43884.41646
1703203200,22/12/2023,BTC-USD,43884.41646,44394.14658,43455.56227,44028.18774
1703289600,23/12/2023,BTC-USD,44028.18774,44042.54528,43373.19843,43761.49797
1703376000,24/12/2023,BTC-USD,43761.49797,43990.8111,42867.63282,43043.66635
1703462400,25/12/2023,BTC-USD,43043.66635,43813.99412,42797.92468,43611.52474
1703548800,26/12/2023,BTC-USD,43611.52474,43624.18607,41843.03355,42539.11841
1703635200,27/12/2023,BTC-USD,42539.11841,43695.77003,42147.66073,43471.75326
1703721600,28/12/2023,BTC-USD,43471.75326,43812.42009,42330.30552,42605.15937
1703808000,29/12/2023,BTC-USD,42605.15937,43130.31706,41551.92637,42092.63349
1703894400,30/12/2023,BTC-USD,42092.63349,42607.6934,41561.54801,42154.05898
1703980800,31/12/2023,BTC-USD,42154.05898,42864.09552,41991.33779,42294.15986
1704067200,01/01/2024,BTC-USD,42294.15986,44204.82689,42215.49185,44203.70207
1704153600,02/01/2024,BTC-USD,44203.70207,45910.36225,44183.43433,44974.76852
1704240000,03/01/2024,BTC-USD,44974.76852,45510.12104,41698.3775,42882.97729
1704326400,04/01/2024,BTC-USD,42882.97729,44827.3807,42683.65081,44255.47984
1704412800,05/01/2024,BTC-USD,44255.47984,44476.81143,43068.96567,44334.87157
1704499200,06/01/2024,BTC-USD,44334.87157,44468.69141,43680.293,43997.87102
1704585600,07/01/2024,BTC-USD,43997.87102,44627.37091,43801.61631,44299.294
1704672000,08/01/2024,BTC-USD,44299.294,47343.57074,43525.75529,47081.49778
1704758400,09/01/2024,BTC-USD,47081.49778,47851.55038,45395.42512,46157.10463
1704844800,10/01/2024,BTC-USD,46157.10463,47739.01113,44441.29824,46704.02127
1704931200,11/01/2024,BTC-USD,46704.02127,49055.6474,45730.17394,46422.51495
1705017600,12/01/2024,BTC-USD,46422.51495,46579.78859,41675.71916,42802.99587
1705104000,13/01/2024,BTC-USD,42802.99587,43309.67182,42462.69927,42850.63532
1705190400,14/01/2024,BTC-USD,42850.63532,43070.95067,41787.73886,41802.65234
1705276800,15/01/2024,BTC-USD,41802.65234,43357.99428,41765.12071,42525.01303
1705363200,16/01/2024,BTC-USD,42525.01303,43581.1837,42115.20377,43151.68239
1705449600,17/01/2024,BTC-USD,43151.68239,43208.23504,42217.54493,42768.61641
1705536000,18/01/2024,BTC-USD,42768.61641,42912.63477,40663.69416,41319.88443
1705622400,19/01/2024,BTC-USD,41319.88443,42170.48876,40318.70042,41665.20408
1705708800,20/01/2024,BTC-USD,41665.20408,41897.69044,41470.52839,41687.25393
1705795200,21/01/2024,BTC-USD,41687.25393,41853.76583,41553.82493,41613.29526
1705881600,22/01/2024,BTC-USD,41613.29526,41712.48746,39466.2064,39563.67647
1705968000,23/01/2024,BTC-USD,39563.67647,40176.99993,38549.58207,39906.27155
1706054400,24/01/2024,BTC-USD,39906.27155,40540.24111,39542.48628,40117.68105
1706140800,25/01/2024,BTC-USD,40117.68105,40307.1379,39562.33232,39964.09699
1706227200,26/01/2024,BTC-USD,39964.09699,42258.9646,39833.01836,41846.61186
1706313600,27/01/2024,BTC-USD,41846.61186,42225.90021,41445.55058,42124.71656
1706400000,28/01/2024,BTC-USD,42124.71656,42802.58824,41694.3287,42074.49065
1706486400,29/01/2024,BTC-USD,42074.49065,43336.39686,41861.46066,43332.36838
1706572800,30/01/2024,BTC-USD,43332.36838,43855.19834,42748.9353,42985.00783
1706659200,31/01/2024,BTC-USD,42985.00783,43758.6071,42322.35849,42588.25933
1706745600,01/02/2024,BTC-USD,42588.25933,43273.80495,41903.66967,43092.42788
1706832000,02/02/2024,BTC-USD,43092.42788,43461.5319,42611.74398,43235.5085
1706918400,03/02/2024,BTC-USD,43235.5085,43522.056,42947.96571,43005.20673
1707004800,04/02/2024,BTC-USD,43005.20673,43322.31482,42552.43052,43023.03784
1707091200,05/02/2024,BTC-USD,43023.03784,43587.00325,42327.09355,42693.19951
1707177600,06/02/2024,BTC-USD,42693.19951,43369.96782,42561.99337,43105.85969
1707264000,07/02/2024,BTC-USD,43105.85969,44379.40329,42786.21306,44349.90339
1707350400,08/02/2024,BTC-USD,44349.90339,45601.05309,44339.4463,45307.88042
1707436800,09/02/2024,BTC-USD,45307.88042,48142.15408,45264.8758,47151.57336
1707523200,10/02/2024,BTC-USD,47151.57336,48138.04273,46897.95528,47765.75119
1707609600,11/02/2024,BTC-USD,47765.75119,48552.66679,47595.43749,48320.37347
1707696000,12/02/2024,BTC-USD,48320.37347,50279.75648,47745.91927,49954.80143
1707782400,13/02/2024,BTC-USD,49954.80143,50344.54651,48404.24927,49730.37769
1707868800,14/02/2024,BTC-USD,49730.37769,52037.8589,49286.54935,51839.18762
1707955200,15/02/2024,BTC-USD,51839.18762,52840.13446,51404.4241,51949.57231
1708041600,16/02/2024,BTC-USD,51949.57231,52571.24118,51645.75243,52175.55103
1708128000,17/02/2024,BTC-USD,52175.55103,52218.8505,50686.73297,51660.67974
1708214400,18/02/2024,BTC-USD,51660.67974,52392.20584,51203.18529,52165.30863
1708300800,19/02/2024,BTC-USD,52165.30863,52509.89911,51729.35576,51801.91961
1708387200,20/02/2024,BTC-USD,51801.91961,52940.28044,50823.67327,52282.89133
1708473600,21/02/2024,BTC-USD,52282.89133,52382.39228,50673.08093,51878.78555
1708560000,22/02/2024,BTC-USD,51878.78555,52036.2136,50934.92145,51293.3959
1708646400,23/02/2024,BTC-USD,51293.3959,51534.17434,50553.19014,50771.76783
1708732800,24/02/2024,BTC-USD,50771.76783,51715.33347,50615.62986,51577.95426
1708819200,25/02/2024,BTC-USD,51577.95426,51950.80601,51295.28146,51747.81971
1708905600,26/02/2024,BTC-USD,51747.81971,54929.94746,50939.77401,54518.27488
1708992000,27/02/2024,BTC-USD,54518.27488,57561.55758,54489.94893,57082.5201
1709078400,28/02/2024,BTC-USD,57082.5201,63943.44296,56746.72205,62497.5457
1709164800,29/02/2024,BTC-USD,62497.5457,63608.12432,60451.18036,61192.55639
1709251200,01/03/2024,BTC-USD,61192.55639,63142.46478,60803.62851,62426.99035
1709337600,02/03/2024,BTC-USD,62426.99035,62472.09619,61658.57778,62053.69533
1709424000,03/03/2024,BTC-USD,62053.69533,63266.9345,61511.1378,63174.98735
1709510400,04/03/2024,BTC-USD,63174.98735,68563.11647,62879.65474,68346.60861
1709596800,05/03/2024,BTC-USD,68346.60861,69104.5834,60028.50762,63872.89689
1709683200,06/03/2024,BTC-USD,63872.89689,67666.46341,62870.6063,66113.93804
1709769600,07/03/2024,BTC-USD,66113.93804,68025.01812,65690.02732,66925.34477
1709856000,08/03/2024,BTC-USD,66925.34477,69989.70906,66334.33426,68262.50755
1709942400,09/03/2024,BTC-USD,68262.50755,68659.95593,68026.89743,68435.11834
1710028800,10/03/2024,BTC-USD,68435.11834,69984.03855,68235.47798,69016.38778
1710115200,11/03/2024,BTC-USD,69016.38778,72795.9781,67517.47402,72100.08491
1710201600,12/03/2024,BTC-USD,72100.08491,72906.16698,69020.90097,71471.72348
1710288000,13/03/2024,BTC-USD,71471.72348,73651.92446,71338.48983,73094.98439
1710374400,14/03/2024,BTC-USD,73094.98439,73773.50941,68626.91364,71392.50115
1710460800,15/03/2024,BTC-USD,71392.50115,72379.67831,65791.51487,69503.92337
1710547200,16/03/2024,BTC-USD,69503.92337,70051.37234,64881.26693,65267.48627
1710633600,17/03/2024,BTC-USD,65267.48627,68864.97753,64585.78083,68380.14323
1710720000,18/03/2024,BTC-USD,68380.14323,68906.7984,66611.78579,67611.43722
1710806400,19/03/2024,BTC-USD,67611.43722,68105.18047,61563.1758,61942.33583
1710892800,20/03/2024,BTC-USD,61942.33583,68129.98221,60822.3247,67872.53713
1710979200,21/03/2024,BTC-USD,67872.53713,68204.54602,64614.66681,65515.53829
1711065600,22/03/2024,BTC-USD,65515.53829,66634.86842,62370.98639,63828.44866
1711152000,23/03/2024,BTC-USD,63828.44866,65993.23803,63060.09516,64019.75727
1711238400,24/03/2024,BTC-USD,64019.75727,67624.19245,63826.49154,67218.58619
1711324800,25/03/2024,BTC-USD,67218.58619,71133.38521,66421.61236,69893.02385
1711411200,26/03/2024,BTC-USD,69893.02385,71544.74304,69392.25,69999.15921
1711497600,27/03/2024,BTC-USD,69999.15921,71709.64215,68395.92058,69440.70409
1711584000,28/03/2024,BTC-USD,69440.70409,71548.58663,68898.42934,70786.60874
1711670400,29/03/2024,BTC-USD,70786.60874,70919.49361,69122.84249,69903.91754
1711756800,30/03/2024,BTC-USD,69903.91754,70359.77665,69587.02079,69628.30057
1711843200,31/03/2024,BTC-USD,69628.30057,71396.31134,69607.49137,71321.70454
1711929600,01/04/2024,BTC-USD,71321.70454,71327.75186,68128.99371,69691.30924
1712016000,02/04/2024,BTC-USD,69691.30924,69708.42835,64610.41531,65482.07584
1712102400,03/04/2024,BTC-USD,65482.07584,66923.0011,64577.30976,65994.20459
1712188800,04/04/2024,BTC-USD,65994.20459,69290.49283,65106.56376,68525.86295
1712275200,05/04/2024,BTC-USD,68525.86295,68748.29205,66013.37712,67854.22205
1712361600,06/04/2024,BTC-USD,67854.22205,69646.20198,67504.21563,68912.5125
1712448000,07/04/2024,BTC-USD,68912.5125,70304.15903,68861.7551,69363.83303
1712534400,08/04/2024,BTC-USD,69363.83303,72745.36858,69088.04988,71636.46037
1712620800,09/04/2024,BTC-USD,71636.46037,71759.00674,68270.13276,69138.85101
1712707200,10/04/2024,BTC-USD,69138.85101,71122.36737,67519.78672,70649.47144
1712793600,11/04/2024,BTC-USD,70649.47144,71281.02117,69605.31621,70046.62073
1712880000,12/04/2024,BTC-USD,70046.62073,71252.57744,65701.90673,67175.16281
1712966400,13/04/2024,BTC-USD,67175.16281,67948.74293,61610.93543,63987.1613
1713052800,14/04/2024,BTC-USD,63987.1613,65850.55227,62203.2399,65758.09298
1713139200,15/04/2024,BTC-USD,65758.09298,66885.24771,62398.92639,63458.0411
1713225600,16/04/2024,BTC-USD,63458.0411,64346.2367,61738.44405,63834.44275
1713312000,17/04/2024,BTC-USD,63834.44275,64492.59766,59778.41686,61289.75158
1713398400,18/04/2024,BTC-USD,61289.75158,64137.23882,60844.15023,63506.72106
1713484800,19/04/2024,BTC-USD,63506.72106,65478.55662,59662.31596,63850.75756
1713571200,20/04/2024,BTC-USD,63850.75756,65431.01623,63160.339,64974.09403
1713657600,21/04/2024,BTC-USD,64974.09403,65719.94629,64274.66077,64961.3249
1713744000,22/04/2024,BTC-USD,64961.3249,67251.57528,64544.3636,66852.68522
1713830400,23/04/2024,BTC-USD,66852.68522,67209.42528,65854.47289,66425.06066
1713916800,24/04/2024,BTC-USD,66425.06066,67086.03785,63582.31504,64268.67601
1714003200,25/04/2024,BTC-USD,64268.67601,65287.30903,62799.65115,64501.92309
1714089600,26/04/2024,BTC-USD,64501.92309,64793.99489,63337.33119,63781.36088
1714176000,27/04/2024,BTC-USD,63781.36088,63930.8799,62486.06351,63439.21325
1714262400,28/04/2024,BTC-USD,63439.21325,64343.70378,62823.05384,63130.0915
1714348800,29/04/2024,BTC-USD,63130.0915,64198.50032,61827.86682,63860.58273
1714435200,30/04/2024,BTC-USD,63860.58273,64736.3164,59175.9252,60654.24231
1714521600,01/05/2024,BTC-USD,60654.24231,60805.76995,56595.79671,58340.8647
1714608000,02/05/2024,BTC-USD,58340.8647,59621.52112,57001.10528,59125.3706
1714694400,03/05/2024,BTC-USD,59125.3706,63403.94218,58871.88655,62977.05838
1714780800,04/05/2024,BTC-USD,62977.05838,64574.83898,62650.59543,63908.78296
1714867200,05/05/2024,BTC-USD,63908.78296,64618.88372,62926.76766,64085.54478
1714953600,06/05/2024,BTC-USD,64085.54478,65524.52082,62776.94885,63211.49901
1715040000,07/05/2024,BTC-USD,63211.49901,64428.45573,62307.31415,62349.98547
1715126400,08/05/2024,BTC-USD,62349.98547,63029.72973,60893.26952,61216.3032
1715212800,09/05/2024,BTC-USD,61216.3032,63440.06508,60671.36777,63104.14815
1715299200,10/05/2024,BTC-USD,63104.14815,63486.07392,60253.58342,60826.08701
1715385600,11/05/2024,BTC-USD,60826.08701,61520.38258,60532.68135,60843.82627
1715472000,12/05/2024,BTC-USD,60843.82627,61855.86893,60637.03225,61508.25657
1715558400,13/05/2024,BTC-USD,61508.25657,63457.23029,60802.62672,62953.43319
1715644800,14/05/2024,BTC-USD,62953.43319,63119.54373,61158.38197,61586.57575
1715731200,15/05/2024,BTC-USD,61586.57575,66474.77682,61359.15629,66266.57247
1715817600,16/05/2024,BTC-USD,66266.57247,66710.50907,64647.93134,65279.03494
1715904000,17/05/2024,BTC-USD,65279.03494,67474.20818,65148.82297,67073.73986
1715990400,18/05/2024,BTC-USD,67073.73986,67412.71804,66638.37894,66939.18877
1716076800,19/05/2024,BTC-USD,66939.18877,67690.40673,65914.75403,66311.45646
1716163200,20/05/2024,BTC-USD,66311.45646,71486.06556,66117.56754,71424.88991
1716249600,21/05/2024,BTC-USD,71424.88991,71906.24204,69215.37958,70153.50971
1716336000,22/05/2024,BTC-USD,70153.50971,70625.17812,69017.13506,69149.40181
1716422400,23/05/2024,BTC-USD,69149.40181,70047.62006,66580.89441,67972.41646
1716508800,24/05/2024,BTC-USD,67972.41646,69241.02126,66649.57286,68560.20776
1716595200,25/05/2024,BTC-USD,68560.20776,69592.53861,68518.95801,69297.04654
1716681600,26/05/2024,BTC-USD,69297.04654,69505.50613,68309.15645,68515.18558
1716768000,27/05/2024,BTC-USD,68515.18558,70624.74958,68261.32319,69411.15384
1716854400,28/05/2024,BTC-USD,69411.15384,69546.75175,67254.6192,68348.02979
1716940800,29/05/2024,BTC-USD,68348.02979,68861.43041,67130.46922,67587.74125
1717027200,30/05/2024,BTC-USD,67587.74125,69496.40736,67126.21655,68357.94249
1717113600,31/05/2024,BTC-USD,68357.94249,69007.16036,66667.43138,67500.32156
1717200000,01/06/2024,BTC-USD,67500.32156,67836.04978,67405.52728,67739.12172
1717286400,02/06/2024,BTC-USD,67739.12172,68420.21823,67336.30568,67770.32061
1717372800,03/06/2024,BTC-USD,67770.32061,70254.73303,67622.16243,68814.27948
1717459200,04/06/2024,BTC-USD,68814.27948,71050.45321,68568.29839,70547.61806
1717545600,05/06/2024,BTC-USD,70547.61806,71762.94602,70404.81158,71119.28951
1717632000,06/06/2024,BTC-USD,71119.28951,71638.80951,70171.46625,70796.7065
1717718400,07/06/2024,BTC-USD,70796.7065,71941.44219,68723.76092,69368.19787
1717804800,08/06/2024,BTC-USD,69368.19787,69579.94678,69212.62691,69317.68537
1717891200,09/06/2024,BTC-USD,69317.68537,69855.28962,69151.79737,69668.1708
1717977600,10/06/2024,BTC-USD,69668.1708,70184.07883,69226.14611,69528.74336
1718064000,11/06/2024,BTC-USD,69528.74336,69571.55379,66199.39256,67344.67437
1718150400,12/06/2024,BTC-USD,67344.67437,70006.88694,66936.99454,68276.08675
1718236800,13/06/2024,BTC-USD,68276.08675,68407.35803,66321.43502,66779.86169
1718323200,14/06/2024,BTC-USD,66779.86169,67338.86805,65087.12572,66045.46319
1718409600,15/06/2024,BTC-USD,66045.46319,66453.83131,65897.4925,66218.0716
1718496000,16/06/2024,BTC-USD,66218.0716,66953.24301,66032.43023,66678.49774
1718582400,17/06/2024,BTC-USD,66678.49774,67266.66368,65121.23778,66504.22481
1718668800,18/06/2024,BTC-USD,66504.22481,66581.05109,64095.8582,65172.12184
1718755200,19/06/2024,BTC-USD,65172.12184,65732.83302,64710.13192,64985.62566
1718841600,20/06/2024,BTC-USD,64985.62566,66486.80983,64561.25796,64865.11766
1718928000,21/06/2024,BTC-USD,64865.11766,65043.29806,63408.84306,64139.70149
1719014400,22/06/2024,BTC-USD,64139.70149,64523.39081,63951.37896,64263.32998
1719100800,23/06/2024,BTC-USD,64263.32998,64518.54123,63194.7489,63207.26759
1719187200,24/06/2024,BTC-USD,63207.26759,63352.30565,58616.5651,60304.61794
1719273600,25/06/2024,BTC-USD,60304.61794,62340.32274,60271.08762,61817.57917
1719360000,26/06/2024,BTC-USD,61817.57917,62477.08296,60710.48644,60837.14967
1719446400,27/06/2024,BTC-USD,60837.14967,62338.70872,60595.09793,61640.25091
1719532800,28/06/2024,BTC-USD,61640.25091,62157.7117,59998.17911,60349.67432
1719619200,29/06/2024,BTC-USD,60349.67432,61152.14622,60322.246,60898.94645
1719705600,30/06/2024,BTC-USD,60898.94645,62948.7223,60641.34544,62700.41877
1719792000,01/07/2024,BTC-USD,62700.41877,63806.61208,62516.99234,62862.41575
1719878400,02/07/2024,BTC-USD,62862.41575,63226.1779,61767.87371,62062.03747
1719964800,03/07/2024,BTC-USD,62062.03747,62215.18726,59450.71152,60178.5517
1720051200,04/07/2024,BTC-USD,60178.5517,60443.29658,56787.48113,57082.17145
1720137600,05/07/2024,BTC-USD,57082.17145,57497.06622,53849.67211,56679.85443
1720224000,06/07/2024,BTC-USD,56679.85443,58482.58694,56072.24567,58273.2471
1720310400,07/07/2024,BTC-USD,58273.2471,58427.65237,55796.05699,55919.04276
1720396800,08/07/2024,BTC-USD,55919.04276,58176.04203,54381.94534,56753.65507
1720483200,09/07/2024,BTC-USD,56753.65507,58284.89878,56348.50556,58082.12226
1720569600,10/07/2024,BTC-USD,58082.12226,59459.82705,57210.24535,57769.57963
1720656000,11/07/2024,BTC-USD,57769.57963,59348.33602,57151.08238,57378.72994
1720742400,12/07/2024,BTC-USD,57378.72994,58564.30026,56597.04219,57934.11719
1720828800,13/07/2024,BTC-USD,57934.11719,59842.50799,57810.88209,59240.41236
1720915200,14/07/2024,BTC-USD,59240.41236,61402.39113,59237.10746,60855.18881
1721001600,15/07/2024,BTC-USD,60855.18881,64928.12158,60732.66433,64787.31351
1721088000,16/07/2024,BTC-USD,64787.31351,65339.84669,62464.69239,65089.41367
1721174400,17/07/2024,BTC-USD,65089.41367,66106.03279,63920.78211,64112.37777
1721260800,18/07/2024,BTC-USD,64112.37777,65108.01437,63264.43625,64000.1775
1721347200,19/07/2024,BTC-USD,64000.1775,67397.50597,63327.63384,66697.49977
1721433600,20/07/2024,BTC-USD,66697.49977,67614.54214,66303.03411,67165.11666
1721520000,21/07/2024,BTC-USD,67165.11666,68354.33762,65903.80501,68175.55577
1721606400,22/07/2024,BTC-USD,68175.55577,68477.2289,66628.81636,67569.21553
1721692800,23/07/2024,BTC-USD,67569.21553,67764.36891,65506.94622,65956.04958
1721779200,24/07/2024,BTC-USD,65956.04958,67107.38434,65173.0445,65395.13942
1721865600,25/07/2024,BTC-USD,65395.13942,66136.34545,63482.85103,65807.88964
1721952000,26/07/2024,BTC-USD,65807.88964,68212.67949,65768.90756,67928.36214
1722038400,27/07/2024,BTC-USD,67928.36214,69416.60723,66789.11427,67913.35373
1722124800,28/07/2024,BTC-USD,67913.35373,68296.01105,67091.96122,68270.6513
1722211200,29/07/2024,BTC-USD,68270.6513,70008.04964,66545.62407,66805.85751
1722297600,30/07/2024,BTC-USD,66805.85751,67002.24628,65353.82071,66200.92929
1722384000,31/07/2024,BTC-USD,66200.92929,66839.14356,64544.982,64648.66416
1722470400,01/08/2024,BTC-USD,64648.66416,65606.1605,62300.77256,65346.638
1722556800,02/08/2024,BTC-USD,65346.638,65560.65049,61226.24231,61468.2018
1722643200,03/08/2024,BTC-USD,61468.2018,62198.65352,59915.74977,60690.65444
1722729600,04/08/2024,BTC-USD,60690.65444,61079.47943,57351.26408,58173.92851
1722816000,05/08/2024,BTC-USD,58173.92851,58295.8782,49637.19287,54026.11367
1722902400,06/08/2024,BTC-USD,54026.11367,57078.47714,54003.05382,56097.67157
1722988800,07/08/2024,BTC-USD,56097.67157,57733.03677,54626.91249,55150.74028
1723075200,08/08/2024,BTC-USD,55150.74028,62615.40447,54794.39274,61734.07558
1723161600,09/08/2024,BTC-USD,61734.07558,61771.91068,59625.5498,60895.21728
1723248000,10/08/2024,BTC-USD,60895.21728,61470.42178,60299.40378,60949.58974
1723334400,11/08/2024,BTC-USD,60949.58974,61774.28552,58396.41564,58764.14107
1723420800,12/08/2024,BTC-USD,58764.14107,60673.71016,57734.9919,59387.48248
1723507200,13/08/2024,BTC-USD,59387.48248,61581.77537,58530.35198,60626.68081
1723593600,14/08/2024,BTC-USD,60626.68081,61645.23278,58522.08631,58736.67532
1723680000,15/08/2024,BTC-USD,58736.67532,59867.65526,56269.24956,57581.11471
1723766400,16/08/2024,BTC-USD,57581.11471,59848.73098,57147.18508,58925.94836
1723852800,17/08/2024,BTC-USD,58925.94836,59714.72319,58848.80585,59506.54853
1723939200,18/08/2024,BTC-USD,59506.54853,60255.42423,58474.57463,58477.58722
1724025600,19/08/2024,BTC-USD,58477.58722,59621.6264,57923.12426,59495.43028
1724112000,20/08/2024,BTC-USD,59495.43028,61401.45202,58661.94751,59054.36425
1724198400,21/08/2024,BTC-USD,59054.36425,61840.06009,58865.84728,61182.74788
1724284800,22/08/2024,BTC-USD,61182.74788,61420.55887,59847.05265,60398.52036
1724371200,23/08/2024,BTC-USD,60398.52036,64926.55157,60371.26299,64098.16854
1724457600,24/08/2024,BTC-USD,64098.16854,64501.54544,63607.07015,64183.54672
1724544000,25/08/2024,BTC-USD,64183.54672,64999.06858,63830.1343,64281.60836
1724630400,26/08/2024,BTC-USD,64281.60836,64505.82112,62856.3433,62867.49774
1724716800,27/08/2024,BTC-USD,62867.49774,63224.02718,58419.20754,59475.82562
1724803200,28/08/2024,BTC-USD,59475.82562,60218.41494,57922.18668,59059.52303
1724889600,29/08/2024,BTC-USD,59059.52303,61191.67569,58867.80719,59400.93829
1724976000,30/08/2024,BTC-USD,59400.93829,59841.95263,57892.88979,59159.76651
1725062400,31/08/2024,BTC-USD,59159.76651,59482.31024,58821.26489,59021.27757
1725148800,01/09/2024,BTC-USD,59021.27757,59106.47358,57278.82783,57364.52253
1725235200,02/09/2024,BTC-USD,57364.52253,59449.96716,57210.30495,59176.64102
1725321600,03/09/2024,BTC-USD,59176.64102,59838.28156,57459.55209,57514.83329
1725408000,04/09/2024,BTC-USD,57514.83329,58541.98005,55880.2569,58007.42637
1725494400,05/09/2024,BTC-USD,58007.42637,58348.19642,55792.98306,56210.18226
1725580800,06/09/2024,BTC-USD,56210.18226,57012.55667,52646.8248,53997.96123
1725667200,07/09/2024,BTC-USD,53997.96123,54885.76763,53784.06129,54199.57769
1725753600,08/09/2024,BTC-USD,54199.57769,55346.06494,53672.18316,54912.7147
1725840000,09/09/2024,BTC-USD,54912.7147,57952.82123,54634.98154,57071.06123
1725926400,10/09/2024,BTC-USD,57071.06123,58041.8087,56433.85325,57649.08724
1726012800,11/09/2024,BTC-USD,57649.08724,58003.05575,55589.03539,57359.74321
1726099200,12/09/2024,BTC-USD,57359.74321,58521.31684,57351.63027,58150.23335
1726185600,13/09/2024,BTC-USD,58150.23335,60662.60111,57671.89447,60547.31343
1726272000,14/09/2024,BTC-USD,60547.31343,60656.00104,59532.15351,60023.76412
1726358400,15/09/2024,BTC-USD,60023.76412,60407.90957,58774.59401,59185.50086
1726444800,16/09/2024,BTC-USD,59185.50086,59254.96573,57560.35705,58240.81791
1726531200,17/09/2024,BTC-USD,58240.81791,61331.60184,57658.81211,60340.3109
1726617600,18/09/2024,BTC-USD,60340.3109,61789.91034,59239.85858,61772.79306
1726704000,19/09/2024,BTC-USD,61772.79306,63869.6469,61606.43912,62965.24927
1726790400,20/09/2024,BTC-USD,62965.24927,64112.17128,62373.31163,63217.87811
1726876800,21/09/2024,BTC-USD,63217.87811,63553.7556,62788.21414,63378.64762
1726963200,22/09/2024,BTC-USD,63378.64762,64010.82893,62438.73262,63595.08631
1727049600,23/09/2024,BTC-USD,63595.08631,64735.82802,62640.95983,63350.94467
1727136000,24/09/2024,BTC-USD,63350.94467,64695.26329,62751.32015,64302.58936
1727222400,25/09/2024,BTC-USD,64302.58936,64827.04932,62950.43725,63148.1998
1727308800,26/09/2024,BTC-USD,63148.1998,65783.4528,62680.95417,65194.09011
1727395200,27/09/2024,BTC-USD,65194.09011,66478.11266,64849.42516,65801.14142
1727481600,28/09/2024,BTC-USD,65801.14142,66258.62716,65458.91247,65887.21358
1727568000,29/09/2024,BTC-USD,65887.21358,66083.01349,65465.02941,65626.50469
1727654400,30/09/2024,BTC-USD,65626.50469,65634.66326,62894.99345,63332.77761
1727740800,01/10/2024,BTC-USD,63332.77761,64126.34503,60203.86204,60826.62767
1727827200,02/10/2024,BTC-USD,60826.62767,62364.8615,60015.58308,60662.23292
1727913600,03/10/2024,BTC-USD,60662.23292,61482.78988,59899.79563,60768.67601
1728000000,04/10/2024,BTC-USD,60768.67601,62480.79189,60483.5022,62097.10997
1728086400,05/10/2024,BTC-USD,62097.10997,62380.84001,61712.13061,62073.01575
1728172800,06/10/2024,BTC-USD,62073.01575,62962.98474,61828.81099,62828.3587
1728259200,07/10/2024,BTC-USD,62828.3587,64427.60405,62173.31694,62230.46251
1728345600,08/10/2024,BTC-USD,62230.46251,63173.76626,61859.56814,62141.6471
1728432000,09/10/2024,BTC-USD,62141.6471,62519.48347,60308.85896,60602.05862
1728518400,10/10/2024,BTC-USD,60602.05862,61257.6452,58910.26712,60291.82304
1728604800,11/10/2024,BTC-USD,60291.82304,63390.59472,60052.3011,62515.87633
1728691200,12/10/2024,BTC-USD,62515.87633,63464.42032,62480.81239,63221.92954
1728777600,13/10/2024,BTC-USD,63221.92954,63303.23229,62059.3668,62871.94801
1728864000,14/10/2024,BTC-USD,62871.94801,66454.09415,62461.96821,66052.47649
1728950400,15/10/2024,BTC-USD,66052.47649,67855.90953,64832.79072,67050.44915
1729036800,16/10/2024,BTC-USD,67050.44915,68375.24317,66745.42416,67608.95544
1729123200,17/10/2024,BTC-USD,67608.95544,67919.39703,66651.55622,67395.22151
1729209600,18/10/2024,BTC-USD,67395.22151,68983.19788,67165.22666,68421.82083
1729296000,19/10/2024,BTC-USD,68421.82083,68674.92796,68024.10692,68370.49888
1729382400,20/10/2024,BTC-USD,68370.49888,69369.03141,67946.83148,69020.53996
1729468800,21/10/2024,BTC-USD,69020.53996,69472.43794,66828.75563,67349.49842
1729555200,22/10/2024,BTC-USD,67349.49842,67783.45386,66589.59473,67395.68747
1729641600,23/10/2024,BTC-USD,67395.68747,67413.70075,65202.09379,66595.15754
1729728000,24/10/2024,BTC-USD,66595.15754,68798.79,66452.08653,68164.82799
1729814400,25/10/2024,BTC-USD,68164.82799,68719.79971,65634.87246,66608.8588
1729900800,26/10/2024,BTC-USD,66608.8588,67355.24838,66381.33158,67025.62781
1729987200,27/10/2024,BTC-USD,67025.62781,68249.60058,66867.20364,67960.78706
1730073600,28/10/2024,BTC-USD,67960.78706,70204.29835,67567.51205,69931.12187
1730160000,29/10/2024,BTC-USD,69931.12187,73565.49364,69735.77993,72716.91392
1730246400,30/10/2024,BTC-USD,72716.91392,72921.20093,71447.47899,72347.5952
1730332800,31/10/2024,BTC-USD,72347.5952,72675.39121,69626.57542,70239.81613
1730419200,01/11/2024,BTC-USD,70239.81613,71603.25554,68827.89958,69499.89905
1730505600,02/11/2024,BTC-USD,69499.89905,69906.19564,69046.02035,69349.10399
1730592000,03/11/2024,BTC-USD,69349.10399,69376.7124,67510.53878,68782.57102
1730678400,04/11/2024,BTC-USD,68782.57102,69489.64847,66829.14676,67839.66514
1730764800,05/11/2024,BTC-USD,67839.66514,70489.15653,67468.25331,69391.53457
1730851200,06/11/2024,BTC-USD,69391.53457,76396.94839,69324.83328,75596.39975
1730937600,07/11/2024,BTC-USD,75596.39975,76905.44827,74455.3755,75901.99317
1731024000,08/11/2024,BTC-USD,75901.99317,77240.09546,75650.80447,76552.85499
1731110400,09/11/2024,BTC-USD,76552.85499,76934.8053,75761.71289,76715.8795
1731196800,10/11/2024,BTC-USD,76715.8795,81369.58933,76561.44486,80406.65016
1731283200,11/11/2024,BTC-USD,80406.65016,89583.68608,80265.48845,88728.95084
1731369600,12/11/2024,BTC-USD,88728.95084,89992.72765,85182.04944,88056.95209
1731456000,13/11/2024,BTC-USD,88056.95209,93408.25695,86285.24435,90511.42188
1731542400,14/11/2024,BTC-USD,90511.42188,91802.11557,86716.72059,87344.18985
1731628800,15/11/2024,BTC-USD,87344.18985,91875.55649,87157.64971,91076.81194
1731715200,16/11/2024,BTC-USD,91076.81194,91789.38805,90109.7796,90584.29116
1731801600,17/11/2024,BTC-USD,90584.29116,91441.85633,88798.49131,89875.56466
1731888000,18/11/2024,BTC-USD,89875.56466,92585.15638,89182.51428,90534.64572
1731974400,19/11/2024,BTC-USD,90534.64572,93990.75008,90436.91091,92393.08547
1732060800,20/11/2024,BTC-USD,92393.08547,94910.17982,91632.48265,94369.33658
1732147200,21/11/2024,BTC-USD,94369.33658,98977.84002,94161.56025,98402.19499
1732233600,22/11/2024,BTC-USD,98402.19499,99639.33825,97187.43297,98943.49775
1732320000,23/11/2024,BTC-USD,98943.49775,98944.03433,97209.53289,97724.49506
1732406400,24/11/2024,BTC-USD,97724.49506,98605.73004,95780.27611,97967.29514
1732492800,25/11/2024,BTC-USD,97967.29514,98877.91974,92684.262,93025.1293
1732579200,26/11/2024,BTC-USD,93025.1293,95002.0886,90799.77516,91940.193
1732665600,27/11/2024,BTC-USD,91940.193,97336.3587,91780.47667,95947.0831
1732752000,28/11/2024,BTC-USD,95947.0831,96643.18839,94681.74214,95666.21932
1732838400,29/11/2024,BTC-USD,95666.21932,98693.23884,95404.76179,97490.152
1732924800,30/11/2024,BTC-USD,97490.152,97490.80439,96145.67225,96479.24394
1733011200,01/12/2024,BTC-USD,96479.24394,97844.96915,95789.93135,97240.3354
1733097600,02/12/2024,BTC-USD,97240.3354,98152.68804,94526.70403,95862.94399
1733184000,03/12/2024,BTC-USD,95862.94399,96284.475,93688.77839,95871.93351
1733270400,04/12/2024,BTC-USD,95871.93351,99177.51618,94690.93389,98734.32005
1733356800,05/12/2024,BTC-USD,98734.32005,103713.6671,93468.33991,97050.02706
1733443200,06/12/2024,BTC-USD,97050.02706,102006.4302,96475.20974,99866.45104
1733529600,07/12/2024,BTC-USD,99866.45104,100533.3654,99063.07387,99921.21604
1733616000,08/12/2024,BTC-USD,99921.21604,101375.6187,98768.12755,101164.7895
1733702400,09/12/2024,BTC-USD,101164.7895,101246.072,94915.21736,97406.97159
1733788800,10/12/2024,BTC-USD,97406.97159,98267.21638,94334.34969,96657.04072
1733875200,11/12/2024,BTC-USD,96657.04072,101904.0364,95738.71603,101169.6685
1733961600,12/12/2024,BTC-USD,101169.6685,102508.5088,99349.37645,100028.9196
1734048000,13/12/2024,BTC-USD,100028.9196,101880.7821,99238.29502,101446.4372
1734134400,14/12/2024,BTC-USD,101446.4372,102620.1035,100622.6545,101400.8399
1734220800,15/12/2024,BTC-USD,101400.8399,105017.7119,101229.9618,104389.4749
1734307200,16/12/2024,BTC-USD,104389.4749,107778.434,103349.102,106079.0904
1734393600,17/12/2024,BTC-USD,106079.0904,108266.7075,105395.743,106168.8583
1734480000,18/12/2024,BTC-USD,106168.8583,106498.3084,100052.3505,100187.2658
1734566400,19/12/2024,BTC-USD,100187.2658,102780.7415,95633.84654,97472.65505
1734652800,20/12/2024,BTC-USD,97472.65505,98133.76171,92263.6028,97868.82178
1734739200,21/12/2024,BTC-USD,97868.82178,99581.03003,96491.88978,97234.46053
1734825600,22/12/2024,BTC-USD,97234.46053,97381.73315,94228.12683,95112.75225
1734912000,23/12/2024,BTC-USD,95112.75225,96464.10287,92475.9775,94812.18506
1734998400,24/12/2024,BTC-USD,94812.18506,99443.90374,93498.53362,98646.23986
1735084800,25/12/2024,BTC-USD,98646.23986,99517.20788,97671.99975,99390.05551
1735171200,26/12/2024,BTC-USD,99390.05551,99923.34392,95169.22401,95736.32434
1735257600,27/12/2024,BTC-USD,95736.32434,97199.81983,93393.63496,94209.45417
1735344000,28/12/2024,BTC-USD,94209.45417,95515.18028,94048.4898,95157.28837
1735430400,29/12/2024,BTC-USD,95157.28837,95186.11795,92919.10205,93615.04302
1735516800,30/12/2024,BTC-USD,93615.04302,94923.59317,91374.96075,92671.5245
1735603200,31/12/2024,BTC-USD,92671.5245,96133.54868,91932.87325,93441.69839
1735689600,01/01/2025,BTC-USD,93441.69839,94979.09795,92848.11363,94451.94037
1735776000,02/01/2025,BTC-USD,94451.94037,97755.61367,94260.08677,96919.34841
1735862400,03/01/2025,BTC-USD,96919.34841,98944.60159,96044.98178,98141.02861
1735948800,04/01/2025,BTC-USD,98141.02861,98751.6348,97565.13209,98216.37305
1736035200,05/01/2025,BTC-USD,98216.37305,98802.20114,97278.78196,98346.78689
1736121600,06/01/2025,BTC-USD,98346.78689,102490.9803,97916.50917,102280.8731
1736208000,07/01/2025,BTC-USD,102280.8731,102713.7313,96177.42245,96974.63501
1736294400,08/01/2025,BTC-USD,96974.63501,97292.11571,92645.24945,95087.27175
1736380800,09/01/2025,BTC-USD,95087.27175,95376.24657,91266.67713,92580.98128
1736467200,10/01/2025,BTC-USD,92580.98128,95784.33287,92324.81964,94735.72506
1736553600,11/01/2025,BTC-USD,94735.72506,95005.13757,93859.28061,94586.62649
1736640000,12/01/2025,BTC-USD,94586.62649,95365.18489,93696.08571,94524.06682
1736726400,13/01/2025,BTC-USD,94524.06682,95869.04591,89669.60382,94542.56748
1736812800,14/01/2025,BTC-USD,94542.56748,97369.89534,94368.89442,96554.03949
1736899200,15/01/2025,BTC-USD,96554.03949,100704.4799,96498.01699,100509.3133
1736985600,16/01/2025,BTC-USD,100509.3133,100843.3652,97371.87045,99993.51611
1737072000,17/01/2025,BTC-USD,99993.51611,105915.2362,99958.95648,104114.6788
1737158400,18/01/2025,BTC-USD,104114.6788,104951.8255,102289.0523,104441.3979
1737244800,19/01/2025,BTC-USD,104441.3979,106296.7325,99751.6037,101292.6412
1737331200,20/01/2025,BTC-USD,101292.6412,109134.7867,99563.70603,102228.2537
1737417600,21/01/2025,BTC-USD,102228.2537,107246.7057,100141.7416,106188.1359
1737504000,22/01/2025,BTC-USD,106188.1359,106372.8296,103385.6407,103692.1004
1737590400,23/01/2025,BTC-USD,103692.1004,106864.3953,101281.8008,103962.5966
,01/01/1970,BTC-USD,103962.5966,107167.6949,102810.8928,104906.6787
1737763200,25/01/2025,BTC-USD,104906.6787,105318.1472,104125.337,104796.4542
1737849600,26/01/2025,BTC-USD,104796.4542,105485.7264,102504.239,102606.7956
1737936000,27/01/2025,BTC-USD,102606.7956,103220.281,97832.53498,102090.5653
1738022400,28/01/2025,BTC-USD,102090.5653,103747.1237,100250.4042,101300.368
1738108800,29/01/2025,BTC-USD,101300.368,104763.0778,101296.9948,103745.3699
1738195200,30/01/2025,BTC-USD,103745.3699,106473.552,103345.4314,104789.9407
1738281600,31/01/2025,BTC-USD,104789.9407,106054.7907,101549.982,102459.5833
1738368000,01/02/2025,BTC-USD,102459.5833,102805.7385,100279.8028,100631.0597
1738454400,02/02/2025,BTC-USD,100631.0597,101447.4498,96292.20447,97678.77197
1738540800,03/02/2025,BTC-USD,97678.77197,102504.815,91687.28548,101436.4078
1738627200,04/02/2025,BTC-USD,101436.4078,101774.5691,95924.44924,97804.23852
1738713600,05/02/2025,BTC-USD,97804.23852,99140.65927,96187.4353,96625.26132
1738800000,06/02/2025,BTC-USD,96625.26132,99199.78616,95726.65036,96579.8329
1738886400,07/02/2025,BTC-USD,96579.8329,100180.304,95668.47917,96539.79819
1738972800,08/02/2025,BTC-USD,96539.79819,96897.02726,95722.79393,96479.31979
1739059200,09/02/2025,BTC-USD,96479.31979,97342.88685,94775.21093,96502.80082
1739145600,10/02/2025,BTC-USD,96502.80082,98370.75049,95314.92854,97490.29917
1739232000,11/02/2025,BTC-USD,97490.29917,98528.73784,94887.32505,95827.65284
1739318400,12/02/2025,BTC-USD,95827.65284,98145.02129,94193.12418,97915.29008
1739404800,13/02/2025,BTC-USD,97915.29008,98131.85821,95308.40564,96678.81461
1739491200,14/02/2025,BTC-USD,96678.81461,98883.79152,96373.59862,97553.75529
1739577600,15/02/2025,BTC-USD,97553.75529,98020.01111,97290.14679,97642.79204
1739664000,16/02/2025,BTC-USD,97642.79204,97774.3692,96089.31501,96157.60424
1739750400,17/02/2025,BTC-USD,96157.60424,97074.56796,95269.38443,95837.33621
1739836800,18/02/2025,BTC-USD,95837.33621,96764.04114,93418.04429,95671.89629
1739923200,19/02/2025,BTC-USD,95671.89629,96888.333,95083.08826,96685.07394
1740009600,20/02/2025,BTC-USD,96685.07394,98784.30007,96480.53116,98356.254
1740096000,21/02/2025,BTC-USD,98356.254,99524.8197,94876.21505,96153.83356
1740182400,22/02/2025,BTC-USD,96153.83356,96980.80205,95784.68163,96587.53882
1740268800,23/02/2025,BTC-USD,96587.53882,96691.29696,95284.00165,96292.84733
1740355200,24/02/2025,BTC-USD,96292.84733,96531.48444,91422.94183,91605.46176
1740441600,25/02/2025,BTC-USD,91605.46176,92600.48956,86099.37785,88688.62355
1740528000,26/02/2025,BTC-USD,88688.62355,89379.07858,82335.88431,84197.43002
1740614400,27/02/2025,BTC-USD,84197.43002,87053.29384,82719.18518,84718.82751
1740700800,28/02/2025,BTC-USD,84718.82751,85094.77868,78337.94986,84391.49973
1740787200,01/03/2025,BTC-USD,84391.49973,86595.18427,83866.78438,86090.43514
1740873600,02/03/2025,BTC-USD,86090.43514,95136.12003,85143.63607,94381.50929
1740960000,03/03/2025,BTC-USD,94381.50929,94509.2979,85183.84473,86233.54884
1741046400,04/03/2025,BTC-USD,86233.54884,88987.42539,81616.73823,87322.73575
1741132800,05/03/2025,BTC-USD,87322.73575,91031.97814,86445.35256,90671.37855
1741219200,06/03/2025,BTC-USD,90671.37855,92864.27076,87913.92558,89991.54262
1741305600,07/03/2025,BTC-USD,89991.54262,91209.49658,84859.45824,86823.18798
1741392000,08/03/2025,BTC-USD,86823.18798,86920.28813,85314.8534,86293.86037
1741478400,09/03/2025,BTC-USD,86293.86037,86585.51417,80116.57909,80795.44919
1741564800,10/03/2025,BTC-USD,80795.44919,83987.38405,77529.7821,78626.41482
1741651200,11/03/2025,BTC-USD,78626.41482,83619.67871,76722.27718,82965.87701
1741737600,12/03/2025,BTC-USD,82965.87701,84262.80734,80678.32043,83701.89838
1741824000,13/03/2025,BTC-USD,83701.89838,84324.34477,79983.558,81121.00053
1741910400,14/03/2025,BTC-USD,81121.00053,85319.08507,80845.13541,84019.44429
1741996800,15/03/2025,BTC-USD,84019.44429,84712.30822,83672.12808,84378.87016
1742083200,16/03/2025,BTC-USD,84378.87016,84995.79096,82032.52933,82599.04088
1742169600,17/03/2025,BTC-USD,82599.04088,84746.25748,82532.33052,84039.02748
1742256000,18/03/2025,BTC-USD,84039.02748,84045.51038,81194.93691,82744.9207
1742342400,19/03/2025,BTC-USD,82744.9207,87039.22721,82593.84333,86873.41635
1742428800,20/03/2025,BTC-USD,86873.41635,87453.09352,83659.35292,84205.68998
1742515200,21/03/2025,BTC-USD,84205.68998,84815.16011,83193.24717,84083.69738
1742601600,22/03/2025,BTC-USD,84083.69738,84519.62473,83701.4828,83859.67703
1742688000,23/03/2025,BTC-USD,83859.67703,86135.01453,83832.17314,86108.34593
1742774400,24/03/2025,BTC-USD,86108.34593,87296.17663,85571.83641,87183.54373